{
  "type": "FeatureCollection",
  "name": "I-595 classified ramps and connectors",
  "metadata": {
    "feature_count": 165,
    "source": "OpenStreetMap / Overpass",
    "classification": {
      "function": "Derived from topology, connected facility, interchange grouping, and OSM destination tags",
      "structure": "Derived from OSM bridge/layer tags",
      "warning": "Flyover vs overpass should be treated as inferred unless verified with imagery/FDOT engineering plans"
    }
  },
  "features": [
    {
      "type": "Feature",
      "properties": {
        "@id": "way/10787335",
        "destination": "Davie Road",
        "hgv": "yes",
        "highway": "motorway_link",
        "junction:ref": "7",
        "lanes": "1",
        "lit": "yes",
        "oneway": "yes",
        "surface": "asphalt",
        "corridor": "I-595",
        "road_type": "RAMP_CONNECTOR",
        "interchange_group": "DAVIE_RD",
        "movement_type": "EXIT_FROM_I595",
        "connected_facility": "I595_GP_WB",
        "validation": "TOPOLOGY_CONFIRMED",
        "validation_rule": "Directed OSM motorway_link chain starts from or ends at I-595 EB/WB mainline",
        "osm_way_id": "way/10787335",
        "source": "OpenStreetMap / Overpass",
        "asset_type": "RAMP",
        "ramp_type": "EXIT_RAMP",
        "function_confidence": "HIGH",
        "direction": "WB",
        "from_road": "I-595",
        "to_road": "Davie Road",
        "road_inference_basis": "TAG",
        "elevated": false,
        "structure_type": "AT_GRADE_OR_UNKNOWN",
        "structure_confidence": "LOW",
        "interchange": "DAVIE_RD",
        "cesium_category": "EXIT_RAMP",
        "review_note": "Function is topology-derived. Structure type is inferred from OSM bridge/layer tags; FLYOVER/OVERPASS distinctions should be verified against imagery or FDOT plans."
      },
      "geometry": {
        "type": "LineString",
        "coordinates": [
          [
            -80.2218014,
            26.092526
          ],
          [
            -80.2221572,
            26.0926995
          ],
          [
            -80.2228872,
            26.0928939
          ],
          [
            -80.2238462,
            26.0931307
          ],
          [
            -80.2242351,
            26.0932158
          ],
          [
            -80.2251331,
            26.0934158
          ]
        ]
      }
    },
    {
      "type": "Feature",
      "properties": {
        "@id": "way/40268545",
        "destination": "Miami",
        "destination:ref": "I 95 South",
        "highway": "motorway_link",
        "junction:ref": "10B",
        "lanes": "2",
        "lit": "no",
        "oneway": "yes",
        "surface": "asphalt",
        "corridor": "I-595",
        "road_type": "RAMP_CONNECTOR",
        "interchange_group": "I95",
        "movement_type": "EXIT_FROM_I595",
        "connected_facility": "I595_GP_EB",
        "validation": "TOPOLOGY_CONFIRMED",
        "validation_rule": "Directed OSM motorway_link chain starts from or ends at I-595 EB/WB mainline",
        "osm_way_id": "way/40268545",
        "source": "OpenStreetMap / Overpass",
        "asset_type": "RAMP",
        "ramp_type": "INTERCHANGE_CONNECTOR",
        "function_confidence": "HIGH",
        "direction": "EB",
        "from_road": "I-595",
        "to_road": "I-95",
        "road_inference_basis": "INTERCHANGE_GROUP",
        "elevated": false,
        "structure_type": "AT_GRADE_OR_UNKNOWN",
        "structure_confidence": "LOW",
        "interchange": "I95",
        "cesium_category": "INTERCHANGE_CONNECTOR",
        "review_note": "Function is topology-derived. Structure type is inferred from OSM bridge/layer tags; FLYOVER/OVERPASS distinctions should be verified against imagery or FDOT plans."
      },
      "geometry": {
        "type": "LineString",
        "coordinates": [
          [
            -80.1726007,
            26.0824295
          ],
          [
            -80.1722105,
            26.0823302
          ],
          [
            -80.1718873,
            26.0822443
          ],
          [
            -80.1716181,
            26.0821854
          ],
          [
            -80.1713406,
            26.0821148
          ]
        ]
      }
    },
    {
      "type": "Feature",
      "properties": {
        "@id": "way/40268763",
        "bridge": "yes",
        "destination": "Miami",
        "destination:ref": "I 95 South",
        "highway": "motorway_link",
        "junction:ref": "10B",
        "lanes": "2",
        "layer": "1",
        "lit": "no",
        "oneway": "yes",
        "surface": "concrete",
        "corridor": "I-595",
        "road_type": "RAMP_CONNECTOR",
        "interchange_group": "I95",
        "movement_type": "OUTBOUND_CONNECTOR_CHAIN",
        "connected_facility": "I595_NETWORK",
        "validation": "TOPOLOGY_CONFIRMED",
        "validation_rule": "Directed OSM motorway_link chain starts from or ends at I-595 EB/WB mainline",
        "osm_way_id": "way/40268763",
        "source": "OpenStreetMap / Overpass",
        "asset_type": "RAMP",
        "ramp_type": "INTERCHANGE_CONNECTOR",
        "function_confidence": "MEDIUM",
        "direction": "EB",
        "from_road": "I-595 network",
        "to_road": "I-95",
        "road_inference_basis": "INTERCHANGE_GROUP",
        "elevated": true,
        "structure_type": "FLYOVER_OR_OVERPASS",
        "structure_confidence": "HIGH",
        "interchange": "I95",
        "cesium_category": "INTERCHANGE_CONNECTOR",
        "review_note": "Function is topology-derived. Structure type is inferred from OSM bridge/layer tags; FLYOVER/OVERPASS distinctions should be verified against imagery or FDOT plans."
      },
      "geometry": {
        "type": "LineString",
        "coordinates": [
          [
            -80.1713406,
            26.0821148
          ],
          [
            -80.1711548,
            26.0820549
          ],
          [
            -80.1709487,
            26.0819704
          ],
          [
            -80.1707367,
            26.0818677
          ],
          [
            -80.1705306,
            26.0817447
          ],
          [
            -80.1703496,
            26.0816174
          ],
          [
            -80.1701674,
            26.0814676
          ],
          [
            -80.1700197,
            26.08132
          ],
          [
            -80.1698779,
            26.0811616
          ],
          [
            -80.1697409,
            26.0809798
          ],
          [
            -80.1696314,
            26.0807968
          ],
          [
            -80.1695717,
            26.0806741
          ],
          [
            -80.1695142,
            26.0805435
          ]
        ]
      }
    },
    {
      "type": "Feature",
      "properties": {
        "@id": "way/40268765",
        "destination": "Miami",
        "destination:ref": "I 95 South",
        "highway": "motorway_link",
        "junction:ref": "10B",
        "lanes": "2",
        "lit": "no",
        "oneway": "yes",
        "surface": "asphalt",
        "corridor": "I-595",
        "road_type": "RAMP_CONNECTOR",
        "interchange_group": "I95",
        "movement_type": "OUTBOUND_CONNECTOR_CHAIN",
        "connected_facility": "I595_NETWORK",
        "validation": "TOPOLOGY_CONFIRMED",
        "validation_rule": "Directed OSM motorway_link chain starts from or ends at I-595 EB/WB mainline",
        "osm_way_id": "way/40268765",
        "source": "OpenStreetMap / Overpass",
        "asset_type": "RAMP",
        "ramp_type": "INTERCHANGE_CONNECTOR",
        "function_confidence": "MEDIUM",
        "direction": "SB",
        "from_road": "I-595 network",
        "to_road": "I-95",
        "road_inference_basis": "INTERCHANGE_GROUP",
        "elevated": false,
        "structure_type": "AT_GRADE_OR_UNKNOWN",
        "structure_confidence": "LOW",
        "interchange": "I95",
        "cesium_category": "INTERCHANGE_CONNECTOR",
        "review_note": "Function is topology-derived. Structure type is inferred from OSM bridge/layer tags; FLYOVER/OVERPASS distinctions should be verified against imagery or FDOT plans."
      },
      "geometry": {
        "type": "LineString",
        "coordinates": [
          [
            -80.1695142,
            26.0805435
          ],
          [
            -80.1694496,
            26.0803762
          ],
          [
            -80.169389,
            26.0801981
          ],
          [
            -80.1693467,
            26.0800091
          ],
          [
            -80.1693144,
            26.079831
          ],
          [
            -80.1692982,
            26.0796591
          ],
          [
            -80.16927,
            26.0792475
          ],
          [
            -80.1691895,
            26.0780247
          ]
        ]
      }
    },
    {
      "type": "Feature",
      "properties": {
        "@id": "way/40268802",
        "bridge": "yes",
        "destination": "Miami",
        "destination:ref": "I 95 South",
        "highway": "motorway_link",
        "junction:ref": "10B",
        "lanes": "2",
        "layer": "1",
        "lit": "no",
        "oneway": "yes",
        "surface": "concrete",
        "corridor": "I-595",
        "road_type": "RAMP_CONNECTOR",
        "interchange_group": "I95",
        "movement_type": "OUTBOUND_CONNECTOR_CHAIN",
        "connected_facility": "I595_NETWORK",
        "validation": "TOPOLOGY_CONFIRMED",
        "validation_rule": "Directed OSM motorway_link chain starts from or ends at I-595 EB/WB mainline",
        "osm_way_id": "way/40268802",
        "source": "OpenStreetMap / Overpass",
        "asset_type": "RAMP",
        "ramp_type": "INTERCHANGE_CONNECTOR",
        "function_confidence": "MEDIUM",
        "direction": "WB",
        "from_road": "I-595 network",
        "to_road": "I-95",
        "road_inference_basis": "INTERCHANGE_GROUP",
        "elevated": true,
        "structure_type": "FLYOVER_OR_OVERPASS",
        "structure_confidence": "HIGH",
        "interchange": "I95",
        "cesium_category": "INTERCHANGE_CONNECTOR",
        "review_note": "Function is topology-derived. Structure type is inferred from OSM bridge/layer tags; FLYOVER/OVERPASS distinctions should be verified against imagery or FDOT plans."
      },
      "geometry": {
        "type": "LineString",
        "coordinates": [
          [
            -80.1671702,
            26.0837318
          ],
          [
            -80.1673339,
            26.083778
          ],
          [
            -80.1675399,
            26.083832
          ],
          [
            -80.1678145,
            26.0838782
          ],
          [
            -80.1680634,
            26.0838782
          ],
          [
            -80.1683038,
            26.0838551
          ],
          [
            -80.1685441,
            26.0838088
          ],
          [
            -80.1688445,
            26.0837163
          ],
          [
            -80.1690691,
            26.0836094
          ],
          [
            -80.1693211,
            26.083441
          ]
        ]
      }
    },
    {
      "type": "Feature",
      "properties": {
        "@id": "way/40268807",
        "destination": "Miami",
        "destination:ref": "I 95 South",
        "highway": "motorway_link",
        "junction:ref": "10B",
        "lanes": "2",
        "lit": "no",
        "oneway": "yes",
        "surface": "asphalt",
        "corridor": "I-595",
        "road_type": "RAMP_CONNECTOR",
        "interchange_group": "I95",
        "movement_type": "OUTBOUND_CONNECTOR_CHAIN",
        "connected_facility": "I595_NETWORK",
        "validation": "TOPOLOGY_CONFIRMED",
        "validation_rule": "Directed OSM motorway_link chain starts from or ends at I-595 EB/WB mainline",
        "osm_way_id": "way/40268807",
        "source": "OpenStreetMap / Overpass",
        "asset_type": "RAMP",
        "ramp_type": "INTERCHANGE_CONNECTOR",
        "function_confidence": "MEDIUM",
        "direction": "SB",
        "from_road": "I-595 network",
        "to_road": "I-95",
        "road_inference_basis": "INTERCHANGE_GROUP",
        "elevated": false,
        "structure_type": "AT_GRADE_OR_UNKNOWN",
        "structure_confidence": "LOW",
        "interchange": "I95",
        "cesium_category": "INTERCHANGE_CONNECTOR",
        "review_note": "Function is topology-derived. Structure type is inferred from OSM bridge/layer tags; FLYOVER/OVERPASS distinctions should be verified against imagery or FDOT plans."
      },
      "geometry": {
        "type": "LineString",
        "coordinates": [
          [
            -80.1693211,
            26.083441
          ],
          [
            -80.1694665,
            26.0833113
          ],
          [
            -80.169602,
            26.0831838
          ],
          [
            -80.1697273,
            26.083035
          ],
          [
            -80.1698326,
            26.0828929
          ],
          [
            -80.1699363,
            26.0827184
          ],
          [
            -80.170025,
            26.0825327
          ],
          [
            -80.1700754,
            26.0823846
          ],
          [
            -80.1701108,
            26.0822433
          ],
          [
            -80.1701293,
            26.0821083
          ],
          [
            -80.1701377,
            26.0819846
          ],
          [
            -80.1701311,
            26.0817823
          ],
          [
            -80.1701044,
            26.0815396
          ],
          [
            -80.1700674,
            26.0813145
          ],
          [
            -80.1700128,
            26.0810704
          ],
          [
            -80.1698951,
            26.0806271
          ],
          [
            -80.1697787,
            26.0801781
          ],
          [
            -80.1694555,
            26.0788328
          ],
          [
            -80.1693246,
            26.0781875
          ],
          [
            -80.1691168,
            26.0772892
          ]
        ]
      }
    },
    {
      "type": "Feature",
      "properties": {
        "@id": "way/40268870",
        "destination": "Port Everglades;Fort Lauderdale-Hollywood International Airport",
        "destination:ref": "I 595 East",
        "destination:symbol": "airport",
        "highway": "motorway_link",
        "lanes": "2",
        "lit": "no",
        "maxspeed:advisory": "40 mph",
        "oneway": "yes",
        "surface": "asphalt",
        "corridor": "I-595",
        "road_type": "RAMP_CONNECTOR",
        "interchange_group": "SR7_US441",
        "movement_type": "ENTRY_TO_I595",
        "connected_facility": "I595_GP_EB",
        "validation": "TOPOLOGY_CONFIRMED",
        "validation_rule": "Directed OSM motorway_link chain starts from or ends at I-595 EB/WB mainline",
        "osm_way_id": "way/40268870",
        "source": "OpenStreetMap / Overpass",
        "asset_type": "RAMP",
        "ramp_type": "ENTRY_RAMP",
        "function_confidence": "HIGH",
        "direction": "EB",
        "from_road": "US-441 / SR-7",
        "to_road": "I-595",
        "road_inference_basis": "INTERCHANGE_GROUP",
        "elevated": false,
        "structure_type": "AT_GRADE_OR_UNKNOWN",
        "structure_confidence": "LOW",
        "interchange": "SR7_US441",
        "cesium_category": "ENTRY_RAMP",
        "review_note": "Function is topology-derived. Structure type is inferred from OSM bridge/layer tags; FLYOVER/OVERPASS distinctions should be verified against imagery or FDOT plans."
      },
      "geometry": {
        "type": "LineString",
        "coordinates": [
          [
            -80.1679999,
            26.0766574
          ],
          [
            -80.168075,
            26.077302
          ],
          [
            -80.1680901,
            26.0774745
          ],
          [
            -80.1680984,
            26.0776458
          ],
          [
            -80.1681037,
            26.0777935
          ],
          [
            -80.1681028,
            26.0779503
          ],
          [
            -80.1681,
            26.0780929
          ],
          [
            -80.1680945,
            26.0782266
          ],
          [
            -80.1680849,
            26.0783628
          ],
          [
            -80.1680668,
            26.078518
          ],
          [
            -80.1680494,
            26.0786624
          ],
          [
            -80.168029,
            26.0787982
          ],
          [
            -80.1680011,
            26.0789526
          ],
          [
            -80.1679646,
            26.0791184
          ],
          [
            -80.1679207,
            26.0792937
          ],
          [
            -80.1678772,
            26.0794556
          ],
          [
            -80.1678262,
            26.0796167
          ],
          [
            -80.1677717,
            26.079772
          ],
          [
            -80.1677162,
            26.0799079
          ],
          [
            -80.1676358,
            26.0800773
          ],
          [
            -80.1675549,
            26.0802182
          ],
          [
            -80.1674734,
            26.080344
          ],
          [
            -80.167393,
            26.0804534
          ],
          [
            -80.1672889,
            26.0805709
          ],
          [
            -80.1671729,
            26.0806851
          ],
          [
            -80.1670632,
            26.0807834
          ],
          [
            -80.1669457,
            26.0808786
          ],
          [
            -80.1668206,
            26.0809637
          ],
          [
            -80.166702,
            26.0810363
          ],
          [
            -80.1665782,
            26.0811078
          ],
          [
            -80.166433,
            26.0811756
          ],
          [
            -80.1662937,
            26.0812311
          ],
          [
            -80.1661517,
            26.0812745
          ],
          [
            -80.1660276,
            26.0813091
          ],
          [
            -80.1658756,
            26.0813434
          ],
          [
            -80.1657347,
            26.0813688
          ],
          [
            -80.1655984,
            26.0813895
          ],
          [
            -80.1654535,
            26.0814032
          ],
          [
            -80.1653094,
            26.081414
          ],
          [
            -80.165184,
            26.0814216
          ],
          [
            -80.1650203,
            26.0814272
          ],
          [
            -80.1648333,
            26.0814329
          ],
          [
            -80.1646522,
            26.0814372
          ],
          [
            -80.1644866,
            26.0814376
          ],
          [
            -80.1643131,
            26.0814371
          ],
          [
            -80.1641497,
            26.0814323
          ],
          [
            -80.163967,
            26.0814262
          ],
          [
            -80.163808,
            26.08142
          ],
          [
            -80.1635906,
            26.0814043
          ],
          [
            -80.1630808,
            26.0814409
          ]
        ]
      }
    },
    {
      "type": "Feature",
      "properties": {
        "@id": "way/40268923",
        "destination:ref": "I 595 West",
        "destination:ref:to": "I 75",
        "destination:to": "Florida's Turnpike",
        "highway": "motorway_link",
        "lanes": "2",
        "lit": "no",
        "oneway": "yes",
        "surface": "asphalt",
        "corridor": "I-595",
        "road_type": "RAMP_CONNECTOR",
        "interchange_group": "SR7_US441",
        "movement_type": "INBOUND_CONNECTOR_CHAIN",
        "connected_facility": "I595_NETWORK",
        "validation": "TOPOLOGY_CONFIRMED",
        "validation_rule": "Directed OSM motorway_link chain starts from or ends at I-595 EB/WB mainline",
        "osm_way_id": "way/40268923",
        "source": "OpenStreetMap / Overpass",
        "asset_type": "RAMP",
        "ramp_type": "INTERCHANGE_RAMP",
        "function_confidence": "MEDIUM",
        "direction": "NB",
        "from_road": "US-441 / SR-7",
        "to_road": "I-595 network",
        "road_inference_basis": "INTERCHANGE_GROUP",
        "elevated": false,
        "structure_type": "AT_GRADE_OR_UNKNOWN",
        "structure_confidence": "LOW",
        "interchange": "SR7_US441",
        "cesium_category": "INTERCHANGE_RAMP",
        "review_note": "Function is topology-derived. Structure type is inferred from OSM bridge/layer tags; FLYOVER/OVERPASS distinctions should be verified against imagery or FDOT plans."
      },
      "geometry": {
        "type": "LineString",
        "coordinates": [
          [
            -80.1679999,
            26.0766574
          ],
          [
            -80.1681402,
            26.0772963
          ],
          [
            -80.1681892,
            26.0775613
          ],
          [
            -80.168235,
            26.0778837
          ],
          [
            -80.168264,
            26.0781165
          ],
          [
            -80.1682861,
            26.0783936
          ],
          [
            -80.1683035,
            26.0786867
          ],
          [
            -80.1683095,
            26.078945
          ],
          [
            -80.1683028,
            26.0791664
          ],
          [
            -80.1682932,
            26.0793903
          ],
          [
            -80.1682765,
            26.0796001
          ],
          [
            -80.1682544,
            26.0798044
          ],
          [
            -80.1682153,
            26.0801526
          ],
          [
            -80.1682007,
            26.0803177
          ]
        ]
      }
    },
    {
      "type": "Feature",
      "properties": {
        "@id": "way/40268938",
        "destination": "I 75;Turnpike",
        "destination:ref": "I 595 West",
        "destination:ref:to": "I 75",
        "highway": "motorway_link",
        "lanes": "2",
        "lit": "no",
        "oneway": "yes",
        "surface": "asphalt",
        "corridor": "I-595",
        "road_type": "RAMP_CONNECTOR",
        "interchange_group": "FLORIDAS_TURNPIKE",
        "movement_type": "ENTRY_TO_I595",
        "connected_facility": "I595_GP_WB",
        "validation": "TOPOLOGY_CONFIRMED",
        "validation_rule": "Directed OSM motorway_link chain starts from or ends at I-595 EB/WB mainline",
        "osm_way_id": "way/40268938",
        "source": "OpenStreetMap / Overpass",
        "asset_type": "RAMP",
        "ramp_type": "INTERCHANGE_CONNECTOR",
        "function_confidence": "HIGH",
        "direction": "WB",
        "from_road": "I-75",
        "to_road": "I-595",
        "road_inference_basis": "TAG",
        "elevated": false,
        "structure_type": "AT_GRADE_OR_UNKNOWN",
        "structure_confidence": "LOW",
        "interchange": "FLORIDAS_TURNPIKE",
        "cesium_category": "INTERCHANGE_CONNECTOR",
        "review_note": "Function is topology-derived. Structure type is inferred from OSM bridge/layer tags; FLYOVER/OVERPASS distinctions should be verified against imagery or FDOT plans."
      },
      "geometry": {
        "type": "LineString",
        "coordinates": [
          [
            -80.1713728,
            26.083012
          ],
          [
            -80.1722406,
            26.0830006
          ],
          [
            -80.1728039,
            26.0830218
          ],
          [
            -80.1736348,
            26.0831004
          ],
          [
            -80.1743178,
            26.0831593
          ],
          [
            -80.1753514,
            26.0832528
          ],
          [
            -80.1758994,
            26.0832782
          ]
        ]
      }
    },
    {
      "type": "Feature",
      "properties": {
        "@id": "way/40268943",
        "bridge": "yes",
        "destination": "I 75;Turnpike",
        "destination:ref": "I 595 West",
        "destination:ref:to": "I 75",
        "highway": "motorway_link",
        "lanes": "2",
        "layer": "2",
        "lit": "no",
        "oneway": "yes",
        "surface": "concrete",
        "corridor": "I-595",
        "road_type": "RAMP_CONNECTOR",
        "interchange_group": "FLORIDAS_TURNPIKE",
        "movement_type": "INBOUND_CONNECTOR_CHAIN",
        "connected_facility": "I595_NETWORK",
        "validation": "TOPOLOGY_CONFIRMED",
        "validation_rule": "Directed OSM motorway_link chain starts from or ends at I-595 EB/WB mainline",
        "osm_way_id": "way/40268943",
        "source": "OpenStreetMap / Overpass",
        "asset_type": "RAMP",
        "ramp_type": "INTERCHANGE_CONNECTOR",
        "function_confidence": "MEDIUM",
        "direction": "WB",
        "from_road": "I-75",
        "to_road": "I-595 network",
        "road_inference_basis": "TAG",
        "elevated": true,
        "structure_type": "FLYOVER_OR_OVERPASS",
        "structure_confidence": "HIGH",
        "interchange": "FLORIDAS_TURNPIKE",
        "cesium_category": "INTERCHANGE_CONNECTOR",
        "review_note": "Function is topology-derived. Structure type is inferred from OSM bridge/layer tags; FLYOVER/OVERPASS distinctions should be verified against imagery or FDOT plans."
      },
      "geometry": {
        "type": "LineString",
        "coordinates": [
          [
            -80.1682007,
            26.0803177
          ],
          [
            -80.1681904,
            26.0804165
          ],
          [
            -80.1681766,
            26.0805638
          ],
          [
            -80.1681769,
            26.0807307
          ],
          [
            -80.168186,
            26.0808806
          ],
          [
            -80.1682003,
            26.081004
          ],
          [
            -80.1682189,
            26.0811208
          ],
          [
            -80.1682542,
            26.0812526
          ],
          [
            -80.1682924,
            26.0813713
          ],
          [
            -80.1683582,
            26.0815558
          ],
          [
            -80.1684313,
            26.0817116
          ],
          [
            -80.1685391,
            26.0818816
          ],
          [
            -80.1686405,
            26.0820185
          ],
          [
            -80.1687829,
            26.0821811
          ],
          [
            -80.1689345,
            26.0823331
          ],
          [
            -80.1690504,
            26.0824319
          ],
          [
            -80.1691706,
            26.082521
          ],
          [
            -80.169306,
            26.0826068
          ],
          [
            -80.1694533,
            26.0826907
          ],
          [
            -80.1695911,
            26.0827591
          ],
          [
            -80.1697452,
            26.0828236
          ],
          [
            -80.169882,
            26.0828736
          ],
          [
            -80.1700199,
            26.0829139
          ],
          [
            -80.1701898,
            26.0829543
          ],
          [
            -80.1703316,
            26.0829809
          ],
          [
            -80.1704844,
            26.0829996
          ],
          [
            -80.1706502,
            26.0830072
          ],
          [
            -80.1710881,
            26.0830128
          ],
          [
            -80.1713728,
            26.083012
          ]
        ]
      }
    },
    {
      "type": "Feature",
      "properties": {
        "@id": "way/40308268",
        "destination": "Port Everglades;Fort Lauderdale-Hollywood International Airport",
        "destination:lanes": "Port Everglades|Fort Lauderdale-Hollywood International Airport",
        "destination:ref": "I 595 East",
        "destination:symbol": "airport",
        "highway": "motorway_link",
        "lanes": "2",
        "lit": "no",
        "oneway": "yes",
        "surface": "asphalt",
        "corridor": "I-595",
        "road_type": "RAMP_CONNECTOR",
        "interchange_group": "SR7_US441",
        "movement_type": "INBOUND_CONNECTOR_CHAIN",
        "connected_facility": "I595_NETWORK",
        "validation": "TOPOLOGY_CONFIRMED",
        "validation_rule": "Directed OSM motorway_link chain starts from or ends at I-595 EB/WB mainline",
        "osm_way_id": "way/40308268",
        "source": "OpenStreetMap / Overpass",
        "asset_type": "RAMP",
        "ramp_type": "INTERCHANGE_RAMP",
        "function_confidence": "MEDIUM",
        "direction": "SB",
        "from_road": "US-441 / SR-7",
        "to_road": "I-595 network",
        "road_inference_basis": "INTERCHANGE_GROUP",
        "elevated": false,
        "structure_type": "AT_GRADE_OR_UNKNOWN",
        "structure_confidence": "LOW",
        "interchange": "SR7_US441",
        "cesium_category": "INTERCHANGE_RAMP",
        "review_note": "Function is topology-derived. Structure type is inferred from OSM bridge/layer tags; FLYOVER/OVERPASS distinctions should be verified against imagery or FDOT plans."
      },
      "geometry": {
        "type": "LineString",
        "coordinates": [
          [
            -80.1690469,
            26.0878122
          ],
          [
            -80.1690283,
            26.0874248
          ],
          [
            -80.1690353,
            26.087232
          ],
          [
            -80.1690451,
            26.0870353
          ],
          [
            -80.1690595,
            26.0868003
          ],
          [
            -80.1690721,
            26.0865925
          ],
          [
            -80.1690879,
            26.0863798
          ],
          [
            -80.1691039,
            26.0861774
          ],
          [
            -80.1691215,
            26.0859981
          ],
          [
            -80.1691474,
            26.0857924
          ],
          [
            -80.1691726,
            26.0856133
          ],
          [
            -80.1692509,
            26.085105
          ],
          [
            -80.1692763,
            26.0849252
          ],
          [
            -80.1692958,
            26.0847643
          ],
          [
            -80.1693116,
            26.0846011
          ],
          [
            -80.1693194,
            26.0844604
          ],
          [
            -80.1693224,
            26.0843496
          ],
          [
            -80.1693232,
            26.0842407
          ],
          [
            -80.1693202,
            26.0841556
          ]
        ]
      }
    },
    {
      "type": "Feature",
      "properties": {
        "@id": "way/40308417",
        "destination:ref": "I 595 West",
        "highway": "motorway_link",
        "lanes": "2",
        "lit": "no",
        "oneway": "yes",
        "surface": "asphalt",
        "corridor": "I-595",
        "road_type": "RAMP_CONNECTOR",
        "interchange_group": "SR7_US441",
        "movement_type": "INBOUND_CONNECTOR_CHAIN",
        "connected_facility": "I595_NETWORK",
        "validation": "TOPOLOGY_CONFIRMED",
        "validation_rule": "Directed OSM motorway_link chain starts from or ends at I-595 EB/WB mainline",
        "osm_way_id": "way/40308417",
        "source": "OpenStreetMap / Overpass",
        "asset_type": "RAMP",
        "ramp_type": "INTERCHANGE_RAMP",
        "function_confidence": "MEDIUM",
        "direction": "WB",
        "from_road": "US-441 / SR-7",
        "to_road": "I-595 network",
        "road_inference_basis": "INTERCHANGE_GROUP",
        "elevated": false,
        "structure_type": "AT_GRADE_OR_UNKNOWN",
        "structure_confidence": "LOW",
        "interchange": "SR7_US441",
        "cesium_category": "INTERCHANGE_RAMP",
        "review_note": "Function is topology-derived. Structure type is inferred from OSM bridge/layer tags; FLYOVER/OVERPASS distinctions should be verified against imagery or FDOT plans."
      },
      "geometry": {
        "type": "LineString",
        "coordinates": [
          [
            -80.1714695,
            26.0832686
          ],
          [
            -80.1719302,
            26.0832461
          ],
          [
            -80.1726589,
            26.0832774
          ],
          [
            -80.1739956,
            26.0833419
          ],
          [
            -80.1760271,
            26.0834407
          ]
        ]
      }
    },
    {
      "type": "Feature",
      "properties": {
        "@id": "way/40308465",
        "bridge": "yes",
        "destination": "Port Everglades;Fort Lauderdale-Hollywood International Airport",
        "destination:ref": "I 595 East",
        "destination:symbol": "airport",
        "highway": "motorway_link",
        "lanes": "2",
        "layer": "2",
        "lit": "no",
        "oneway": "yes",
        "surface": "concrete",
        "corridor": "I-595",
        "road_type": "RAMP_CONNECTOR",
        "interchange_group": "SR7_US441",
        "movement_type": "INBOUND_CONNECTOR_CHAIN",
        "connected_facility": "I595_NETWORK",
        "validation": "TOPOLOGY_CONFIRMED",
        "validation_rule": "Directed OSM motorway_link chain starts from or ends at I-595 EB/WB mainline",
        "osm_way_id": "way/40308465",
        "source": "OpenStreetMap / Overpass",
        "asset_type": "RAMP",
        "ramp_type": "INTERCHANGE_RAMP",
        "function_confidence": "MEDIUM",
        "direction": "EB",
        "from_road": "US-441 / SR-7",
        "to_road": "I-595 network",
        "road_inference_basis": "INTERCHANGE_GROUP",
        "elevated": true,
        "structure_type": "FLYOVER_OR_OVERPASS",
        "structure_confidence": "HIGH",
        "interchange": "SR7_US441",
        "cesium_category": "INTERCHANGE_RAMP",
        "review_note": "Function is topology-derived. Structure type is inferred from OSM bridge/layer tags; FLYOVER/OVERPASS distinctions should be verified against imagery or FDOT plans."
      },
      "geometry": {
        "type": "LineString",
        "coordinates": [
          [
            -80.1693202,
            26.0841556
          ],
          [
            -80.169312,
            26.0839769
          ],
          [
            -80.1692862,
            26.0837862
          ],
          [
            -80.169251,
            26.0836292
          ],
          [
            -80.1692095,
            26.0834811
          ],
          [
            -80.1691679,
            26.0833449
          ],
          [
            -80.1691069,
            26.0831735
          ],
          [
            -80.1690309,
            26.082999
          ],
          [
            -80.1689584,
            26.0828535
          ],
          [
            -80.1688483,
            26.0826683
          ],
          [
            -80.1687293,
            26.0824953
          ],
          [
            -80.1685947,
            26.0823214
          ],
          [
            -80.168447,
            26.0821558
          ],
          [
            -80.1683065,
            26.0820183
          ],
          [
            -80.1681241,
            26.0818643
          ],
          [
            -80.1679525,
            26.0817439
          ],
          [
            -80.1677573,
            26.0816196
          ],
          [
            -80.1675404,
            26.0815017
          ],
          [
            -80.1673432,
            26.081412
          ],
          [
            -80.1671268,
            26.0813299
          ],
          [
            -80.1669439,
            26.0812728
          ],
          [
            -80.166749,
            26.0812199
          ],
          [
            -80.1664936,
            26.0811676
          ],
          [
            -80.1662527,
            26.0811325
          ],
          [
            -80.1659636,
            26.0811054
          ],
          [
            -80.16572,
            26.081091
          ],
          [
            -80.1653109,
            26.0810777
          ]
        ]
      }
    },
    {
      "type": "Feature",
      "properties": {
        "@id": "way/40308517",
        "destination": "Port Everglades;Fort Lauderdale-Hollywood International Airport",
        "destination:ref": "I 595 East",
        "destination:symbol": "airport",
        "highway": "motorway_link",
        "lanes": "2",
        "lit": "no",
        "oneway": "yes",
        "surface": "asphalt",
        "corridor": "I-595",
        "road_type": "RAMP_CONNECTOR",
        "interchange_group": "SR7_US441",
        "movement_type": "ENTRY_TO_I595",
        "connected_facility": "I595_GP_EB",
        "validation": "TOPOLOGY_CONFIRMED",
        "validation_rule": "Directed OSM motorway_link chain starts from or ends at I-595 EB/WB mainline",
        "osm_way_id": "way/40308517",
        "source": "OpenStreetMap / Overpass",
        "asset_type": "RAMP",
        "ramp_type": "ENTRY_RAMP",
        "function_confidence": "HIGH",
        "direction": "EB",
        "from_road": "US-441 / SR-7",
        "to_road": "I-595",
        "road_inference_basis": "INTERCHANGE_GROUP",
        "elevated": false,
        "structure_type": "AT_GRADE_OR_UNKNOWN",
        "structure_confidence": "LOW",
        "interchange": "SR7_US441",
        "cesium_category": "ENTRY_RAMP",
        "review_note": "Function is topology-derived. Structure type is inferred from OSM bridge/layer tags; FLYOVER/OVERPASS distinctions should be verified against imagery or FDOT plans."
      },
      "geometry": {
        "type": "LineString",
        "coordinates": [
          [
            -80.1653109,
            26.0810777
          ],
          [
            -80.1623768,
            26.0810526
          ],
          [
            -80.1596562,
            26.0811046
          ],
          [
            -80.1581948,
            26.0811438
          ],
          [
            -80.1572414,
            26.0811612
          ],
          [
            -80.1568454,
            26.0812603
          ]
        ]
      }
    },
    {
      "type": "Feature",
      "properties": {
        "@id": "way/40308816",
        "destination:ref": "I 595 West",
        "highway": "motorway_link",
        "lanes": "2",
        "lit": "no",
        "oneway": "yes",
        "surface": "asphalt",
        "corridor": "I-595",
        "road_type": "RAMP_CONNECTOR",
        "interchange_group": "SR7_US441",
        "movement_type": "INBOUND_CONNECTOR_CHAIN",
        "connected_facility": "I595_NETWORK",
        "validation": "TOPOLOGY_CONFIRMED",
        "validation_rule": "Directed OSM motorway_link chain starts from or ends at I-595 EB/WB mainline",
        "osm_way_id": "way/40308816",
        "source": "OpenStreetMap / Overpass",
        "asset_type": "RAMP",
        "ramp_type": "INTERCHANGE_RAMP",
        "function_confidence": "MEDIUM",
        "direction": "SB",
        "from_road": "US-441 / SR-7",
        "to_road": "I-595 network",
        "road_inference_basis": "INTERCHANGE_GROUP",
        "elevated": false,
        "structure_type": "AT_GRADE_OR_UNKNOWN",
        "structure_confidence": "LOW",
        "interchange": "SR7_US441",
        "cesium_category": "INTERCHANGE_RAMP",
        "review_note": "Function is topology-derived. Structure type is inferred from OSM bridge/layer tags; FLYOVER/OVERPASS distinctions should be verified against imagery or FDOT plans."
      },
      "geometry": {
        "type": "LineString",
        "coordinates": [
          [
            -80.1690469,
            26.0878122
          ],
          [
            -80.1691025,
            26.0874234
          ],
          [
            -80.1691185,
            26.0872021
          ],
          [
            -80.1691375,
            26.0869861
          ],
          [
            -80.1691614,
            26.0867205
          ],
          [
            -80.1691877,
            26.0864721
          ],
          [
            -80.1692133,
            26.0862656
          ],
          [
            -80.1692443,
            26.0860612
          ],
          [
            -80.169293,
            26.0857873
          ],
          [
            -80.1693368,
            26.0855626
          ],
          [
            -80.1693878,
            26.0853233
          ],
          [
            -80.1694107,
            26.0852197
          ],
          [
            -80.1694359,
            26.0851183
          ],
          [
            -80.169472,
            26.0849839
          ],
          [
            -80.169505,
            26.0848744
          ],
          [
            -80.1695383,
            26.0847739
          ],
          [
            -80.1695752,
            26.0846703
          ],
          [
            -80.1696229,
            26.0845549
          ],
          [
            -80.1696767,
            26.0844424
          ],
          [
            -80.1697478,
            26.0843089
          ]
        ]
      }
    },
    {
      "type": "Feature",
      "properties": {
        "@id": "way/40583063",
        "destination": "Alligator Alley;Naples",
        "destination:ref": "I 75 North",
        "highway": "motorway_link",
        "lanes": "2",
        "lit": "yes",
        "oneway": "yes",
        "source": "OpenStreetMap / Overpass",
        "surface": "asphalt",
        "toll": "no",
        "corridor": "I-595",
        "road_type": "RAMP_CONNECTOR",
        "interchange_group": "WESTERN_I75_SAWGRASS",
        "movement_type": "INBOUND_CONNECTOR_CHAIN",
        "connected_facility": "I595_NETWORK",
        "validation": "TOPOLOGY_CONFIRMED",
        "validation_rule": "Directed OSM motorway_link chain starts from or ends at I-595 EB/WB mainline",
        "osm_way_id": "way/40583063",
        "asset_type": "RAMP",
        "ramp_type": "INTERCHANGE_CONNECTOR",
        "function_confidence": "MEDIUM",
        "direction": "SB",
        "from_road": "I-75 / Sawgrass Expressway",
        "to_road": "I-595 network",
        "road_inference_basis": "INTERCHANGE_GROUP",
        "elevated": false,
        "structure_type": "AT_GRADE_OR_UNKNOWN",
        "structure_confidence": "LOW",
        "interchange": "WESTERN_I75_SAWGRASS",
        "cesium_category": "INTERCHANGE_CONNECTOR",
        "review_note": "Function is topology-derived. Structure type is inferred from OSM bridge/layer tags; FLYOVER/OVERPASS distinctions should be verified against imagery or FDOT plans."
      },
      "geometry": {
        "type": "LineString",
        "coordinates": [
          [
            -80.3442336,
            26.12568
          ],
          [
            -80.3443336,
            26.1253404
          ],
          [
            -80.3444402,
            26.1250007
          ],
          [
            -80.3446158,
            26.1245019
          ],
          [
            -80.3447083,
            26.124284
          ],
          [
            -80.3448168,
            26.1240743
          ],
          [
            -80.3449178,
            26.1238938
          ],
          [
            -80.3450393,
            26.1237092
          ],
          [
            -80.345178,
            26.1235207
          ],
          [
            -80.3453213,
            26.1233527
          ]
        ]
      }
    },
    {
      "type": "Feature",
      "properties": {
        "@id": "way/40583397",
        "destination": "Coral Springs",
        "destination:ref": "SR 869 Toll North",
        "destination:street": "Sawgrass Expressway",
        "highway": "motorway_link",
        "junction:ref": "19",
        "lanes": "2",
        "lit": "yes",
        "oneway": "yes",
        "source": "OpenStreetMap / Overpass",
        "surface": "asphalt",
        "toll": "no",
        "corridor": "I-595",
        "road_type": "RAMP_CONNECTOR",
        "interchange_group": "WESTERN_I75_SAWGRASS",
        "movement_type": "EXIT_FROM_I595",
        "connected_facility": "I595_GP_EB",
        "validation": "TOPOLOGY_CONFIRMED",
        "validation_rule": "Directed OSM motorway_link chain starts from or ends at I-595 EB/WB mainline",
        "osm_way_id": "way/40583397",
        "asset_type": "RAMP",
        "ramp_type": "INTERCHANGE_CONNECTOR",
        "function_confidence": "HIGH",
        "direction": "EB",
        "from_road": "I-595",
        "to_road": "I-75 / Sawgrass Expressway",
        "road_inference_basis": "INTERCHANGE_GROUP",
        "elevated": false,
        "structure_type": "AT_GRADE_OR_UNKNOWN",
        "structure_confidence": "LOW",
        "interchange": "WESTERN_I75_SAWGRASS",
        "cesium_category": "INTERCHANGE_CONNECTOR",
        "review_note": "Function is topology-derived. Structure type is inferred from OSM bridge/layer tags; FLYOVER/OVERPASS distinctions should be verified against imagery or FDOT plans."
      },
      "geometry": {
        "type": "LineString",
        "coordinates": [
          [
            -80.3581828,
            26.1238259
          ],
          [
            -80.3567077,
            26.1231634
          ],
          [
            -80.3555776,
            26.1226185
          ],
          [
            -80.3546815,
            26.1222016
          ],
          [
            -80.3538728,
            26.121839
          ],
          [
            -80.3530541,
            26.1215249
          ]
        ]
      }
    },
    {
      "type": "Feature",
      "properties": {
        "@id": "way/40583434",
        "destination": "Fort Lauderdale",
        "destination:ref": "I 595 East",
        "highway": "motorway_link",
        "lanes": "1",
        "lit": "no",
        "oneway": "yes",
        "source": "OpenStreetMap / Overpass",
        "surface": "asphalt",
        "corridor": "I-595",
        "road_type": "RAMP_CONNECTOR",
        "interchange_group": "WESTERN_I75_SAWGRASS",
        "movement_type": "ENTRY_TO_I595",
        "connected_facility": "I595_GP_EB",
        "validation": "TOPOLOGY_CONFIRMED",
        "validation_rule": "Directed OSM motorway_link chain starts from or ends at I-595 EB/WB mainline",
        "osm_way_id": "way/40583434",
        "asset_type": "RAMP",
        "ramp_type": "INTERCHANGE_CONNECTOR",
        "function_confidence": "HIGH",
        "direction": "EB",
        "from_road": "I-75 / Sawgrass Expressway",
        "to_road": "I-595",
        "road_inference_basis": "INTERCHANGE_GROUP",
        "elevated": false,
        "structure_type": "AT_GRADE_OR_UNKNOWN",
        "structure_confidence": "LOW",
        "interchange": "WESTERN_I75_SAWGRASS",
        "cesium_category": "INTERCHANGE_CONNECTOR",
        "review_note": "Function is topology-derived. Structure type is inferred from OSM bridge/layer tags; FLYOVER/OVERPASS distinctions should be verified against imagery or FDOT plans."
      },
      "geometry": {
        "type": "LineString",
        "coordinates": [
          [
            -80.3487117,
            26.1192776
          ],
          [
            -80.3482599,
            26.1191595
          ],
          [
            -80.3477866,
            26.1190414
          ],
          [
            -80.3475946,
            26.118999
          ],
          [
            -80.3473918,
            26.1189566
          ],
          [
            -80.3472225,
            26.1189258
          ],
          [
            -80.3470399,
            26.118895
          ],
          [
            -80.3467676,
            26.1188617
          ],
          [
            -80.346482,
            26.1188333
          ],
          [
            -80.3459413,
            26.1188025
          ],
          [
            -80.3454005,
            26.1188102
          ],
          [
            -80.3440788,
            26.118895
          ],
          [
            -80.3435209,
            26.1189181
          ],
          [
            -80.3428458,
            26.1189269
          ],
          [
            -80.3424966,
            26.1189292
          ]
        ]
      }
    },
    {
      "type": "Feature",
      "properties": {
        "@id": "way/40985261",
        "destination": "West Palm Beach",
        "destination:ref": "I 95 North",
        "highway": "motorway_link",
        "junction:ref": "10A",
        "lanes": "1",
        "lit": "no",
        "oneway": "yes",
        "surface": "asphalt",
        "tiger:county": "Broward, FL",
        "corridor": "I-595",
        "road_type": "RAMP_CONNECTOR",
        "interchange_group": "I95",
        "movement_type": "OUTBOUND_CONNECTOR_CHAIN",
        "connected_facility": "I595_NETWORK",
        "validation": "TOPOLOGY_CONFIRMED",
        "validation_rule": "Directed OSM motorway_link chain starts from or ends at I-595 EB/WB mainline",
        "osm_way_id": "way/40985261",
        "source": "OpenStreetMap / Overpass",
        "asset_type": "RAMP",
        "ramp_type": "INTERCHANGE_CONNECTOR",
        "function_confidence": "MEDIUM",
        "direction": "NB",
        "from_road": "I-595 network",
        "to_road": "I-95",
        "road_inference_basis": "INTERCHANGE_GROUP",
        "elevated": false,
        "structure_type": "AT_GRADE_OR_UNKNOWN",
        "structure_confidence": "LOW",
        "interchange": "I95",
        "cesium_category": "INTERCHANGE_CONNECTOR",
        "review_note": "Function is topology-derived. Structure type is inferred from OSM bridge/layer tags; FLYOVER/OVERPASS distinctions should be verified against imagery or FDOT plans."
      },
      "geometry": {
        "type": "LineString",
        "coordinates": [
          [
            -80.16776,
            26.0851008
          ],
          [
            -80.1677504,
            26.0854568
          ],
          [
            -80.1677142,
            26.0871031
          ],
          [
            -80.1677062,
            26.0874063
          ],
          [
            -80.167704,
            26.0877124
          ],
          [
            -80.1677054,
            26.088017
          ],
          [
            -80.1677104,
            26.0883117
          ],
          [
            -80.1677246,
            26.0886676
          ],
          [
            -80.1677405,
            26.088971
          ],
          [
            -80.1677581,
            26.0892709
          ],
          [
            -80.1677737,
            26.0894959
          ],
          [
            -80.1677969,
            26.0897868
          ],
          [
            -80.1678313,
            26.0901391
          ],
          [
            -80.1678645,
            26.0904559
          ],
          [
            -80.1678969,
            26.0907403
          ],
          [
            -80.1679508,
            26.0911846
          ],
          [
            -80.1679756,
            26.0915016
          ]
        ]
      }
    },
    {
      "type": "Feature",
      "properties": {
        "@id": "way/40985427",
        "bridge": "yes",
        "destination": "Dania Beach;Fort Lauderdale-Hollywood International Airport",
        "destination:ref": "US 1 South",
        "destination:symbol": "airport",
        "highway": "motorway_link",
        "junction:ref": "12A",
        "lanes": "2",
        "layer": "1",
        "lit": "no",
        "maxspeed:advisory": "40 mph",
        "oneway": "yes",
        "surface": "concrete",
        "corridor": "I-595",
        "road_type": "RAMP_CONNECTOR",
        "interchange_group": "I95",
        "movement_type": "EXIT_FROM_I595",
        "connected_facility": "I595_GP_EB",
        "validation": "TOPOLOGY_CONFIRMED",
        "validation_rule": "Directed OSM motorway_link chain starts from or ends at I-595 EB/WB mainline",
        "osm_way_id": "way/40985427",
        "source": "OpenStreetMap / Overpass",
        "asset_type": "RAMP",
        "ramp_type": "INTERCHANGE_CONNECTOR",
        "function_confidence": "HIGH",
        "direction": "EB",
        "from_road": "I-595",
        "to_road": "I-95",
        "road_inference_basis": "INTERCHANGE_GROUP",
        "elevated": true,
        "structure_type": "FLYOVER_OR_OVERPASS",
        "structure_confidence": "HIGH",
        "interchange": "I95",
        "cesium_category": "INTERCHANGE_CONNECTOR",
        "review_note": "Function is topology-derived. Structure type is inferred from OSM bridge/layer tags; FLYOVER/OVERPASS distinctions should be verified against imagery or FDOT plans."
      },
      "geometry": {
        "type": "LineString",
        "coordinates": [
          [
            -80.1400781,
            26.0812673
          ],
          [
            -80.1398657,
            26.0811672
          ],
          [
            -80.139581,
            26.0811197
          ],
          [
            -80.1393256,
            26.0810755
          ],
          [
            -80.1390276,
            26.0810202
          ]
        ]
      }
    },
    {
      "type": "Feature",
      "properties": {
        "@id": "way/41147743",
        "destination:ref": "I 595 West",
        "destination:ref:to": "I 95",
        "destination:to": "Florida's Turnpike",
        "highway": "motorway_link",
        "lanes": "1",
        "oneway": "yes",
        "corridor": "I-595",
        "road_type": "RAMP_CONNECTOR",
        "interchange_group": "I95",
        "movement_type": "INBOUND_CONNECTOR_CHAIN",
        "connected_facility": "I595_NETWORK",
        "validation": "TOPOLOGY_CONFIRMED",
        "validation_rule": "Directed OSM motorway_link chain starts from or ends at I-595 EB/WB mainline",
        "osm_way_id": "way/41147743",
        "source": "OpenStreetMap / Overpass",
        "asset_type": "RAMP",
        "ramp_type": "INTERCHANGE_CONNECTOR",
        "function_confidence": "MEDIUM",
        "direction": "SB",
        "from_road": "I-95",
        "to_road": "I-595 network",
        "road_inference_basis": "INTERCHANGE_GROUP",
        "elevated": false,
        "structure_type": "AT_GRADE_OR_UNKNOWN",
        "structure_confidence": "LOW",
        "interchange": "I95",
        "cesium_category": "INTERCHANGE_CONNECTOR",
        "review_note": "Function is topology-derived. Structure type is inferred from OSM bridge/layer tags; FLYOVER/OVERPASS distinctions should be verified against imagery or FDOT plans."
      },
      "geometry": {
        "type": "LineString",
        "coordinates": [
          [
            -80.1357843,
            26.0852357
          ],
          [
            -80.1357549,
            26.0848249
          ],
          [
            -80.1355527,
            26.0834889
          ],
          [
            -80.1355399,
            26.0833587
          ],
          [
            -80.135547,
            26.0831198
          ],
          [
            -80.1355769,
            26.0829048
          ],
          [
            -80.1356433,
            26.0826825
          ],
          [
            -80.1357333,
            26.0824883
          ],
          [
            -80.1358233,
            26.082325
          ],
          [
            -80.1359757,
            26.0821247
          ],
          [
            -80.1360959,
            26.0819889
          ],
          [
            -80.1362914,
            26.0818208
          ],
          [
            -80.1364508,
            26.0817175
          ]
        ]
      }
    },
    {
      "type": "Feature",
      "properties": {
        "@id": "way/41149181",
        "destination": "Miami",
        "destination:ref": "I 75 South",
        "highway": "motorway_link",
        "lanes": "2",
        "lit": "yes",
        "maxspeed": "55 mph",
        "note": "Testing this stretch of highway for routing purposes. Any questions, please don't hesitate to reach out to txemt on Discord or Slack. Thank you.",
        "oneway": "yes",
        "surface": "asphalt",
        "toll": "no",
        "corridor": "I-595",
        "road_type": "RAMP_CONNECTOR",
        "interchange_group": "WESTERN_I75_SAWGRASS",
        "movement_type": "EXIT_FROM_I595",
        "connected_facility": "I595_GP_WB",
        "validation": "TOPOLOGY_CONFIRMED",
        "validation_rule": "Directed OSM motorway_link chain starts from or ends at I-595 EB/WB mainline",
        "osm_way_id": "way/41149181",
        "source": "OpenStreetMap / Overpass",
        "asset_type": "RAMP",
        "ramp_type": "INTERCHANGE_CONNECTOR",
        "function_confidence": "HIGH",
        "direction": "WB",
        "from_road": "I-595",
        "to_road": "I-75 / Sawgrass Expressway",
        "road_inference_basis": "INTERCHANGE_GROUP",
        "elevated": false,
        "structure_type": "AT_GRADE_OR_UNKNOWN",
        "structure_confidence": "LOW",
        "interchange": "WESTERN_I75_SAWGRASS",
        "cesium_category": "INTERCHANGE_CONNECTOR",
        "review_note": "Function is topology-derived. Structure type is inferred from OSM bridge/layer tags; FLYOVER/OVERPASS distinctions should be verified against imagery or FDOT plans."
      },
      "geometry": {
        "type": "LineString",
        "coordinates": [
          [
            -80.3323091,
            26.1187496
          ],
          [
            -80.3324241,
            26.1187571
          ],
          [
            -80.3325321,
            26.1187615
          ],
          [
            -80.3333607,
            26.1187806
          ],
          [
            -80.3337636,
            26.1188029
          ],
          [
            -80.3349759,
            26.118901
          ],
          [
            -80.3359496,
            26.1189926
          ],
          [
            -80.3370535,
            26.1191109
          ],
          [
            -80.3387367,
            26.1192405
          ]
        ]
      }
    },
    {
      "type": "Feature",
      "properties": {
        "@id": "way/41241470",
        "destination:ref": "I 595 West;to I 75",
        "highway": "motorway_link",
        "lanes": "1",
        "oneway": "yes",
        "corridor": "I-595",
        "road_type": "RAMP_CONNECTOR",
        "interchange_group": "WESTERN_I75_SAWGRASS",
        "movement_type": "INBOUND_CONNECTOR_CHAIN",
        "connected_facility": "I595_NETWORK",
        "validation": "TOPOLOGY_CONFIRMED",
        "validation_rule": "Directed OSM motorway_link chain starts from or ends at I-595 EB/WB mainline",
        "osm_way_id": "way/41241470",
        "source": "OpenStreetMap / Overpass",
        "asset_type": "RAMP",
        "ramp_type": "INTERCHANGE_CONNECTOR",
        "function_confidence": "MEDIUM",
        "direction": "NB",
        "from_road": "I-75 / Sawgrass Expressway",
        "to_road": "I-595 network",
        "road_inference_basis": "INTERCHANGE_GROUP",
        "elevated": false,
        "structure_type": "AT_GRADE_OR_UNKNOWN",
        "structure_confidence": "LOW",
        "interchange": "WESTERN_I75_SAWGRASS",
        "cesium_category": "INTERCHANGE_CONNECTOR",
        "review_note": "Function is topology-derived. Structure type is inferred from OSM bridge/layer tags; FLYOVER/OVERPASS distinctions should be verified against imagery or FDOT plans."
      },
      "geometry": {
        "type": "LineString",
        "coordinates": [
          [
            -80.2511424,
            26.0939039
          ],
          [
            -80.2511167,
            26.0940406
          ],
          [
            -80.2510791,
            26.0946116
          ],
          [
            -80.2510448,
            26.0950741
          ],
          [
            -80.2510019,
            26.0954286
          ],
          [
            -80.2509332,
            26.0958294
          ],
          [
            -80.2508346,
            26.0963305
          ]
        ]
      }
    },
    {
      "type": "Feature",
      "properties": {
        "@id": "way/42105679",
        "bridge": "yes",
        "highway": "motorway_link",
        "lanes": "2",
        "layer": "2",
        "lit": "no",
        "oneway": "yes",
        "surface": "concrete",
        "toll": "yes",
        "corridor": "I-595",
        "road_type": "RAMP_CONNECTOR",
        "interchange_group": "FLORIDAS_TURNPIKE",
        "movement_type": "INBOUND_CONNECTOR_CHAIN",
        "connected_facility": "I595_NETWORK",
        "validation": "TOPOLOGY_CONFIRMED",
        "validation_rule": "Directed OSM motorway_link chain starts from or ends at I-595 EB/WB mainline",
        "osm_way_id": "way/42105679",
        "source": "OpenStreetMap / Overpass",
        "asset_type": "RAMP",
        "ramp_type": "INTERCHANGE_CONNECTOR",
        "function_confidence": "MEDIUM",
        "direction": "NB",
        "from_road": "Florida's Turnpike",
        "to_road": "I-595 network",
        "road_inference_basis": "INTERCHANGE_GROUP",
        "elevated": true,
        "structure_type": "FLYOVER_OR_OVERPASS",
        "structure_confidence": "HIGH",
        "interchange": "FLORIDAS_TURNPIKE",
        "cesium_category": "INTERCHANGE_CONNECTOR",
        "review_note": "Function is topology-derived. Structure type is inferred from OSM bridge/layer tags; FLYOVER/OVERPASS distinctions should be verified against imagery or FDOT plans."
      },
      "geometry": {
        "type": "LineString",
        "coordinates": [
          [
            -80.2126466,
            26.0880848
          ],
          [
            -80.2125668,
            26.0883062
          ],
          [
            -80.2125057,
            26.0885353
          ],
          [
            -80.2124705,
            26.0887591
          ],
          [
            -80.2124658,
            26.0889915
          ],
          [
            -80.2124971,
            26.0892325
          ],
          [
            -80.212538,
            26.089387
          ],
          [
            -80.2125947,
            26.0895427
          ],
          [
            -80.2126545,
            26.0896666
          ],
          [
            -80.2127155,
            26.0897745
          ],
          [
            -80.2127708,
            26.0898618
          ],
          [
            -80.2128448,
            26.0899682
          ],
          [
            -80.2129246,
            26.090058
          ],
          [
            -80.2130368,
            26.09017
          ],
          [
            -80.2131262,
            26.0902486
          ],
          [
            -80.2132901,
            26.0903653
          ],
          [
            -80.2134044,
            26.0904299
          ],
          [
            -80.2135359,
            26.0904893
          ],
          [
            -80.2137489,
            26.0905756
          ]
        ]
      }
    },
    {
      "type": "Feature",
      "properties": {
        "@id": "way/42105683",
        "destination:ref": "I 595 West",
        "destination:ref:to": "I 75",
        "highway": "motorway_link",
        "lanes": "2",
        "lit": "no",
        "oneway": "yes",
        "surface": "asphalt",
        "tiger:cfcc": "A63",
        "tiger:county": "Broward, FL",
        "tiger:reviewed": "aerial",
        "toll": "yes",
        "corridor": "I-595",
        "road_type": "RAMP_CONNECTOR",
        "interchange_group": "FLORIDAS_TURNPIKE",
        "movement_type": "ENTRY_TO_I595",
        "connected_facility": "I595_GP_WB",
        "validation": "TOPOLOGY_CONFIRMED",
        "validation_rule": "Directed OSM motorway_link chain starts from or ends at I-595 EB/WB mainline",
        "osm_way_id": "way/42105683",
        "source": "OpenStreetMap / Overpass",
        "asset_type": "RAMP",
        "ramp_type": "INTERCHANGE_CONNECTOR",
        "function_confidence": "HIGH",
        "direction": "WB",
        "from_road": "Florida's Turnpike",
        "to_road": "I-595",
        "road_inference_basis": "INTERCHANGE_GROUP",
        "elevated": false,
        "structure_type": "AT_GRADE_OR_UNKNOWN",
        "structure_confidence": "LOW",
        "interchange": "FLORIDAS_TURNPIKE",
        "cesium_category": "INTERCHANGE_CONNECTOR",
        "review_note": "Function is topology-derived. Structure type is inferred from OSM bridge/layer tags; FLYOVER/OVERPASS distinctions should be verified against imagery or FDOT plans."
      },
      "geometry": {
        "type": "LineString",
        "coordinates": [
          [
            -80.2154492,
            26.091013
          ],
          [
            -80.215559,
            26.0910006
          ],
          [
            -80.2156386,
            26.0910075
          ],
          [
            -80.2161001,
            26.0910643
          ],
          [
            -80.2163377,
            26.091103
          ],
          [
            -80.2170251,
            26.0912563
          ],
          [
            -80.2176236,
            26.0913707
          ]
        ]
      }
    },
    {
      "type": "Feature",
      "properties": {
        "@id": "way/42315083",
        "highway": "motorway_link",
        "lanes": "2",
        "lit": "yes",
        "oneway": "yes",
        "surface": "asphalt",
        "toll": "no",
        "corridor": "I-595",
        "road_type": "RAMP_CONNECTOR",
        "interchange_group": "WESTERN_I75_SAWGRASS",
        "movement_type": "ENTRY_TO_I595",
        "connected_facility": "I595_GP_EB",
        "validation": "TOPOLOGY_CONFIRMED",
        "validation_rule": "Directed OSM motorway_link chain starts from or ends at I-595 EB/WB mainline",
        "osm_way_id": "way/42315083",
        "source": "OpenStreetMap / Overpass",
        "asset_type": "RAMP",
        "ramp_type": "INTERCHANGE_CONNECTOR",
        "function_confidence": "HIGH",
        "direction": "EB",
        "from_road": "I-75 / Sawgrass Expressway",
        "to_road": "I-595",
        "road_inference_basis": "INTERCHANGE_GROUP",
        "elevated": false,
        "structure_type": "AT_GRADE_OR_UNKNOWN",
        "structure_confidence": "LOW",
        "interchange": "WESTERN_I75_SAWGRASS",
        "cesium_category": "INTERCHANGE_CONNECTOR",
        "review_note": "Function is topology-derived. Structure type is inferred from OSM bridge/layer tags; FLYOVER/OVERPASS distinctions should be verified against imagery or FDOT plans."
      },
      "geometry": {
        "type": "LineString",
        "coordinates": [
          [
            -80.3439252,
            26.1184129
          ],
          [
            -80.3435533,
            26.1185285
          ],
          [
            -80.3432361,
            26.1186115
          ],
          [
            -80.3428904,
            26.1186811
          ],
          [
            -80.3423922,
            26.1187435
          ],
          [
            -80.341903,
            26.1187665
          ],
          [
            -80.3410221,
            26.118771
          ],
          [
            -80.3402834,
            26.1187696
          ],
          [
            -80.3394513,
            26.1187736
          ]
        ]
      }
    },
    {
      "type": "Feature",
      "properties": {
        "@id": "way/42315084",
        "destination": "Fort Lauderdale",
        "destination:ref": "I 595 East",
        "highway": "motorway_link",
        "lanes": "2",
        "lit": "yes",
        "oneway": "yes",
        "surface": "asphalt",
        "toll": "no",
        "corridor": "I-595",
        "road_type": "RAMP_CONNECTOR",
        "interchange_group": "WESTERN_I75_SAWGRASS",
        "movement_type": "INBOUND_CONNECTOR_CHAIN",
        "connected_facility": "I595_NETWORK",
        "validation": "TOPOLOGY_CONFIRMED",
        "validation_rule": "Directed OSM motorway_link chain starts from or ends at I-595 EB/WB mainline",
        "osm_way_id": "way/42315084",
        "source": "OpenStreetMap / Overpass",
        "asset_type": "RAMP",
        "ramp_type": "INTERCHANGE_CONNECTOR",
        "function_confidence": "MEDIUM",
        "direction": "EB",
        "from_road": "I-75 / Sawgrass Expressway",
        "to_road": "I-595 network",
        "road_inference_basis": "INTERCHANGE_GROUP",
        "elevated": false,
        "structure_type": "AT_GRADE_OR_UNKNOWN",
        "structure_confidence": "LOW",
        "interchange": "WESTERN_I75_SAWGRASS",
        "cesium_category": "INTERCHANGE_CONNECTOR",
        "review_note": "Function is topology-derived. Structure type is inferred from OSM bridge/layer tags; FLYOVER/OVERPASS distinctions should be verified against imagery or FDOT plans."
      },
      "geometry": {
        "type": "LineString",
        "coordinates": [
          [
            -80.3494311,
            26.1138049
          ],
          [
            -80.3486929,
            26.1144928
          ],
          [
            -80.347288,
            26.115887
          ],
          [
            -80.3462868,
            26.1169009
          ],
          [
            -80.3458207,
            26.1173481
          ],
          [
            -80.345441,
            26.117643
          ],
          [
            -80.3450363,
            26.1179
          ]
        ]
      }
    },
    {
      "type": "Feature",
      "properties": {
        "@id": "way/42315369",
        "bridge": "yes",
        "highway": "motorway_link",
        "lanes": "2",
        "layer": "2",
        "lit": "no",
        "maxspeed": "55 mph",
        "oneway": "yes",
        "surface": "concrete",
        "toll": "no",
        "corridor": "I-595",
        "road_type": "RAMP_CONNECTOR",
        "interchange_group": "WESTERN_I75_SAWGRASS",
        "movement_type": "OUTBOUND_CONNECTOR_CHAIN",
        "connected_facility": "I595_NETWORK",
        "validation": "TOPOLOGY_CONFIRMED",
        "validation_rule": "Directed OSM motorway_link chain starts from or ends at I-595 EB/WB mainline",
        "osm_way_id": "way/42315369",
        "source": "OpenStreetMap / Overpass",
        "asset_type": "RAMP",
        "ramp_type": "INTERCHANGE_CONNECTOR",
        "function_confidence": "MEDIUM",
        "direction": "WB",
        "from_road": "I-595 network",
        "to_road": "I-75 / Sawgrass Expressway",
        "road_inference_basis": "INTERCHANGE_GROUP",
        "elevated": true,
        "structure_type": "FLYOVER_OR_OVERPASS",
        "structure_confidence": "HIGH",
        "interchange": "WESTERN_I75_SAWGRASS",
        "cesium_category": "INTERCHANGE_CONNECTOR",
        "review_note": "Function is topology-derived. Structure type is inferred from OSM bridge/layer tags; FLYOVER/OVERPASS distinctions should be verified against imagery or FDOT plans."
      },
      "geometry": {
        "type": "LineString",
        "coordinates": [
          [
            -80.3435343,
            26.1196447
          ],
          [
            -80.3439664,
            26.1196793
          ],
          [
            -80.344423,
            26.1197122
          ],
          [
            -80.3446618,
            26.1197232
          ],
          [
            -80.3449084,
            26.1197235
          ],
          [
            -80.3452454,
            26.1197146
          ],
          [
            -80.3455912,
            26.1196959
          ],
          [
            -80.3459083,
            26.1196607
          ],
          [
            -80.3462297,
            26.1196136
          ],
          [
            -80.3465532,
            26.1195533
          ],
          [
            -80.3468832,
            26.1194811
          ],
          [
            -80.3471373,
            26.1194172
          ],
          [
            -80.3473875,
            26.119345
          ],
          [
            -80.347658,
            26.1192542
          ],
          [
            -80.3479413,
            26.1191473
          ],
          [
            -80.3481869,
            26.1190421
          ],
          [
            -80.3484234,
            26.1189369
          ],
          [
            -80.3487803,
            26.1187615
          ],
          [
            -80.3491088,
            26.1185844
          ],
          [
            -80.3494093,
            26.1183978
          ],
          [
            -80.3496165,
            26.1182534
          ],
          [
            -80.3498145,
            26.1181118
          ],
          [
            -80.3500561,
            26.1179146
          ],
          [
            -80.3502885,
            26.1177201
          ],
          [
            -80.3504603,
            26.1175635
          ],
          [
            -80.3506229,
            26.1174124
          ],
          [
            -80.3508667,
            26.117151
          ],
          [
            -80.3510297,
            26.1169696
          ],
          [
            -80.3511684,
            26.1168019
          ]
        ]
      }
    },
    {
      "type": "Feature",
      "properties": {
        "@id": "way/42315381",
        "destination": "Coral Springs",
        "destination:ref": "SR 869 Toll North",
        "destination:street": "Sawgrass Expressway",
        "highway": "motorway_link",
        "lanes": "2",
        "lit": "no",
        "maxspeed": "55 mph",
        "note": "Testing this stretch of highway for routing purposes. Any questions, please don't hesitate to reach out to txemt on Discord or Slack. Thank you.",
        "oneway": "yes",
        "source": "OpenStreetMap / Overpass",
        "surface": "asphalt",
        "toll": "no",
        "corridor": "I-595",
        "road_type": "RAMP_CONNECTOR",
        "interchange_group": "WESTERN_I75_SAWGRASS",
        "movement_type": "EXIT_FROM_I595",
        "connected_facility": "I595_GP_WB",
        "validation": "TOPOLOGY_CONFIRMED",
        "validation_rule": "Directed OSM motorway_link chain starts from or ends at I-595 EB/WB mainline",
        "osm_way_id": "way/42315381",
        "asset_type": "RAMP",
        "ramp_type": "INTERCHANGE_CONNECTOR",
        "function_confidence": "HIGH",
        "direction": "WB",
        "from_road": "I-595",
        "to_road": "I-75 / Sawgrass Expressway",
        "road_inference_basis": "INTERCHANGE_GROUP",
        "elevated": false,
        "structure_type": "AT_GRADE_OR_UNKNOWN",
        "structure_confidence": "LOW",
        "interchange": "WESTERN_I75_SAWGRASS",
        "cesium_category": "INTERCHANGE_CONNECTOR",
        "review_note": "Function is topology-derived. Structure type is inferred from OSM bridge/layer tags; FLYOVER/OVERPASS distinctions should be verified against imagery or FDOT plans."
      },
      "geometry": {
        "type": "LineString",
        "coordinates": [
          [
            -80.3336797,
            26.1189199
          ],
          [
            -80.3346278,
            26.1190543
          ],
          [
            -80.3366244,
            26.1193153
          ],
          [
            -80.3381387,
            26.1195418
          ],
          [
            -80.3395498,
            26.1197314
          ],
          [
            -80.3400611,
            26.1198483
          ],
          [
            -80.3406362,
            26.1200563
          ],
          [
            -80.3411769,
            26.1203261
          ],
          [
            -80.3416575,
            26.120642
          ],
          [
            -80.3420094,
            26.1209426
          ],
          [
            -80.3423099,
            26.1212508
          ],
          [
            -80.3425588,
            26.1215437
          ]
        ]
      }
    },
    {
      "type": "Feature",
      "properties": {
        "@id": "way/42315394",
        "bridge": "yes",
        "highway": "motorway_link",
        "lanes": "2",
        "layer": "1",
        "lit": "no",
        "oneway": "yes",
        "source": "OpenStreetMap / Overpass",
        "surface": "asphalt",
        "toll": "no",
        "corridor": "I-595",
        "road_type": "RAMP_CONNECTOR",
        "interchange_group": "WESTERN_I75_SAWGRASS",
        "movement_type": "INBOUND_CONNECTOR_CHAIN",
        "connected_facility": "I595_NETWORK",
        "validation": "TOPOLOGY_CONFIRMED",
        "validation_rule": "Directed OSM motorway_link chain starts from or ends at I-595 EB/WB mainline",
        "osm_way_id": "way/42315394",
        "asset_type": "RAMP",
        "ramp_type": "INTERCHANGE_CONNECTOR",
        "function_confidence": "MEDIUM",
        "direction": "WB",
        "from_road": "I-75 / Sawgrass Expressway",
        "to_road": "I-595 network",
        "road_inference_basis": "INTERCHANGE_GROUP",
        "elevated": true,
        "structure_type": "FLYOVER_OR_OVERPASS",
        "structure_confidence": "HIGH",
        "interchange": "WESTERN_I75_SAWGRASS",
        "cesium_category": "INTERCHANGE_CONNECTOR",
        "review_note": "Function is topology-derived. Structure type is inferred from OSM bridge/layer tags; FLYOVER/OVERPASS distinctions should be verified against imagery or FDOT plans."
      },
      "geometry": {
        "type": "LineString",
        "coordinates": [
          [
            -80.3453213,
            26.1233527
          ],
          [
            -80.3454193,
            26.1232475
          ],
          [
            -80.3455253,
            26.1231391
          ],
          [
            -80.3456722,
            26.1230002
          ],
          [
            -80.3458339,
            26.1228582
          ],
          [
            -80.3459911,
            26.1227418
          ],
          [
            -80.3461551,
            26.1226275
          ],
          [
            -80.3462558,
            26.1225613
          ],
          [
            -80.3463698,
            26.1224892
          ]
        ]
      }
    },
    {
      "type": "Feature",
      "properties": {
        "@id": "way/42315397",
        "highway": "motorway_link",
        "lanes": "2",
        "lit": "no",
        "oneway": "yes",
        "source": "OpenStreetMap / Overpass",
        "surface": "asphalt",
        "toll": "no",
        "turn:lanes": "merge_to_right|none",
        "corridor": "I-595",
        "road_type": "RAMP_CONNECTOR",
        "interchange_group": "WESTERN_I75_SAWGRASS",
        "movement_type": "INBOUND_CONNECTOR_CHAIN",
        "connected_facility": "I595_NETWORK",
        "validation": "TOPOLOGY_CONFIRMED",
        "validation_rule": "Directed OSM motorway_link chain starts from or ends at I-595 EB/WB mainline",
        "osm_way_id": "way/42315397",
        "asset_type": "RAMP",
        "ramp_type": "INTERCHANGE_CONNECTOR",
        "function_confidence": "MEDIUM",
        "direction": "WB",
        "from_road": "I-75 / Sawgrass Expressway",
        "to_road": "I-595 network",
        "road_inference_basis": "INTERCHANGE_GROUP",
        "elevated": false,
        "structure_type": "AT_GRADE_OR_UNKNOWN",
        "structure_confidence": "LOW",
        "interchange": "WESTERN_I75_SAWGRASS",
        "cesium_category": "INTERCHANGE_CONNECTOR",
        "review_note": "Function is topology-derived. Structure type is inferred from OSM bridge/layer tags; FLYOVER/OVERPASS distinctions should be verified against imagery or FDOT plans."
      },
      "geometry": {
        "type": "LineString",
        "coordinates": [
          [
            -80.3463698,
            26.1224892
          ],
          [
            -80.3465361,
            26.1223986
          ],
          [
            -80.3467184,
            26.1223079
          ],
          [
            -80.3469017,
            26.1222272
          ],
          [
            -80.3470986,
            26.1221464
          ],
          [
            -80.3472786,
            26.122087
          ],
          [
            -80.347478,
            26.1220296
          ],
          [
            -80.3476551,
            26.1219841
          ],
          [
            -80.3478459,
            26.1219407
          ],
          [
            -80.3480865,
            26.1218998
          ]
        ]
      }
    },
    {
      "type": "Feature",
      "properties": {
        "@id": "way/42315598",
        "bridge": "yes",
        "highway": "motorway_link",
        "lanes": "2",
        "layer": "2",
        "lit": "no",
        "oneway": "yes",
        "source": "OpenStreetMap / Overpass",
        "surface": "asphalt",
        "toll": "no",
        "corridor": "I-595",
        "road_type": "RAMP_CONNECTOR",
        "interchange_group": "WESTERN_I75_SAWGRASS",
        "movement_type": "OUTBOUND_CONNECTOR_CHAIN",
        "connected_facility": "I595_NETWORK",
        "validation": "TOPOLOGY_CONFIRMED",
        "validation_rule": "Directed OSM motorway_link chain starts from or ends at I-595 EB/WB mainline",
        "osm_way_id": "way/42315598",
        "asset_type": "RAMP",
        "ramp_type": "INTERCHANGE_CONNECTOR",
        "function_confidence": "MEDIUM",
        "direction": "EB",
        "from_road": "I-595 network",
        "to_road": "I-75 / Sawgrass Expressway",
        "road_inference_basis": "INTERCHANGE_GROUP",
        "elevated": true,
        "structure_type": "FLYOVER_OR_OVERPASS",
        "structure_confidence": "HIGH",
        "interchange": "WESTERN_I75_SAWGRASS",
        "cesium_category": "INTERCHANGE_CONNECTOR",
        "review_note": "Function is topology-derived. Structure type is inferred from OSM bridge/layer tags; FLYOVER/OVERPASS distinctions should be verified against imagery or FDOT plans."
      },
      "geometry": {
        "type": "LineString",
        "coordinates": [
          [
            -80.3530541,
            26.1215249
          ],
          [
            -80.3526344,
            26.1213823
          ],
          [
            -80.3521877,
            26.1212397
          ],
          [
            -80.3518032,
            26.1211277
          ],
          [
            -80.3513984,
            26.1210184
          ],
          [
            -80.3510023,
            26.1209201
          ],
          [
            -80.3505889,
            26.1208297
          ],
          [
            -80.3502381,
            26.1207605
          ],
          [
            -80.3498786,
            26.1206965
          ],
          [
            -80.3493571,
            26.1206165
          ],
          [
            -80.3489982,
            26.1205703
          ],
          [
            -80.348619,
            26.1205293
          ],
          [
            -80.3483241,
            26.1205082
          ],
          [
            -80.3480345,
            26.1204965
          ],
          [
            -80.3478283,
            26.1204988
          ],
          [
            -80.3476268,
            26.1205074
          ],
          [
            -80.3473699,
            26.1205324
          ],
          [
            -80.3471187,
            26.1205657
          ],
          [
            -80.3468766,
            26.1206092
          ],
          [
            -80.3466719,
            26.1206547
          ],
          [
            -80.3464689,
            26.120711
          ],
          [
            -80.3462752,
            26.1207713
          ],
          [
            -80.3460156,
            26.1208655
          ],
          [
            -80.3457741,
            26.120966
          ],
          [
            -80.3454819,
            26.1211083
          ],
          [
            -80.3452663,
            26.1212293
          ],
          [
            -80.3450612,
            26.1213587
          ],
          [
            -80.3448747,
            26.1214869
          ],
          [
            -80.3447023,
            26.1216109
          ],
          [
            -80.3445065,
            26.1217688
          ],
          [
            -80.3443271,
            26.1219288
          ],
          [
            -80.3441362,
            26.1221226
          ],
          [
            -80.3439664,
            26.1223143
          ],
          [
            -80.3438407,
            26.1224804
          ],
          [
            -80.3437193,
            26.1226639
          ],
          [
            -80.3436059,
            26.1228474
          ],
          [
            -80.3435029,
            26.123027
          ],
          [
            -80.3434139,
            26.1232053
          ],
          [
            -80.3433312,
            26.1233902
          ],
          [
            -80.3432594,
            26.1235713
          ],
          [
            -80.343196,
            26.1237524
          ],
          [
            -80.3431382,
            26.1239503
          ],
          [
            -80.3430909,
            26.1241407
          ]
        ]
      }
    },
    {
      "type": "Feature",
      "properties": {
        "@id": "way/42345528",
        "destination:ref": "I 595 West;to I 75",
        "highway": "motorway_link",
        "lanes": "1",
        "lit": "yes",
        "oneway": "yes",
        "surface": "asphalt",
        "corridor": "I-595",
        "road_type": "RAMP_CONNECTOR",
        "interchange_group": "WESTERN_I75_SAWGRASS",
        "movement_type": "ENTRY_TO_I595",
        "connected_facility": "I595_GP_WB",
        "validation": "TOPOLOGY_CONFIRMED",
        "validation_rule": "Directed OSM motorway_link chain starts from or ends at I-595 EB/WB mainline",
        "osm_way_id": "way/42345528",
        "source": "OpenStreetMap / Overpass",
        "asset_type": "RAMP",
        "ramp_type": "INTERCHANGE_CONNECTOR",
        "function_confidence": "HIGH",
        "direction": "WB",
        "from_road": "I-75 / Sawgrass Expressway",
        "to_road": "I-595",
        "road_inference_basis": "INTERCHANGE_GROUP",
        "elevated": false,
        "structure_type": "AT_GRADE_OR_UNKNOWN",
        "structure_confidence": "LOW",
        "interchange": "WESTERN_I75_SAWGRASS",
        "cesium_category": "INTERCHANGE_CONNECTOR",
        "review_note": "Function is topology-derived. Structure type is inferred from OSM bridge/layer tags; FLYOVER/OVERPASS distinctions should be verified against imagery or FDOT plans."
      },
      "geometry": {
        "type": "LineString",
        "coordinates": [
          [
            -80.2517647,
            26.0995222
          ],
          [
            -80.2519505,
            26.0995871
          ],
          [
            -80.2548213,
            26.1003617
          ],
          [
            -80.2553471,
            26.1005133
          ],
          [
            -80.2558125,
            26.1006581
          ],
          [
            -80.2568426,
            26.1008996
          ]
        ]
      }
    },
    {
      "type": "Feature",
      "properties": {
        "@id": "way/42345530",
        "bridge": "yes",
        "destination:ref": "I 595 West;to I 75",
        "highway": "motorway_link",
        "lanes": "1",
        "layer": "2",
        "lit": "yes",
        "oneway": "yes",
        "surface": "concrete",
        "corridor": "I-595",
        "road_type": "RAMP_CONNECTOR",
        "interchange_group": "WESTERN_I75_SAWGRASS",
        "movement_type": "INBOUND_CONNECTOR_CHAIN",
        "connected_facility": "I595_NETWORK",
        "validation": "TOPOLOGY_CONFIRMED",
        "validation_rule": "Directed OSM motorway_link chain starts from or ends at I-595 EB/WB mainline",
        "osm_way_id": "way/42345530",
        "source": "OpenStreetMap / Overpass",
        "asset_type": "RAMP",
        "ramp_type": "INTERCHANGE_CONNECTOR",
        "function_confidence": "MEDIUM",
        "direction": "NB",
        "from_road": "I-75 / Sawgrass Expressway",
        "to_road": "I-595 network",
        "road_inference_basis": "INTERCHANGE_GROUP",
        "elevated": true,
        "structure_type": "FLYOVER_OR_OVERPASS",
        "structure_confidence": "HIGH",
        "interchange": "WESTERN_I75_SAWGRASS",
        "cesium_category": "INTERCHANGE_CONNECTOR",
        "review_note": "Function is topology-derived. Structure type is inferred from OSM bridge/layer tags; FLYOVER/OVERPASS distinctions should be verified against imagery or FDOT plans."
      },
      "geometry": {
        "type": "LineString",
        "coordinates": [
          [
            -80.2504795,
            26.0978752
          ],
          [
            -80.2505097,
            26.0981439
          ],
          [
            -80.2505697,
            26.0983443
          ],
          [
            -80.250647,
            26.098537
          ],
          [
            -80.2507586,
            26.0987297
          ],
          [
            -80.2508873,
            26.0989147
          ],
          [
            -80.2510761,
            26.0991073
          ],
          [
            -80.2513079,
            26.0992846
          ],
          [
            -80.2515568,
            26.0994311
          ],
          [
            -80.2517647,
            26.0995222
          ]
        ]
      }
    },
    {
      "type": "Feature",
      "properties": {
        "@id": "way/42345531",
        "destination:ref": "I 595 West;to I 75",
        "highway": "motorway_link",
        "lanes": "1",
        "oneway": "yes",
        "corridor": "I-595",
        "road_type": "RAMP_CONNECTOR",
        "interchange_group": "WESTERN_I75_SAWGRASS",
        "movement_type": "INBOUND_CONNECTOR_CHAIN",
        "connected_facility": "I595_NETWORK",
        "validation": "TOPOLOGY_CONFIRMED",
        "validation_rule": "Directed OSM motorway_link chain starts from or ends at I-595 EB/WB mainline",
        "osm_way_id": "way/42345531",
        "source": "OpenStreetMap / Overpass",
        "asset_type": "RAMP",
        "ramp_type": "INTERCHANGE_CONNECTOR",
        "function_confidence": "MEDIUM",
        "direction": "NB",
        "from_road": "I-75 / Sawgrass Expressway",
        "to_road": "I-595 network",
        "road_inference_basis": "INTERCHANGE_GROUP",
        "elevated": false,
        "structure_type": "AT_GRADE_OR_UNKNOWN",
        "structure_confidence": "LOW",
        "interchange": "WESTERN_I75_SAWGRASS",
        "cesium_category": "INTERCHANGE_CONNECTOR",
        "review_note": "Function is topology-derived. Structure type is inferred from OSM bridge/layer tags; FLYOVER/OVERPASS distinctions should be verified against imagery or FDOT plans."
      },
      "geometry": {
        "type": "LineString",
        "coordinates": [
          [
            -80.2504943,
            26.0975467
          ],
          [
            -80.2504804,
            26.0977137
          ],
          [
            -80.2504795,
            26.0978752
          ]
        ]
      }
    },
    {
      "type": "Feature",
      "properties": {
        "@id": "way/42345532",
        "bridge": "yes",
        "destination:ref": "I 595 West;to I 75",
        "highway": "motorway_link",
        "lanes": "1",
        "layer": "1",
        "oneway": "yes",
        "surface": "concrete",
        "corridor": "I-595",
        "road_type": "RAMP_CONNECTOR",
        "interchange_group": "WESTERN_I75_SAWGRASS",
        "movement_type": "INBOUND_CONNECTOR_CHAIN",
        "connected_facility": "I595_NETWORK",
        "validation": "TOPOLOGY_CONFIRMED",
        "validation_rule": "Directed OSM motorway_link chain starts from or ends at I-595 EB/WB mainline",
        "osm_way_id": "way/42345532",
        "source": "OpenStreetMap / Overpass",
        "asset_type": "RAMP",
        "ramp_type": "INTERCHANGE_CONNECTOR",
        "function_confidence": "MEDIUM",
        "direction": "NB",
        "from_road": "I-75 / Sawgrass Expressway",
        "to_road": "I-595 network",
        "road_inference_basis": "INTERCHANGE_GROUP",
        "elevated": true,
        "structure_type": "FLYOVER_OR_OVERPASS",
        "structure_confidence": "HIGH",
        "interchange": "WESTERN_I75_SAWGRASS",
        "cesium_category": "INTERCHANGE_CONNECTOR",
        "review_note": "Function is topology-derived. Structure type is inferred from OSM bridge/layer tags; FLYOVER/OVERPASS distinctions should be verified against imagery or FDOT plans."
      },
      "geometry": {
        "type": "LineString",
        "coordinates": [
          [
            -80.2508346,
            26.0963305
          ],
          [
            -80.2505458,
            26.0973094
          ],
          [
            -80.2504943,
            26.0975467
          ]
        ]
      }
    },
    {
      "type": "Feature",
      "properties": {
        "@id": "way/42346863",
        "bridge": "yes",
        "destination": "Fort Lauderdale;West Palm Beach",
        "destination:ref": "I 95 North",
        "highway": "motorway_link",
        "lanes": "2",
        "layer": "3",
        "lit": "no",
        "oneway": "yes",
        "surface": "concrete",
        "tiger:county": "Broward, FL",
        "corridor": "I-595",
        "road_type": "RAMP_CONNECTOR",
        "interchange_group": "I95",
        "movement_type": "OUTBOUND_CONNECTOR_CHAIN",
        "connected_facility": "I595_NETWORK",
        "validation": "TOPOLOGY_CONFIRMED",
        "validation_rule": "Directed OSM motorway_link chain starts from or ends at I-595 EB/WB mainline",
        "osm_way_id": "way/42346863",
        "source": "OpenStreetMap / Overpass",
        "asset_type": "RAMP",
        "ramp_type": "INTERCHANGE_CONNECTOR",
        "function_confidence": "MEDIUM",
        "direction": "NB",
        "from_road": "I-595 network",
        "to_road": "I-95",
        "road_inference_basis": "INTERCHANGE_GROUP",
        "elevated": true,
        "structure_type": "FLYOVER_OR_OVERPASS",
        "structure_confidence": "HIGH",
        "interchange": "I95",
        "cesium_category": "INTERCHANGE_CONNECTOR",
        "review_note": "Function is topology-derived. Structure type is inferred from OSM bridge/layer tags; FLYOVER/OVERPASS distinctions should be verified against imagery or FDOT plans."
      },
      "geometry": {
        "type": "LineString",
        "coordinates": [
          [
            -80.171312,
            26.0827405
          ],
          [
            -80.1710423,
            26.0828641
          ],
          [
            -80.1705889,
            26.0831216
          ],
          [
            -80.1700774,
            26.0834445
          ],
          [
            -80.1698117,
            26.083634
          ],
          [
            -80.1694614,
            26.0839045
          ],
          [
            -80.169165,
            26.0841535
          ],
          [
            -80.168928,
            26.084381
          ],
          [
            -80.1687187,
            26.0846149
          ],
          [
            -80.1684969,
            26.0848518
          ],
          [
            -80.1682084,
            26.0851918
          ],
          [
            -80.1679579,
            26.0855533
          ],
          [
            -80.1678394,
            26.0857559
          ],
          [
            -80.1676814,
            26.0861027
          ],
          [
            -80.167578,
            26.0863554
          ],
          [
            -80.1674955,
            26.0866933
          ],
          [
            -80.1674474,
            26.0870442
          ]
        ]
      }
    },
    {
      "type": "Feature",
      "properties": {
        "@id": "way/42347065",
        "bridge": "yes",
        "destination:ref": "I 595 West",
        "highway": "motorway_link",
        "lanes": "2",
        "layer": "1",
        "lit": "no",
        "oneway": "yes",
        "surface": "concrete",
        "corridor": "I-595",
        "road_type": "RAMP_CONNECTOR",
        "interchange_group": "SR7_US441",
        "movement_type": "ENTRY_TO_I595",
        "connected_facility": "I595_GP_WB",
        "validation": "TOPOLOGY_CONFIRMED",
        "validation_rule": "Directed OSM motorway_link chain starts from or ends at I-595 EB/WB mainline",
        "osm_way_id": "way/42347065",
        "source": "OpenStreetMap / Overpass",
        "asset_type": "RAMP",
        "ramp_type": "ENTRY_RAMP",
        "function_confidence": "HIGH",
        "direction": "WB",
        "from_road": "US-441 / SR-7",
        "to_road": "I-595",
        "road_inference_basis": "INTERCHANGE_GROUP",
        "elevated": true,
        "structure_type": "FLYOVER_OR_OVERPASS",
        "structure_confidence": "HIGH",
        "interchange": "SR7_US441",
        "cesium_category": "ENTRY_RAMP",
        "review_note": "Function is topology-derived. Structure type is inferred from OSM bridge/layer tags; FLYOVER/OVERPASS distinctions should be verified against imagery or FDOT plans."
      },
      "geometry": {
        "type": "LineString",
        "coordinates": [
          [
            -80.1760271,
            26.0834407
          ],
          [
            -80.1771972,
            26.0834935
          ],
          [
            -80.1782549,
            26.0835734
          ],
          [
            -80.1801009,
            26.0837744
          ],
          [
            -80.1819964,
            26.0839229
          ]
        ]
      }
    },
    {
      "type": "Feature",
      "properties": {
        "@id": "way/42352406",
        "destination": "Miami",
        "destination:ref": "I 95 South",
        "highway": "motorway_link",
        "junction:ref": "10B",
        "lanes": "2",
        "lit": "no",
        "oneway": "yes",
        "surface": "asphalt",
        "tiger:county": "Broward, FL",
        "corridor": "I-595",
        "road_type": "RAMP_CONNECTOR",
        "interchange_group": "I95",
        "movement_type": "EXIT_FROM_I595",
        "connected_facility": "I595_GP_WB",
        "validation": "TOPOLOGY_CONFIRMED",
        "validation_rule": "Directed OSM motorway_link chain starts from or ends at I-595 EB/WB mainline",
        "osm_way_id": "way/42352406",
        "source": "OpenStreetMap / Overpass",
        "asset_type": "RAMP",
        "ramp_type": "INTERCHANGE_CONNECTOR",
        "function_confidence": "HIGH",
        "direction": "WB",
        "from_road": "I-595",
        "to_road": "I-95",
        "road_inference_basis": "INTERCHANGE_GROUP",
        "elevated": false,
        "structure_type": "AT_GRADE_OR_UNKNOWN",
        "structure_confidence": "LOW",
        "interchange": "I95",
        "cesium_category": "INTERCHANGE_CONNECTOR",
        "review_note": "Function is topology-derived. Structure type is inferred from OSM bridge/layer tags; FLYOVER/OVERPASS distinctions should be verified against imagery or FDOT plans."
      },
      "geometry": {
        "type": "LineString",
        "coordinates": [
          [
            -80.1591729,
            26.0814806
          ],
          [
            -80.1596278,
            26.0815732
          ],
          [
            -80.1610291,
            26.0817293
          ],
          [
            -80.1626255,
            26.081922
          ],
          [
            -80.1632693,
            26.0820145
          ],
          [
            -80.1638186,
            26.0821456
          ],
          [
            -80.1642735,
            26.0822843
          ],
          [
            -80.1646855,
            26.0824385
          ],
          [
            -80.1650631,
            26.0826158
          ],
          [
            -80.1660073,
            26.083141
          ],
          [
            -80.1667932,
            26.0835641
          ],
          [
            -80.1671702,
            26.0837318
          ]
        ]
      }
    },
    {
      "type": "Feature",
      "properties": {
        "@id": "way/42353498",
        "bridge": "yes",
        "destination:ref": "I 595 West",
        "destination:ref:to": "I 95;Florida's Turnpike",
        "highway": "motorway_link",
        "lanes": "1",
        "layer": "1",
        "oneway": "yes",
        "surface": "asphalt",
        "corridor": "I-595",
        "road_type": "RAMP_CONNECTOR",
        "interchange_group": "I95",
        "movement_type": "INBOUND_CONNECTOR_CHAIN",
        "connected_facility": "I595_NETWORK",
        "validation": "TOPOLOGY_CONFIRMED",
        "validation_rule": "Directed OSM motorway_link chain starts from or ends at I-595 EB/WB mainline",
        "osm_way_id": "way/42353498",
        "source": "OpenStreetMap / Overpass",
        "asset_type": "RAMP",
        "ramp_type": "INTERCHANGE_CONNECTOR",
        "function_confidence": "MEDIUM",
        "direction": "WB",
        "from_road": "I-95",
        "to_road": "I-595 network",
        "road_inference_basis": "INTERCHANGE_GROUP",
        "elevated": true,
        "structure_type": "FLYOVER_OR_OVERPASS",
        "structure_confidence": "HIGH",
        "interchange": "I95",
        "cesium_category": "INTERCHANGE_CONNECTOR",
        "review_note": "Function is topology-derived. Structure type is inferred from OSM bridge/layer tags; FLYOVER/OVERPASS distinctions should be verified against imagery or FDOT plans."
      },
      "geometry": {
        "type": "LineString",
        "coordinates": [
          [
            -80.1364508,
            26.0817175
          ],
          [
            -80.1365883,
            26.081643
          ],
          [
            -80.1369503,
            26.0814995
          ],
          [
            -80.1373342,
            26.081412
          ],
          [
            -80.1377201,
            26.0813912
          ]
        ]
      }
    },
    {
      "type": "Feature",
      "properties": {
        "@id": "way/42353499",
        "destination:ref": "I 595 West",
        "destination:ref:to": "I 95;Florida's Turnpike",
        "highway": "motorway_link",
        "lanes": "1",
        "lit": "no",
        "oneway": "yes",
        "surface": "asphalt",
        "corridor": "I-595",
        "road_type": "RAMP_CONNECTOR",
        "interchange_group": "I95",
        "movement_type": "INBOUND_CONNECTOR_CHAIN",
        "connected_facility": "I595_NETWORK",
        "validation": "TOPOLOGY_CONFIRMED",
        "validation_rule": "Directed OSM motorway_link chain starts from or ends at I-595 EB/WB mainline",
        "osm_way_id": "way/42353499",
        "source": "OpenStreetMap / Overpass",
        "asset_type": "RAMP",
        "ramp_type": "INTERCHANGE_CONNECTOR",
        "function_confidence": "MEDIUM",
        "direction": "WB",
        "from_road": "I-95",
        "to_road": "I-595 network",
        "road_inference_basis": "INTERCHANGE_GROUP",
        "elevated": false,
        "structure_type": "AT_GRADE_OR_UNKNOWN",
        "structure_confidence": "LOW",
        "interchange": "I95",
        "cesium_category": "INTERCHANGE_CONNECTOR",
        "review_note": "Function is topology-derived. Structure type is inferred from OSM bridge/layer tags; FLYOVER/OVERPASS distinctions should be verified against imagery or FDOT plans."
      },
      "geometry": {
        "type": "LineString",
        "coordinates": [
          [
            -80.1377201,
            26.0813912
          ],
          [
            -80.1386613,
            26.0814361
          ],
          [
            -80.1391956,
            26.0814657
          ]
        ]
      }
    },
    {
      "type": "Feature",
      "properties": {
        "@id": "way/42353644",
        "destination": "Fort Lauderdale",
        "destination:ref": "US 1 North",
        "highway": "motorway_link",
        "junction:ref": "12B",
        "lanes": "2",
        "lit": "yes",
        "maxspeed:advisory": "30 mph",
        "oneway": "yes",
        "surface": "asphalt",
        "corridor": "I-595",
        "road_type": "RAMP_CONNECTOR",
        "interchange_group": "I95",
        "movement_type": "EXIT_FROM_I595",
        "connected_facility": "I595_GP_EB",
        "validation": "TOPOLOGY_CONFIRMED",
        "validation_rule": "Directed OSM motorway_link chain starts from or ends at I-595 EB/WB mainline",
        "osm_way_id": "way/42353644",
        "source": "OpenStreetMap / Overpass",
        "asset_type": "RAMP",
        "ramp_type": "INTERCHANGE_CONNECTOR",
        "function_confidence": "HIGH",
        "direction": "EB",
        "from_road": "I-595",
        "to_road": "I-95",
        "road_inference_basis": "INTERCHANGE_GROUP",
        "elevated": false,
        "structure_type": "AT_GRADE_OR_UNKNOWN",
        "structure_confidence": "LOW",
        "interchange": "I95",
        "cesium_category": "INTERCHANGE_CONNECTOR",
        "review_note": "Function is topology-derived. Structure type is inferred from OSM bridge/layer tags; FLYOVER/OVERPASS distinctions should be verified against imagery or FDOT plans."
      },
      "geometry": {
        "type": "LineString",
        "coordinates": [
          [
            -80.1354757,
            26.0805367
          ],
          [
            -80.1348771,
            26.0803812
          ],
          [
            -80.1325624,
            26.0798558
          ],
          [
            -80.1323049,
            26.0797787
          ],
          [
            -80.1321247,
            26.0796939
          ],
          [
            -80.1319702,
            26.0795706
          ],
          [
            -80.13185,
            26.0794395
          ],
          [
            -80.1317556,
            26.0792931
          ],
          [
            -80.131687,
            26.0791312
          ],
          [
            -80.1316612,
            26.0789847
          ],
          [
            -80.1316612,
            26.0788228
          ],
          [
            -80.131687,
            26.0786455
          ],
          [
            -80.131747,
            26.0784682
          ],
          [
            -80.1318329,
            26.0783063
          ],
          [
            -80.131953,
            26.0781829
          ],
          [
            -80.1320904,
            26.078075
          ],
          [
            -80.132262,
            26.0779748
          ],
          [
            -80.1324337,
            26.0779131
          ],
          [
            -80.1326397,
            26.0778823
          ],
          [
            -80.1328285,
            26.0778823
          ],
          [
            -80.1330345,
            26.0779131
          ],
          [
            -80.1332062,
            26.0779748
          ],
          [
            -80.1333778,
            26.078075
          ],
          [
            -80.1335237,
            26.0781752
          ],
          [
            -80.1336611,
            26.0783294
          ],
          [
            -80.1337469,
            26.0784836
          ],
          [
            -80.1338186,
            26.0786377
          ],
          [
            -80.134034,
            26.0791843
          ]
        ]
      }
    },
    {
      "type": "Feature",
      "properties": {
        "@id": "way/42353716",
        "bridge": "yes",
        "highway": "motorway_link",
        "lanes": "1",
        "layer": "1",
        "lit": "no",
        "oneway": "yes",
        "surface": "concrete",
        "corridor": "I-595",
        "road_type": "RAMP_CONNECTOR",
        "interchange_group": "I95",
        "movement_type": "ENTRY_TO_I595",
        "connected_facility": "I595_GP_WB",
        "validation": "TOPOLOGY_CONFIRMED",
        "validation_rule": "Directed OSM motorway_link chain starts from or ends at I-595 EB/WB mainline",
        "osm_way_id": "way/42353716",
        "source": "OpenStreetMap / Overpass",
        "asset_type": "RAMP",
        "ramp_type": "INTERCHANGE_CONNECTOR",
        "function_confidence": "HIGH",
        "direction": "WB",
        "from_road": "I-95",
        "to_road": "I-595",
        "road_inference_basis": "INTERCHANGE_GROUP",
        "elevated": true,
        "structure_type": "FLYOVER_OR_OVERPASS",
        "structure_confidence": "HIGH",
        "interchange": "I95",
        "cesium_category": "INTERCHANGE_CONNECTOR",
        "review_note": "Function is topology-derived. Structure type is inferred from OSM bridge/layer tags; FLYOVER/OVERPASS distinctions should be verified against imagery or FDOT plans."
      },
      "geometry": {
        "type": "LineString",
        "coordinates": [
          [
            -80.1391956,
            26.0814657
          ],
          [
            -80.1402226,
            26.0815079
          ],
          [
            -80.1411529,
            26.08151
          ]
        ]
      }
    },
    {
      "type": "Feature",
      "properties": {
        "@id": "way/42354014",
        "bridge": "yes",
        "highway": "motorway_link",
        "lanes": "2",
        "layer": "1",
        "lit": "yes",
        "oneway": "yes",
        "surface": "concrete",
        "corridor": "I-595",
        "road_type": "RAMP_CONNECTOR",
        "interchange_group": "I95",
        "movement_type": "INBOUND_CONNECTOR_CHAIN",
        "connected_facility": "I595_NETWORK",
        "validation": "TOPOLOGY_CONFIRMED",
        "validation_rule": "Directed OSM motorway_link chain starts from or ends at I-595 EB/WB mainline",
        "osm_way_id": "way/42354014",
        "source": "OpenStreetMap / Overpass",
        "asset_type": "RAMP",
        "ramp_type": "INTERCHANGE_CONNECTOR",
        "function_confidence": "MEDIUM",
        "direction": "NB",
        "from_road": "I-95",
        "to_road": "I-595 network",
        "road_inference_basis": "INTERCHANGE_GROUP",
        "elevated": true,
        "structure_type": "FLYOVER_OR_OVERPASS",
        "structure_confidence": "HIGH",
        "interchange": "I95",
        "cesium_category": "INTERCHANGE_CONNECTOR",
        "review_note": "Function is topology-derived. Structure type is inferred from OSM bridge/layer tags; FLYOVER/OVERPASS distinctions should be verified against imagery or FDOT plans."
      },
      "geometry": {
        "type": "LineString",
        "coordinates": [
          [
            -80.1313698,
            26.0785437
          ],
          [
            -80.1313499,
            26.0786536
          ],
          [
            -80.1313371,
            26.0787605
          ],
          [
            -80.1313278,
            26.0788758
          ],
          [
            -80.1313274,
            26.0789845
          ],
          [
            -80.1313327,
            26.0790977
          ],
          [
            -80.1313471,
            26.0792027
          ],
          [
            -80.1313684,
            26.0793096
          ],
          [
            -80.1314046,
            26.0794147
          ],
          [
            -80.1314439,
            26.0795184
          ],
          [
            -80.1314864,
            26.0796173
          ],
          [
            -80.1315412,
            26.0797138
          ],
          [
            -80.1316049,
            26.0798035
          ],
          [
            -80.131699,
            26.079906
          ],
          [
            -80.1317849,
            26.0799905
          ],
          [
            -80.131866,
            26.0800648
          ],
          [
            -80.131953,
            26.0801392
          ],
          [
            -80.1320327,
            26.0802023
          ],
          [
            -80.1321219,
            26.0802654
          ],
          [
            -80.1322131,
            26.0803179
          ],
          [
            -80.1323043,
            26.0803632
          ],
          [
            -80.1324081,
            26.0804079
          ],
          [
            -80.1325112,
            26.0804458
          ],
          [
            -80.1326138,
            26.0804787
          ],
          [
            -80.1327426,
            26.0805115
          ]
        ]
      }
    },
    {
      "type": "Feature",
      "properties": {
        "@id": "way/42354820",
        "destination:ref": "US 441;I 595 East;SR 84 East",
        "destination:symbol": "airport",
        "highway": "motorway_link",
        "lanes": "1",
        "lit": "no",
        "oneway": "yes",
        "surface": "asphalt",
        "tiger:county": "Broward, FL",
        "toll": "yes",
        "corridor": "I-595",
        "road_type": "RAMP_CONNECTOR",
        "interchange_group": "SR7_US441",
        "movement_type": "INBOUND_CONNECTOR_CHAIN",
        "connected_facility": "I595_NETWORK",
        "validation": "TOPOLOGY_CONFIRMED",
        "validation_rule": "Directed OSM motorway_link chain starts from or ends at I-595 EB/WB mainline",
        "osm_way_id": "way/42354820",
        "source": "OpenStreetMap / Overpass",
        "asset_type": "RAMP",
        "ramp_type": "INTERCHANGE_RAMP",
        "function_confidence": "MEDIUM",
        "direction": "NB",
        "from_road": "US-441 / SR-7",
        "to_road": "I-595 network",
        "road_inference_basis": "INTERCHANGE_GROUP",
        "elevated": false,
        "structure_type": "AT_GRADE_OR_UNKNOWN",
        "structure_confidence": "LOW",
        "interchange": "SR7_US441",
        "cesium_category": "INTERCHANGE_RAMP",
        "review_note": "Function is topology-derived. Structure type is inferred from OSM bridge/layer tags; FLYOVER/OVERPASS distinctions should be verified against imagery or FDOT plans."
      },
      "geometry": {
        "type": "LineString",
        "coordinates": [
          [
            -80.2132276,
            26.0861861
          ],
          [
            -80.2127402,
            26.0872101
          ],
          [
            -80.2126462,
            26.0873924
          ],
          [
            -80.2125714,
            26.0875094
          ],
          [
            -80.2124688,
            26.087638
          ],
          [
            -80.2121996,
            26.0879105
          ]
        ]
      }
    },
    {
      "type": "Feature",
      "properties": {
        "@id": "way/42355295",
        "destination:ref": "SR 84 East;I 595 East;US 441 South",
        "destination:to": "Airport",
        "highway": "motorway_link",
        "lanes": "2",
        "lit": "no",
        "oneway": "yes",
        "surface": "asphalt",
        "toll": "yes",
        "turn:lanes": "none|through;slight_right",
        "corridor": "I-595",
        "road_type": "RAMP_CONNECTOR",
        "interchange_group": "SR7_US441",
        "movement_type": "INBOUND_CONNECTOR_CHAIN",
        "connected_facility": "I595_NETWORK",
        "validation": "TOPOLOGY_CONFIRMED",
        "validation_rule": "Directed OSM motorway_link chain starts from or ends at I-595 EB/WB mainline",
        "osm_way_id": "way/42355295",
        "source": "OpenStreetMap / Overpass",
        "asset_type": "RAMP",
        "ramp_type": "INTERCHANGE_RAMP",
        "function_confidence": "MEDIUM",
        "direction": "EB",
        "from_road": "US-441 / SR-7",
        "to_road": "I-595 network",
        "road_inference_basis": "INTERCHANGE_GROUP",
        "elevated": false,
        "structure_type": "AT_GRADE_OR_UNKNOWN",
        "structure_confidence": "LOW",
        "interchange": "SR7_US441",
        "cesium_category": "INTERCHANGE_RAMP",
        "review_note": "Function is topology-derived. Structure type is inferred from OSM bridge/layer tags; FLYOVER/OVERPASS distinctions should be verified against imagery or FDOT plans."
      },
      "geometry": {
        "type": "LineString",
        "coordinates": [
          [
            -80.2093387,
            26.087754
          ],
          [
            -80.2091898,
            26.0876494
          ],
          [
            -80.2090866,
            26.0875918
          ],
          [
            -80.2087734,
            26.0873946
          ],
          [
            -80.2086693,
            26.0873208
          ],
          [
            -80.2085724,
            26.0872501
          ],
          [
            -80.2084731,
            26.0871775
          ],
          [
            -80.2083703,
            26.0871021
          ],
          [
            -80.208274,
            26.0870293
          ],
          [
            -80.2078878,
            26.086737
          ]
        ]
      }
    },
    {
      "type": "Feature",
      "properties": {
        "@id": "way/42355546",
        "destination:ref": "I 595 East",
        "highway": "motorway_link",
        "lanes": "1",
        "lit": "no",
        "oneway": "yes",
        "surface": "asphalt",
        "toll": "no",
        "turn:lanes": "merge_to_left",
        "corridor": "I-595",
        "road_type": "RAMP_CONNECTOR",
        "interchange_group": "FLORIDAS_TURNPIKE",
        "movement_type": "INBOUND_CONNECTOR_CHAIN",
        "connected_facility": "I595_NETWORK",
        "validation": "TOPOLOGY_CONFIRMED",
        "validation_rule": "Directed OSM motorway_link chain starts from or ends at I-595 EB/WB mainline",
        "osm_way_id": "way/42355546",
        "source": "OpenStreetMap / Overpass",
        "asset_type": "RAMP",
        "ramp_type": "INTERCHANGE_CONNECTOR",
        "function_confidence": "MEDIUM",
        "direction": "EB",
        "from_road": "Florida's Turnpike",
        "to_road": "I-595 network",
        "road_inference_basis": "INTERCHANGE_GROUP",
        "elevated": false,
        "structure_type": "AT_GRADE_OR_UNKNOWN",
        "structure_confidence": "LOW",
        "interchange": "FLORIDAS_TURNPIKE",
        "cesium_category": "INTERCHANGE_CONNECTOR",
        "review_note": "Function is topology-derived. Structure type is inferred from OSM bridge/layer tags; FLYOVER/OVERPASS distinctions should be verified against imagery or FDOT plans."
      },
      "geometry": {
        "type": "LineString",
        "coordinates": [
          [
            -80.2011288,
            26.0825386
          ],
          [
            -80.2007776,
            26.0825431
          ],
          [
            -80.1999749,
            26.0825444
          ],
          [
            -80.1995688,
            26.0825443
          ],
          [
            -80.1993766,
            26.0825463
          ],
          [
            -80.1992081,
            26.0825508
          ],
          [
            -80.1990676,
            26.0825569
          ],
          [
            -80.1989248,
            26.082569
          ],
          [
            -80.1987786,
            26.0825882
          ],
          [
            -80.1986607,
            26.0826054
          ],
          [
            -80.1985367,
            26.0826296
          ],
          [
            -80.197701,
            26.0828326
          ],
          [
            -80.1970706,
            26.0829843
          ],
          [
            -80.196828,
            26.0830391
          ],
          [
            -80.196442,
            26.0831254
          ],
          [
            -80.1961425,
            26.0832008
          ]
        ]
      }
    },
    {
      "type": "Feature",
      "properties": {
        "@id": "way/42358221",
        "destination:ref": "SR 84 East",
        "highway": "motorway_link",
        "lanes": "2",
        "lit": "no",
        "oneway": "yes",
        "surface": "asphalt",
        "toll": "yes",
        "turn:lanes": "merge_to_right|none",
        "corridor": "I-595",
        "road_type": "RAMP_CONNECTOR",
        "interchange_group": "FLORIDAS_TURNPIKE",
        "movement_type": "INBOUND_CONNECTOR_CHAIN",
        "connected_facility": "I595_NETWORK",
        "validation": "TOPOLOGY_CONFIRMED",
        "validation_rule": "Directed OSM motorway_link chain starts from or ends at I-595 EB/WB mainline",
        "osm_way_id": "way/42358221",
        "source": "OpenStreetMap / Overpass",
        "asset_type": "RAMP",
        "ramp_type": "INTERCHANGE_CONNECTOR",
        "function_confidence": "MEDIUM",
        "direction": "EB",
        "from_road": "Florida's Turnpike",
        "to_road": "I-595 network",
        "road_inference_basis": "INTERCHANGE_GROUP",
        "elevated": false,
        "structure_type": "AT_GRADE_OR_UNKNOWN",
        "structure_confidence": "LOW",
        "interchange": "FLORIDAS_TURNPIKE",
        "cesium_category": "INTERCHANGE_CONNECTOR",
        "review_note": "Function is topology-derived. Structure type is inferred from OSM bridge/layer tags; FLYOVER/OVERPASS distinctions should be verified against imagery or FDOT plans."
      },
      "geometry": {
        "type": "LineString",
        "coordinates": [
          [
            -80.2064951,
            26.08571
          ],
          [
            -80.2062838,
            26.0855833
          ],
          [
            -80.2061774,
            26.0855227
          ],
          [
            -80.2060671,
            26.0854644
          ],
          [
            -80.2058498,
            26.085355
          ],
          [
            -80.2057315,
            26.0853044
          ],
          [
            -80.2055895,
            26.0852416
          ]
        ]
      }
    },
    {
      "type": "Feature",
      "properties": {
        "@id": "way/42359734",
        "bridge": "yes",
        "destination:ref": "SR 84 East",
        "highway": "motorway_link",
        "lanes": "2",
        "layer": "1",
        "lit": "no",
        "oneway": "yes",
        "surface": "concrete",
        "toll": "yes",
        "turn:lanes": "slight_left|slight_right",
        "corridor": "I-595",
        "road_type": "RAMP_CONNECTOR",
        "interchange_group": "FLORIDAS_TURNPIKE",
        "movement_type": "INBOUND_CONNECTOR_CHAIN",
        "connected_facility": "I595_NETWORK",
        "validation": "TOPOLOGY_CONFIRMED",
        "validation_rule": "Directed OSM motorway_link chain starts from or ends at I-595 EB/WB mainline",
        "osm_way_id": "way/42359734",
        "source": "OpenStreetMap / Overpass",
        "asset_type": "RAMP",
        "ramp_type": "INTERCHANGE_CONNECTOR",
        "function_confidence": "MEDIUM",
        "direction": "EB",
        "from_road": "Florida's Turnpike",
        "to_road": "I-595 network",
        "road_inference_basis": "INTERCHANGE_GROUP",
        "elevated": true,
        "structure_type": "FLYOVER_OR_OVERPASS",
        "structure_confidence": "HIGH",
        "interchange": "FLORIDAS_TURNPIKE",
        "cesium_category": "INTERCHANGE_CONNECTOR",
        "review_note": "Function is topology-derived. Structure type is inferred from OSM bridge/layer tags; FLYOVER/OVERPASS distinctions should be verified against imagery or FDOT plans."
      },
      "geometry": {
        "type": "LineString",
        "coordinates": [
          [
            -80.2033929,
            26.0846792
          ],
          [
            -80.2027315,
            26.0845476
          ]
        ]
      }
    },
    {
      "type": "Feature",
      "properties": {
        "@id": "way/42359977",
        "destination:ref": "US 441 South",
        "highway": "motorway_link",
        "lanes": "1",
        "lit": "no",
        "oneway": "yes",
        "source": "OpenStreetMap / Overpass",
        "surface": "asphalt",
        "toll": "no",
        "corridor": "I-595",
        "road_type": "RAMP_CONNECTOR",
        "interchange_group": "SR7_US441",
        "movement_type": "OUTBOUND_CONNECTOR_CHAIN",
        "connected_facility": "I595_NETWORK",
        "validation": "TOPOLOGY_CONFIRMED",
        "validation_rule": "Directed OSM motorway_link chain starts from or ends at I-595 EB/WB mainline",
        "osm_way_id": "way/42359977",
        "asset_type": "RAMP",
        "ramp_type": "INTERCHANGE_RAMP",
        "function_confidence": "MEDIUM",
        "direction": "WB",
        "from_road": "I-595 network",
        "to_road": "US-441 / SR-7",
        "road_inference_basis": "INTERCHANGE_GROUP",
        "elevated": false,
        "structure_type": "AT_GRADE_OR_UNKNOWN",
        "structure_confidence": "LOW",
        "interchange": "SR7_US441",
        "cesium_category": "INTERCHANGE_RAMP",
        "review_note": "Function is topology-derived. Structure type is inferred from OSM bridge/layer tags; FLYOVER/OVERPASS distinctions should be verified against imagery or FDOT plans."
      },
      "geometry": {
        "type": "LineString",
        "coordinates": [
          [
            -80.198786,
            26.08521
          ],
          [
            -80.1989865,
            26.0852424
          ],
          [
            -80.1992071,
            26.0852932
          ],
          [
            -80.1994277,
            26.0853427
          ],
          [
            -80.1995963,
            26.0853823
          ],
          [
            -80.1998481,
            26.0854547
          ],
          [
            -80.2000927,
            26.085524
          ],
          [
            -80.200349,
            26.0855979
          ],
          [
            -80.2006053,
            26.0856782
          ],
          [
            -80.2008437,
            26.0857552
          ],
          [
            -80.2010605,
            26.0858255
          ],
          [
            -80.2012371,
            26.0858845
          ],
          [
            -80.2016148,
            26.086011
          ],
          [
            -80.2018387,
            26.0860619
          ]
        ]
      }
    },
    {
      "type": "Feature",
      "properties": {
        "@id": "way/42362900",
        "destination:ref": "US 441",
        "highway": "motorway_link",
        "junction:ref": "9A-B",
        "lanes": "2",
        "lit": "no",
        "oneway": "yes",
        "surface": "asphalt",
        "toll": "no",
        "turn:lanes": "through;slight_right",
        "corridor": "I-595",
        "road_type": "RAMP_CONNECTOR",
        "interchange_group": "SR7_US441",
        "movement_type": "OUTBOUND_CONNECTOR_CHAIN",
        "connected_facility": "I595_NETWORK",
        "validation": "TOPOLOGY_CONFIRMED",
        "validation_rule": "Directed OSM motorway_link chain starts from or ends at I-595 EB/WB mainline",
        "osm_way_id": "way/42362900",
        "source": "OpenStreetMap / Overpass",
        "asset_type": "RAMP",
        "ramp_type": "INTERCHANGE_RAMP",
        "function_confidence": "MEDIUM",
        "direction": "WB",
        "from_road": "I-595 network",
        "to_road": "US-441 / SR-7",
        "road_inference_basis": "INTERCHANGE_GROUP",
        "elevated": false,
        "structure_type": "AT_GRADE_OR_UNKNOWN",
        "structure_confidence": "LOW",
        "interchange": "SR7_US441",
        "cesium_category": "INTERCHANGE_RAMP",
        "review_note": "Function is topology-derived. Structure type is inferred from OSM bridge/layer tags; FLYOVER/OVERPASS distinctions should be verified against imagery or FDOT plans."
      },
      "geometry": {
        "type": "LineString",
        "coordinates": [
          [
            -80.1969092,
            26.0846539
          ],
          [
            -80.1972479,
            26.0847663
          ],
          [
            -80.1975886,
            26.0848718
          ],
          [
            -80.1978147,
            26.0849401
          ],
          [
            -80.1980512,
            26.0850085
          ],
          [
            -80.19841,
            26.085108
          ],
          [
            -80.198786,
            26.08521
          ]
        ]
      }
    },
    {
      "type": "Feature",
      "properties": {
        "@id": "way/42364255",
        "destination:ref": "US 441",
        "highway": "motorway_link",
        "junction:ref": "8;9A;9B",
        "lanes": "2",
        "lit": "no",
        "oneway": "yes",
        "surface": "asphalt",
        "toll": "no",
        "corridor": "I-595",
        "road_type": "RAMP_CONNECTOR",
        "interchange_group": "SR7_US441",
        "movement_type": "EXIT_FROM_I595",
        "connected_facility": "I595_GP_WB",
        "validation": "TOPOLOGY_CONFIRMED",
        "validation_rule": "Directed OSM motorway_link chain starts from or ends at I-595 EB/WB mainline",
        "osm_way_id": "way/42364255",
        "source": "OpenStreetMap / Overpass",
        "asset_type": "RAMP",
        "ramp_type": "EXIT_RAMP",
        "function_confidence": "HIGH",
        "direction": "WB",
        "from_road": "I-595",
        "to_road": "US-441 / SR-7",
        "road_inference_basis": "INTERCHANGE_GROUP",
        "elevated": false,
        "structure_type": "AT_GRADE_OR_UNKNOWN",
        "structure_confidence": "LOW",
        "interchange": "SR7_US441",
        "cesium_category": "EXIT_RAMP",
        "review_note": "Function is topology-derived. Structure type is inferred from OSM bridge/layer tags; FLYOVER/OVERPASS distinctions should be verified against imagery or FDOT plans."
      },
      "geometry": {
        "type": "LineString",
        "coordinates": [
          [
            -80.1930438,
            26.084043
          ],
          [
            -80.1936729,
            26.0841683
          ],
          [
            -80.1939204,
            26.084182
          ],
          [
            -80.1941427,
            26.084192
          ],
          [
            -80.1943773,
            26.0842055
          ],
          [
            -80.1946598,
            26.0842201
          ],
          [
            -80.1948461,
            26.0842304
          ],
          [
            -80.195017,
            26.0842421
          ],
          [
            -80.195169,
            26.0842572
          ]
        ]
      }
    },
    {
      "type": "Feature",
      "properties": {
        "@id": "way/42364262",
        "bridge": "yes",
        "destination:ref": "US 441",
        "highway": "motorway_link",
        "lanes": "2",
        "layer": "1",
        "lit": "no",
        "oneway": "yes",
        "surface": "concrete",
        "toll": "no",
        "turn:lanes": "slight_left|slight_left;slight_right",
        "corridor": "I-595",
        "road_type": "RAMP_CONNECTOR",
        "interchange_group": "SR7_US441",
        "movement_type": "OUTBOUND_CONNECTOR_CHAIN",
        "connected_facility": "I595_NETWORK",
        "validation": "TOPOLOGY_CONFIRMED",
        "validation_rule": "Directed OSM motorway_link chain starts from or ends at I-595 EB/WB mainline",
        "osm_way_id": "way/42364262",
        "source": "OpenStreetMap / Overpass",
        "asset_type": "RAMP",
        "ramp_type": "INTERCHANGE_RAMP",
        "function_confidence": "MEDIUM",
        "direction": "WB",
        "from_road": "I-595 network",
        "to_road": "US-441 / SR-7",
        "road_inference_basis": "INTERCHANGE_GROUP",
        "elevated": true,
        "structure_type": "FLYOVER_OR_OVERPASS",
        "structure_confidence": "HIGH",
        "interchange": "SR7_US441",
        "cesium_category": "INTERCHANGE_RAMP",
        "review_note": "Function is topology-derived. Structure type is inferred from OSM bridge/layer tags; FLYOVER/OVERPASS distinctions should be verified against imagery or FDOT plans."
      },
      "geometry": {
        "type": "LineString",
        "coordinates": [
          [
            -80.195169,
            26.0842572
          ],
          [
            -80.1953368,
            26.0842752
          ],
          [
            -80.1955015,
            26.0842989
          ],
          [
            -80.1957353,
            26.0843399
          ],
          [
            -80.1959663,
            26.0843904
          ],
          [
            -80.196258,
            26.0844664
          ],
          [
            -80.1965482,
            26.084546
          ],
          [
            -80.1969092,
            26.0846539
          ]
        ]
      }
    },
    {
      "type": "Feature",
      "properties": {
        "@id": "way/42364623",
        "destination": "Marina Mile Boulevard",
        "destination:ref": "SR 84 East",
        "highway": "motorway_link",
        "junction:ref": "9C",
        "lanes": "1",
        "lit": "no",
        "oneway": "yes",
        "surface": "asphalt",
        "corridor": "I-595",
        "road_type": "RAMP_CONNECTOR",
        "interchange_group": "FLORIDAS_TURNPIKE",
        "movement_type": "EXIT_FROM_I595",
        "connected_facility": "I595_GP_EB",
        "validation": "TOPOLOGY_CONFIRMED",
        "validation_rule": "Directed OSM motorway_link chain starts from or ends at I-595 EB/WB mainline",
        "osm_way_id": "way/42364623",
        "source": "OpenStreetMap / Overpass",
        "asset_type": "RAMP",
        "ramp_type": "INTERCHANGE_CONNECTOR",
        "function_confidence": "HIGH",
        "direction": "EB",
        "from_road": "I-595",
        "to_road": "Florida's Turnpike",
        "road_inference_basis": "INTERCHANGE_GROUP",
        "elevated": false,
        "structure_type": "AT_GRADE_OR_UNKNOWN",
        "structure_confidence": "LOW",
        "interchange": "FLORIDAS_TURNPIKE",
        "cesium_category": "INTERCHANGE_CONNECTOR",
        "review_note": "Function is topology-derived. Structure type is inferred from OSM bridge/layer tags; FLYOVER/OVERPASS distinctions should be verified against imagery or FDOT plans."
      },
      "geometry": {
        "type": "LineString",
        "coordinates": [
          [
            -80.2074983,
            26.0872256
          ],
          [
            -80.2073233,
            26.0870315
          ],
          [
            -80.2071211,
            26.0869095
          ],
          [
            -80.2066474,
            26.0866246
          ],
          [
            -80.2064744,
            26.0865234
          ],
          [
            -80.2063066,
            26.0864217
          ],
          [
            -80.2061765,
            26.0863463
          ],
          [
            -80.2060881,
            26.0862868
          ],
          [
            -80.2059959,
            26.086226
          ],
          [
            -80.2058874,
            26.0861429
          ],
          [
            -80.2057905,
            26.0860634
          ],
          [
            -80.205671,
            26.0859602
          ],
          [
            -80.2055833,
            26.0858736
          ],
          [
            -80.2054871,
            26.0857725
          ],
          [
            -80.2054096,
            26.0856829
          ],
          [
            -80.2053244,
            26.0855725
          ],
          [
            -80.2052526,
            26.0854793
          ],
          [
            -80.2051838,
            26.085391
          ],
          [
            -80.2050921,
            26.085279
          ],
          [
            -80.2050127,
            26.0851767
          ],
          [
            -80.2049201,
            26.0850346
          ]
        ]
      }
    },
    {
      "type": "Feature",
      "properties": {
        "@id": "way/42364682",
        "destination:ref": "SR 84 East",
        "highway": "motorway_link",
        "lanes": "2",
        "lit": "no",
        "oneway": "yes",
        "surface": "asphalt",
        "toll": "yes",
        "turn:lanes": "merge_to_right|none",
        "corridor": "I-595",
        "road_type": "RAMP_CONNECTOR",
        "interchange_group": "FLORIDAS_TURNPIKE",
        "movement_type": "INBOUND_CONNECTOR_CHAIN",
        "connected_facility": "I595_NETWORK",
        "validation": "TOPOLOGY_CONFIRMED",
        "validation_rule": "Directed OSM motorway_link chain starts from or ends at I-595 EB/WB mainline",
        "osm_way_id": "way/42364682",
        "source": "OpenStreetMap / Overpass",
        "asset_type": "RAMP",
        "ramp_type": "INTERCHANGE_CONNECTOR",
        "function_confidence": "MEDIUM",
        "direction": "EB",
        "from_road": "Florida's Turnpike",
        "to_road": "I-595 network",
        "road_inference_basis": "INTERCHANGE_GROUP",
        "elevated": false,
        "structure_type": "AT_GRADE_OR_UNKNOWN",
        "structure_confidence": "LOW",
        "interchange": "FLORIDAS_TURNPIKE",
        "cesium_category": "INTERCHANGE_CONNECTOR",
        "review_note": "Function is topology-derived. Structure type is inferred from OSM bridge/layer tags; FLYOVER/OVERPASS distinctions should be verified against imagery or FDOT plans."
      },
      "geometry": {
        "type": "LineString",
        "coordinates": [
          [
            -80.204593,
            26.0849196
          ],
          [
            -80.2043023,
            26.0848606
          ],
          [
            -80.2039538,
            26.0847921
          ],
          [
            -80.2033929,
            26.0846792
          ]
        ]
      }
    },
    {
      "type": "Feature",
      "properties": {
        "@id": "way/42364700",
        "bridge": "yes",
        "destination:ref": "SR 84 East",
        "highway": "motorway_link",
        "lanes": "2",
        "layer": "1",
        "lit": "no",
        "oneway": "yes",
        "surface": "concrete",
        "toll": "yes",
        "turn:lanes": "merge_to_right|none",
        "corridor": "I-595",
        "road_type": "RAMP_CONNECTOR",
        "interchange_group": "FLORIDAS_TURNPIKE",
        "movement_type": "INBOUND_CONNECTOR_CHAIN",
        "connected_facility": "I595_NETWORK",
        "validation": "TOPOLOGY_CONFIRMED",
        "validation_rule": "Directed OSM motorway_link chain starts from or ends at I-595 EB/WB mainline",
        "osm_way_id": "way/42364700",
        "source": "OpenStreetMap / Overpass",
        "asset_type": "RAMP",
        "ramp_type": "INTERCHANGE_CONNECTOR",
        "function_confidence": "MEDIUM",
        "direction": "EB",
        "from_road": "Florida's Turnpike",
        "to_road": "I-595 network",
        "road_inference_basis": "INTERCHANGE_GROUP",
        "elevated": true,
        "structure_type": "FLYOVER_OR_OVERPASS",
        "structure_confidence": "HIGH",
        "interchange": "FLORIDAS_TURNPIKE",
        "cesium_category": "INTERCHANGE_CONNECTOR",
        "review_note": "Function is topology-derived. Structure type is inferred from OSM bridge/layer tags; FLYOVER/OVERPASS distinctions should be verified against imagery or FDOT plans."
      },
      "geometry": {
        "type": "LineString",
        "coordinates": [
          [
            -80.2055895,
            26.0852416
          ],
          [
            -80.2054396,
            26.0851815
          ],
          [
            -80.2051489,
            26.0850758
          ],
          [
            -80.2049801,
            26.0850225
          ],
          [
            -80.2048555,
            26.0849868
          ],
          [
            -80.2047243,
            26.0849511
          ],
          [
            -80.204593,
            26.0849196
          ]
        ]
      }
    },
    {
      "type": "Feature",
      "properties": {
        "@id": "way/42365383",
        "destination:ref": "I 595 East",
        "highway": "motorway_link",
        "lanes": "1",
        "lit": "no",
        "oneway": "yes",
        "surface": "asphalt",
        "toll": "no",
        "corridor": "I-595",
        "road_type": "RAMP_CONNECTOR",
        "interchange_group": "FLORIDAS_TURNPIKE",
        "movement_type": "INBOUND_CONNECTOR_CHAIN",
        "connected_facility": "I595_NETWORK",
        "validation": "TOPOLOGY_CONFIRMED",
        "validation_rule": "Directed OSM motorway_link chain starts from or ends at I-595 EB/WB mainline",
        "osm_way_id": "way/42365383",
        "source": "OpenStreetMap / Overpass",
        "asset_type": "RAMP",
        "ramp_type": "INTERCHANGE_CONNECTOR",
        "function_confidence": "MEDIUM",
        "direction": "EB",
        "from_road": "Florida's Turnpike",
        "to_road": "I-595 network",
        "road_inference_basis": "INTERCHANGE_GROUP",
        "elevated": false,
        "structure_type": "AT_GRADE_OR_UNKNOWN",
        "structure_confidence": "LOW",
        "interchange": "FLORIDAS_TURNPIKE",
        "cesium_category": "INTERCHANGE_CONNECTOR",
        "review_note": "Function is topology-derived. Structure type is inferred from OSM bridge/layer tags; FLYOVER/OVERPASS distinctions should be verified against imagery or FDOT plans."
      },
      "geometry": {
        "type": "LineString",
        "coordinates": [
          [
            -80.1979016,
            26.083081
          ],
          [
            -80.1976813,
            26.0830781
          ],
          [
            -80.1975274,
            26.0830803
          ],
          [
            -80.197318,
            26.0830872
          ],
          [
            -80.1971037,
            26.0830976
          ],
          [
            -80.1969311,
            26.0831123
          ],
          [
            -80.1966841,
            26.0831358
          ],
          [
            -80.1964693,
            26.0831639
          ],
          [
            -80.1961425,
            26.0832008
          ]
        ]
      }
    },
    {
      "type": "Feature",
      "properties": {
        "@id": "way/42365385",
        "bridge": "yes",
        "destination:ref": "I 595 East",
        "highway": "motorway_link",
        "lanes": "2",
        "layer": "1",
        "lit": "no",
        "oneway": "yes",
        "surface": "concrete",
        "toll": "no",
        "turn:lanes": "merge_to_right|none",
        "corridor": "I-595",
        "road_type": "RAMP_CONNECTOR",
        "interchange_group": "FLORIDAS_TURNPIKE",
        "movement_type": "INBOUND_CONNECTOR_CHAIN",
        "connected_facility": "I595_NETWORK",
        "validation": "TOPOLOGY_CONFIRMED",
        "validation_rule": "Directed OSM motorway_link chain starts from or ends at I-595 EB/WB mainline",
        "osm_way_id": "way/42365385",
        "source": "OpenStreetMap / Overpass",
        "asset_type": "RAMP",
        "ramp_type": "INTERCHANGE_CONNECTOR",
        "function_confidence": "MEDIUM",
        "direction": "EB",
        "from_road": "Florida's Turnpike",
        "to_road": "I-595 network",
        "road_inference_basis": "INTERCHANGE_GROUP",
        "elevated": true,
        "structure_type": "FLYOVER_OR_OVERPASS",
        "structure_confidence": "HIGH",
        "interchange": "FLORIDAS_TURNPIKE",
        "cesium_category": "INTERCHANGE_CONNECTOR",
        "review_note": "Function is topology-derived. Structure type is inferred from OSM bridge/layer tags; FLYOVER/OVERPASS distinctions should be verified against imagery or FDOT plans."
      },
      "geometry": {
        "type": "LineString",
        "coordinates": [
          [
            -80.1985833,
            26.0830994
          ],
          [
            -80.1982081,
            26.0830883
          ],
          [
            -80.1979016,
            26.083081
          ]
        ]
      }
    },
    {
      "type": "Feature",
      "properties": {
        "@id": "way/43389019",
        "bicycle": "no",
        "foot": "no",
        "highway": "motorway_link",
        "lanes": "2",
        "lit": "no",
        "oneway": "yes",
        "source": "OpenStreetMap / Overpass",
        "surface": "asphalt",
        "toll": "no",
        "corridor": "I-595",
        "road_type": "RAMP_CONNECTOR",
        "interchange_group": "SW_136TH_AVE",
        "movement_type": "INBOUND_CONNECTOR_CHAIN",
        "connected_facility": "I595_NETWORK",
        "validation": "TOPOLOGY_CONFIRMED",
        "validation_rule": "Directed OSM motorway_link chain starts from or ends at I-595 EB/WB mainline",
        "osm_way_id": "way/43389019",
        "asset_type": "RAMP",
        "ramp_type": "INTERCHANGE_RAMP",
        "function_confidence": "MEDIUM",
        "direction": "EB",
        "from_road": "SW 136th Avenue",
        "to_road": "I-595 network",
        "road_inference_basis": "INTERCHANGE_GROUP",
        "elevated": false,
        "structure_type": "AT_GRADE_OR_UNKNOWN",
        "structure_confidence": "LOW",
        "interchange": "SW_136TH_AVE",
        "cesium_category": "INTERCHANGE_RAMP",
        "review_note": "Function is topology-derived. Structure type is inferred from OSM bridge/layer tags; FLYOVER/OVERPASS distinctions should be verified against imagery or FDOT plans."
      },
      "geometry": {
        "type": "LineString",
        "coordinates": [
          [
            -80.341614,
            26.1183518
          ],
          [
            -80.3411602,
            26.1182592
          ],
          [
            -80.3408319,
            26.11822
          ],
          [
            -80.3404924,
            26.1181918
          ],
          [
            -80.339898,
            26.118199
          ],
          [
            -80.3385989,
            26.1182778
          ]
        ]
      }
    },
    {
      "type": "Feature",
      "properties": {
        "@id": "way/43389039",
        "bridge": "yes",
        "highway": "motorway_link",
        "lanes": "2",
        "layer": "4",
        "lit": "no",
        "oneway": "yes",
        "source": "OpenStreetMap / Overpass",
        "surface": "concrete",
        "toll": "no",
        "corridor": "I-595",
        "road_type": "RAMP_CONNECTOR",
        "interchange_group": "WESTERN_I75_SAWGRASS",
        "movement_type": "INBOUND_CONNECTOR_CHAIN",
        "connected_facility": "I595_NETWORK",
        "validation": "TOPOLOGY_CONFIRMED",
        "validation_rule": "Directed OSM motorway_link chain starts from or ends at I-595 EB/WB mainline",
        "osm_way_id": "way/43389039",
        "asset_type": "RAMP",
        "ramp_type": "INTERCHANGE_CONNECTOR",
        "function_confidence": "MEDIUM",
        "direction": "SB",
        "from_road": "I-75 / Sawgrass Expressway",
        "to_road": "I-595 network",
        "road_inference_basis": "INTERCHANGE_GROUP",
        "elevated": true,
        "structure_type": "FLYOVER_OR_OVERPASS",
        "structure_confidence": "HIGH",
        "interchange": "WESTERN_I75_SAWGRASS",
        "cesium_category": "INTERCHANGE_CONNECTOR",
        "review_note": "Function is topology-derived. Structure type is inferred from OSM bridge/layer tags; FLYOVER/OVERPASS distinctions should be verified against imagery or FDOT plans."
      },
      "geometry": {
        "type": "LineString",
        "coordinates": [
          [
            -80.3452367,
            26.1251656
          ],
          [
            -80.3455122,
            26.1237303
          ],
          [
            -80.3455683,
            26.1230896
          ],
          [
            -80.3455583,
            26.1227131
          ],
          [
            -80.3455,
            26.1222688
          ],
          [
            -80.3453768,
            26.1217462
          ],
          [
            -80.3452389,
            26.1213536
          ],
          [
            -80.344998,
            26.1208475
          ],
          [
            -80.3448123,
            26.1205252
          ],
          [
            -80.3444656,
            26.120076
          ],
          [
            -80.3441407,
            26.1197282
          ],
          [
            -80.343824,
            26.1194482
          ],
          [
            -80.3434629,
            26.1191785
          ],
          [
            -80.3431465,
            26.1189705
          ],
          [
            -80.3427919,
            26.1187857
          ],
          [
            -80.3423552,
            26.1185881
          ],
          [
            -80.3419571,
            26.1184414
          ],
          [
            -80.341614,
            26.1183518
          ]
        ]
      }
    },
    {
      "type": "Feature",
      "properties": {
        "@id": "way/47289433",
        "bridge": "yes",
        "highway": "motorway_link",
        "lanes": "2",
        "layer": "1",
        "lit": "yes",
        "oneway": "yes",
        "surface": "concrete",
        "toll": "no",
        "corridor": "I-595",
        "road_type": "RAMP_CONNECTOR",
        "interchange_group": "WESTERN_I75_SAWGRASS",
        "movement_type": "INBOUND_CONNECTOR_CHAIN",
        "connected_facility": "I595_NETWORK",
        "validation": "TOPOLOGY_CONFIRMED",
        "validation_rule": "Directed OSM motorway_link chain starts from or ends at I-595 EB/WB mainline",
        "osm_way_id": "way/47289433",
        "source": "OpenStreetMap / Overpass",
        "asset_type": "RAMP",
        "ramp_type": "INTERCHANGE_CONNECTOR",
        "function_confidence": "MEDIUM",
        "direction": "EB",
        "from_road": "I-75 / Sawgrass Expressway",
        "to_road": "I-595 network",
        "road_inference_basis": "INTERCHANGE_GROUP",
        "elevated": true,
        "structure_type": "FLYOVER_OR_OVERPASS",
        "structure_confidence": "HIGH",
        "interchange": "WESTERN_I75_SAWGRASS",
        "cesium_category": "INTERCHANGE_CONNECTOR",
        "review_note": "Function is topology-derived. Structure type is inferred from OSM bridge/layer tags; FLYOVER/OVERPASS distinctions should be verified against imagery or FDOT plans."
      },
      "geometry": {
        "type": "LineString",
        "coordinates": [
          [
            -80.3450363,
            26.1179
          ],
          [
            -80.3445299,
            26.1181602
          ],
          [
            -80.3442536,
            26.1182855
          ],
          [
            -80.3439252,
            26.1184129
          ]
        ]
      }
    },
    {
      "type": "Feature",
      "properties": {
        "@id": "way/47656283",
        "bridge": "yes",
        "highway": "motorway_link",
        "lanes": "1",
        "layer": "1",
        "lit": "yes",
        "oneway": "yes",
        "surface": "asphalt",
        "corridor": "I-595",
        "road_type": "RAMP_CONNECTOR",
        "interchange_group": "WESTERN_I75_SAWGRASS",
        "movement_type": "OUTBOUND_CONNECTOR_CHAIN",
        "connected_facility": "I595_NETWORK",
        "validation": "TOPOLOGY_CONFIRMED",
        "validation_rule": "Directed OSM motorway_link chain starts from or ends at I-595 EB/WB mainline",
        "osm_way_id": "way/47656283",
        "source": "OpenStreetMap / Overpass",
        "asset_type": "RAMP",
        "ramp_type": "INTERCHANGE_CONNECTOR",
        "function_confidence": "MEDIUM",
        "direction": "WB",
        "from_road": "I-595 network",
        "to_road": "I-75 / Sawgrass Expressway",
        "road_inference_basis": "INTERCHANGE_GROUP",
        "elevated": true,
        "structure_type": "FLYOVER_OR_OVERPASS",
        "structure_confidence": "HIGH",
        "interchange": "WESTERN_I75_SAWGRASS",
        "cesium_category": "INTERCHANGE_CONNECTOR",
        "review_note": "Function is topology-derived. Structure type is inferred from OSM bridge/layer tags; FLYOVER/OVERPASS distinctions should be verified against imagery or FDOT plans."
      },
      "geometry": {
        "type": "LineString",
        "coordinates": [
          [
            -80.3488555,
            26.1221259
          ],
          [
            -80.3498468,
            26.1229971
          ],
          [
            -80.350055,
            26.1231626
          ],
          [
            -80.350278,
            26.1233187
          ],
          [
            -80.3504234,
            26.1234116
          ],
          [
            -80.3505748,
            26.1235031
          ]
        ]
      }
    },
    {
      "type": "Feature",
      "properties": {
        "@id": "way/47656284",
        "highway": "motorway_link",
        "lanes": "1",
        "lit": "yes",
        "oneway": "yes",
        "surface": "asphalt",
        "corridor": "I-595",
        "road_type": "RAMP_CONNECTOR",
        "interchange_group": "WESTERN_I75_SAWGRASS",
        "movement_type": "OUTBOUND_CONNECTOR_CHAIN",
        "connected_facility": "I595_NETWORK",
        "validation": "TOPOLOGY_CONFIRMED",
        "validation_rule": "Directed OSM motorway_link chain starts from or ends at I-595 EB/WB mainline",
        "osm_way_id": "way/47656284",
        "source": "OpenStreetMap / Overpass",
        "asset_type": "RAMP",
        "ramp_type": "INTERCHANGE_CONNECTOR",
        "function_confidence": "MEDIUM",
        "direction": "WB",
        "from_road": "I-595 network",
        "to_road": "I-75 / Sawgrass Expressway",
        "road_inference_basis": "INTERCHANGE_GROUP",
        "elevated": false,
        "structure_type": "AT_GRADE_OR_UNKNOWN",
        "structure_confidence": "LOW",
        "interchange": "WESTERN_I75_SAWGRASS",
        "cesium_category": "INTERCHANGE_CONNECTOR",
        "review_note": "Function is topology-derived. Structure type is inferred from OSM bridge/layer tags; FLYOVER/OVERPASS distinctions should be verified against imagery or FDOT plans."
      },
      "geometry": {
        "type": "LineString",
        "coordinates": [
          [
            -80.3505748,
            26.1235031
          ],
          [
            -80.3508816,
            26.1236629
          ],
          [
            -80.3511674,
            26.1237998
          ],
          [
            -80.3513949,
            26.1238915
          ],
          [
            -80.3516199,
            26.1239693
          ],
          [
            -80.3520854,
            26.1241241
          ],
          [
            -80.3525432,
            26.1242697
          ]
        ]
      }
    },
    {
      "type": "Feature",
      "properties": {
        "@id": "way/47656285",
        "bridge": "yes",
        "highway": "motorway_link",
        "lanes": "1",
        "layer": "1",
        "lit": "no",
        "oneway": "yes",
        "source": "OpenStreetMap / Overpass",
        "surface": "asphalt",
        "toll": "no",
        "corridor": "I-595",
        "road_type": "RAMP_CONNECTOR",
        "interchange_group": "WESTERN_I75_SAWGRASS",
        "movement_type": "INBOUND_CONNECTOR_CHAIN",
        "connected_facility": "I595_NETWORK",
        "validation": "TOPOLOGY_CONFIRMED",
        "validation_rule": "Directed OSM motorway_link chain starts from or ends at I-595 EB/WB mainline",
        "osm_way_id": "way/47656285",
        "asset_type": "RAMP",
        "ramp_type": "INTERCHANGE_CONNECTOR",
        "function_confidence": "MEDIUM",
        "direction": "WB",
        "from_road": "I-75 / Sawgrass Expressway",
        "to_road": "I-595 network",
        "road_inference_basis": "INTERCHANGE_GROUP",
        "elevated": true,
        "structure_type": "FLYOVER_OR_OVERPASS",
        "structure_confidence": "HIGH",
        "interchange": "WESTERN_I75_SAWGRASS",
        "cesium_category": "INTERCHANGE_CONNECTOR",
        "review_note": "Function is topology-derived. Structure type is inferred from OSM bridge/layer tags; FLYOVER/OVERPASS distinctions should be verified against imagery or FDOT plans."
      },
      "geometry": {
        "type": "LineString",
        "coordinates": [
          [
            -80.3480865,
            26.1218998
          ],
          [
            -80.348207,
            26.1218841
          ],
          [
            -80.3483421,
            26.1218684
          ],
          [
            -80.3484773,
            26.1218595
          ],
          [
            -80.348623,
            26.1218524
          ],
          [
            -80.348813,
            26.1218494
          ]
        ]
      }
    },
    {
      "type": "Feature",
      "properties": {
        "@id": "way/47656286",
        "highway": "motorway_link",
        "lanes": "1",
        "lit": "yes",
        "oneway": "yes",
        "source": "OpenStreetMap / Overpass",
        "surface": "asphalt",
        "toll": "no",
        "corridor": "I-595",
        "road_type": "RAMP_CONNECTOR",
        "interchange_group": "WESTERN_I75_SAWGRASS",
        "movement_type": "ENTRY_TO_I595",
        "connected_facility": "I595_GP_WB",
        "validation": "TOPOLOGY_CONFIRMED",
        "validation_rule": "Directed OSM motorway_link chain starts from or ends at I-595 EB/WB mainline",
        "osm_way_id": "way/47656286",
        "asset_type": "RAMP",
        "ramp_type": "INTERCHANGE_CONNECTOR",
        "function_confidence": "HIGH",
        "direction": "WB",
        "from_road": "I-75 / Sawgrass Expressway",
        "to_road": "I-595",
        "road_inference_basis": "INTERCHANGE_GROUP",
        "elevated": false,
        "structure_type": "AT_GRADE_OR_UNKNOWN",
        "structure_confidence": "LOW",
        "interchange": "WESTERN_I75_SAWGRASS",
        "cesium_category": "INTERCHANGE_CONNECTOR",
        "review_note": "Function is topology-derived. Structure type is inferred from OSM bridge/layer tags; FLYOVER/OVERPASS distinctions should be verified against imagery or FDOT plans."
      },
      "geometry": {
        "type": "LineString",
        "coordinates": [
          [
            -80.348813,
            26.1218494
          ],
          [
            -80.3490012,
            26.1218571
          ],
          [
            -80.3492983,
            26.1218827
          ],
          [
            -80.3495807,
            26.1219216
          ],
          [
            -80.3497905,
            26.1219629
          ],
          [
            -80.3500104,
            26.1220144
          ],
          [
            -80.3502775,
            26.1220862
          ],
          [
            -80.3505798,
            26.1221722
          ],
          [
            -80.3513094,
            26.1223893
          ],
          [
            -80.355022,
            26.1236457
          ],
          [
            -80.3567312,
            26.1242512
          ],
          [
            -80.3577738,
            26.1245864
          ]
        ]
      }
    },
    {
      "type": "Feature",
      "properties": {
        "@id": "way/47656287",
        "destination": "Weston Road",
        "destination:ref": "SR 84 West",
        "highway": "motorway_link",
        "lanes": "1",
        "lit": "yes",
        "oneway": "yes",
        "surface": "asphalt",
        "corridor": "I-595",
        "road_type": "RAMP_CONNECTOR",
        "interchange_group": "WESTERN_I75_SAWGRASS",
        "movement_type": "EXIT_FROM_I595",
        "connected_facility": "I595_GP_WB",
        "validation": "TOPOLOGY_CONFIRMED",
        "validation_rule": "Directed OSM motorway_link chain starts from or ends at I-595 EB/WB mainline",
        "osm_way_id": "way/47656287",
        "source": "OpenStreetMap / Overpass",
        "asset_type": "RAMP",
        "ramp_type": "INTERCHANGE_CONNECTOR",
        "function_confidence": "HIGH",
        "direction": "WB",
        "from_road": "I-595",
        "to_road": "I-75 / Sawgrass Expressway",
        "road_inference_basis": "INTERCHANGE_GROUP",
        "elevated": false,
        "structure_type": "AT_GRADE_OR_UNKNOWN",
        "structure_confidence": "LOW",
        "interchange": "WESTERN_I75_SAWGRASS",
        "cesium_category": "INTERCHANGE_CONNECTOR",
        "review_note": "Function is topology-derived. Structure type is inferred from OSM bridge/layer tags; FLYOVER/OVERPASS distinctions should be verified against imagery or FDOT plans."
      },
      "geometry": {
        "type": "LineString",
        "coordinates": [
          [
            -80.34582,
            26.1206309
          ],
          [
            -80.346017,
            26.1207318
          ],
          [
            -80.3466273,
            26.1209312
          ],
          [
            -80.346897,
            26.1210247
          ],
          [
            -80.3471512,
            26.1211183
          ],
          [
            -80.3473476,
            26.1211978
          ],
          [
            -80.3475246,
            26.1212773
          ],
          [
            -80.3476938,
            26.1213568
          ],
          [
            -80.3478514,
            26.1214363
          ],
          [
            -80.3480446,
            26.1215456
          ],
          [
            -80.3482261,
            26.121655
          ],
          [
            -80.3484304,
            26.1217933
          ],
          [
            -80.3486192,
            26.1219317
          ],
          [
            -80.3488555,
            26.1221259
          ]
        ]
      }
    },
    {
      "type": "Feature",
      "properties": {
        "@id": "way/47656667",
        "destination": "University Drive",
        "destination:ref": "SR 817",
        "highway": "motorway_link",
        "junction:ref": "6",
        "lanes": "2",
        "lit": "yes",
        "oneway": "yes",
        "surface": "asphalt",
        "corridor": "I-595",
        "road_type": "RAMP_CONNECTOR",
        "interchange_group": "UNIVERSITY_DR",
        "movement_type": "EXIT_FROM_I595",
        "connected_facility": "I595_GP_WB",
        "validation": "TOPOLOGY_CONFIRMED",
        "validation_rule": "Directed OSM motorway_link chain starts from or ends at I-595 EB/WB mainline",
        "osm_way_id": "way/47656667",
        "source": "OpenStreetMap / Overpass",
        "asset_type": "RAMP",
        "ramp_type": "EXIT_RAMP",
        "function_confidence": "HIGH",
        "direction": "WB",
        "from_road": "I-595",
        "to_road": "University Drive",
        "road_inference_basis": "TAG",
        "elevated": false,
        "structure_type": "AT_GRADE_OR_UNKNOWN",
        "structure_confidence": "LOW",
        "interchange": "UNIVERSITY_DR",
        "cesium_category": "EXIT_RAMP",
        "review_note": "Function is topology-derived. Structure type is inferred from OSM bridge/layer tags; FLYOVER/OVERPASS distinctions should be verified against imagery or FDOT plans."
      },
      "geometry": {
        "type": "LineString",
        "coordinates": [
          [
            -80.2343894,
            26.0954135
          ],
          [
            -80.2346672,
            26.095581
          ],
          [
            -80.2353914,
            26.0958177
          ],
          [
            -80.2360432,
            26.0960333
          ],
          [
            -80.2364818,
            26.0961718
          ],
          [
            -80.2370611,
            26.0963314
          ],
          [
            -80.2376394,
            26.0965001
          ]
        ]
      }
    },
    {
      "type": "Feature",
      "properties": {
        "@id": "way/47656698",
        "destination:ref": "I 595 East",
        "destination:ref:to": "I 95",
        "destination:to": "Florida's Turnpike",
        "highway": "motorway_link",
        "lanes": "1",
        "lit": "yes",
        "oneway": "yes",
        "surface": "asphalt",
        "corridor": "I-595",
        "road_type": "RAMP_CONNECTOR",
        "interchange_group": "NOB_HILL_RD",
        "movement_type": "ENTRY_TO_I595",
        "connected_facility": "I595_GP_EB",
        "validation": "TOPOLOGY_CONFIRMED",
        "validation_rule": "Directed OSM motorway_link chain starts from or ends at I-595 EB/WB mainline",
        "osm_way_id": "way/47656698",
        "source": "OpenStreetMap / Overpass",
        "asset_type": "RAMP",
        "ramp_type": "ENTRY_RAMP",
        "function_confidence": "HIGH",
        "direction": "EB",
        "from_road": "Nob Hill Road",
        "to_road": "I-595",
        "road_inference_basis": "INTERCHANGE_GROUP",
        "elevated": false,
        "structure_type": "AT_GRADE_OR_UNKNOWN",
        "structure_confidence": "LOW",
        "interchange": "NOB_HILL_RD",
        "cesium_category": "ENTRY_RAMP",
        "review_note": "Function is topology-derived. Structure type is inferred from OSM bridge/layer tags; FLYOVER/OVERPASS distinctions should be verified against imagery or FDOT plans."
      },
      "geometry": {
        "type": "LineString",
        "coordinates": [
          [
            -80.2941291,
            26.1093455
          ],
          [
            -80.2933241,
            26.1092024
          ],
          [
            -80.2919346,
            26.109009
          ],
          [
            -80.2916446,
            26.1089569
          ],
          [
            -80.2904974,
            26.1087823
          ]
        ]
      }
    },
    {
      "type": "Feature",
      "properties": {
        "@id": "way/47656705",
        "destination:ref": "I 595 West",
        "destination:ref:to": "I 75;SR 869",
        "highway": "motorway_link",
        "lanes": "1",
        "lit": "yes",
        "oneway": "yes",
        "surface": "asphalt",
        "corridor": "I-595",
        "road_type": "RAMP_CONNECTOR",
        "interchange_group": "HIATUS_RD",
        "movement_type": "ENTRY_TO_I595",
        "connected_facility": "I595_GP_WB",
        "validation": "TOPOLOGY_CONFIRMED",
        "validation_rule": "Directed OSM motorway_link chain starts from or ends at I-595 EB/WB mainline",
        "osm_way_id": "way/47656705",
        "source": "OpenStreetMap / Overpass",
        "asset_type": "RAMP",
        "ramp_type": "ENTRY_RAMP",
        "function_confidence": "HIGH",
        "direction": "WB",
        "from_road": "Hiatus Road",
        "to_road": "I-595",
        "road_inference_basis": "INTERCHANGE_GROUP",
        "elevated": false,
        "structure_type": "AT_GRADE_OR_UNKNOWN",
        "structure_confidence": "LOW",
        "interchange": "HIATUS_RD",
        "cesium_category": "ENTRY_RAMP",
        "review_note": "Function is topology-derived. Structure type is inferred from OSM bridge/layer tags; FLYOVER/OVERPASS distinctions should be verified against imagery or FDOT plans."
      },
      "geometry": {
        "type": "LineString",
        "coordinates": [
          [
            -80.3041899,
            26.1127236
          ],
          [
            -80.3049647,
            26.1128157
          ],
          [
            -80.3072013,
            26.113254
          ],
          [
            -80.3075236,
            26.1132536
          ]
        ]
      }
    },
    {
      "type": "Feature",
      "properties": {
        "@id": "way/47656711",
        "destination:to": "Nob Hill Road",
        "highway": "motorway_link",
        "junction:ref": "4",
        "lanes": "1",
        "lit": "yes",
        "oneway": "yes",
        "surface": "asphalt",
        "corridor": "I-595",
        "road_type": "RAMP_CONNECTOR",
        "interchange_group": "HIATUS_RD",
        "movement_type": "OUTBOUND_CONNECTOR_CHAIN",
        "connected_facility": "I595_NETWORK",
        "validation": "TOPOLOGY_CONFIRMED",
        "validation_rule": "Directed OSM motorway_link chain starts from or ends at I-595 EB/WB mainline",
        "osm_way_id": "way/47656711",
        "source": "OpenStreetMap / Overpass",
        "asset_type": "RAMP",
        "ramp_type": "INTERCHANGE_RAMP",
        "function_confidence": "MEDIUM",
        "direction": "EB",
        "from_road": "I-595 network",
        "to_road": "Hiatus Road",
        "road_inference_basis": "INTERCHANGE_GROUP",
        "elevated": false,
        "structure_type": "AT_GRADE_OR_UNKNOWN",
        "structure_confidence": "LOW",
        "interchange": "HIATUS_RD",
        "cesium_category": "INTERCHANGE_RAMP",
        "review_note": "Function is topology-derived. Structure type is inferred from OSM bridge/layer tags; FLYOVER/OVERPASS distinctions should be verified against imagery or FDOT plans."
      },
      "geometry": {
        "type": "LineString",
        "coordinates": [
          [
            -80.3076109,
            26.112701
          ],
          [
            -80.3072128,
            26.1126175
          ],
          [
            -80.3067535,
            26.1125176
          ],
          [
            -80.3062247,
            26.1124111
          ],
          [
            -80.3052723,
            26.1122267
          ],
          [
            -80.3047913,
            26.1121159
          ],
          [
            -80.3028835,
            26.1116571
          ],
          [
            -80.3024816,
            26.1115599
          ],
          [
            -80.3021918,
            26.1114838
          ]
        ]
      }
    },
    {
      "type": "Feature",
      "properties": {
        "@id": "way/47656718",
        "destination": "Flamingo Road",
        "destination:ref": "SR 823",
        "highway": "motorway_link",
        "junction:ref": "2",
        "lanes": "1",
        "lit": "yes",
        "oneway": "yes",
        "surface": "asphalt",
        "corridor": "I-595",
        "road_type": "RAMP_CONNECTOR",
        "interchange_group": "FLAMINGO_RD",
        "movement_type": "EXIT_FROM_I595",
        "connected_facility": "I595_GP_EB",
        "validation": "TOPOLOGY_CONFIRMED",
        "validation_rule": "Directed OSM motorway_link chain starts from or ends at I-595 EB/WB mainline",
        "osm_way_id": "way/47656718",
        "source": "OpenStreetMap / Overpass",
        "asset_type": "RAMP",
        "ramp_type": "EXIT_RAMP",
        "function_confidence": "HIGH",
        "direction": "EB",
        "from_road": "I-595",
        "to_road": "Flamingo Road",
        "road_inference_basis": "TAG",
        "elevated": false,
        "structure_type": "AT_GRADE_OR_UNKNOWN",
        "structure_confidence": "LOW",
        "interchange": "FLAMINGO_RD",
        "cesium_category": "EXIT_RAMP",
        "review_note": "Function is topology-derived. Structure type is inferred from OSM bridge/layer tags; FLYOVER/OVERPASS distinctions should be verified against imagery or FDOT plans."
      },
      "geometry": {
        "type": "LineString",
        "coordinates": [
          [
            -80.321547,
            26.116221
          ],
          [
            -80.321024,
            26.1159983
          ],
          [
            -80.3192602,
            26.1154912
          ],
          [
            -80.3180964,
            26.1151656
          ],
          [
            -80.3176101,
            26.1150134
          ]
        ]
      }
    },
    {
      "type": "Feature",
      "properties": {
        "@id": "way/47656719",
        "highway": "motorway_link",
        "lanes": "1",
        "lit": "yes",
        "oneway": "yes",
        "surface": "asphalt",
        "toll": "yes",
        "corridor": "I-595",
        "road_type": "RAMP_CONNECTOR",
        "interchange_group": "FLAMINGO_RD",
        "movement_type": "ENTRY_TO_I595",
        "connected_facility": "I595_GP_WB",
        "validation": "TOPOLOGY_CONFIRMED",
        "validation_rule": "Directed OSM motorway_link chain starts from or ends at I-595 EB/WB mainline",
        "osm_way_id": "way/47656719",
        "source": "OpenStreetMap / Overpass",
        "asset_type": "RAMP",
        "ramp_type": "ENTRY_RAMP",
        "function_confidence": "HIGH",
        "direction": "WB",
        "from_road": "Flamingo Road",
        "to_road": "I-595",
        "road_inference_basis": "INTERCHANGE_GROUP",
        "elevated": false,
        "structure_type": "AT_GRADE_OR_UNKNOWN",
        "structure_confidence": "LOW",
        "interchange": "FLAMINGO_RD",
        "cesium_category": "ENTRY_RAMP",
        "review_note": "Function is topology-derived. Structure type is inferred from OSM bridge/layer tags; FLYOVER/OVERPASS distinctions should be verified against imagery or FDOT plans."
      },
      "geometry": {
        "type": "LineString",
        "coordinates": [
          [
            -80.3170015,
            26.1154018
          ],
          [
            -80.3180562,
            26.1157247
          ],
          [
            -80.3199029,
            26.1162302
          ],
          [
            -80.3209242,
            26.1165001
          ],
          [
            -80.3211755,
            26.1166306
          ]
        ]
      }
    },
    {
      "type": "Feature",
      "properties": {
        "@id": "way/47656725",
        "destination:ref": "I 595 East",
        "destination:ref:to": "I 95",
        "destination:to": "Florida's Turnpike",
        "highway": "motorway_link",
        "lanes": "1",
        "lit": "yes",
        "oneway": "yes",
        "surface": "asphalt",
        "corridor": "I-595",
        "road_type": "RAMP_CONNECTOR",
        "interchange_group": "SW_136TH_AVE",
        "movement_type": "ENTRY_TO_I595",
        "connected_facility": "I595_GP_EB",
        "validation": "TOPOLOGY_CONFIRMED",
        "validation_rule": "Directed OSM motorway_link chain starts from or ends at I-595 EB/WB mainline",
        "osm_way_id": "way/47656725",
        "source": "OpenStreetMap / Overpass",
        "asset_type": "RAMP",
        "ramp_type": "ENTRY_RAMP",
        "function_confidence": "HIGH",
        "direction": "EB",
        "from_road": "SW 136th Avenue",
        "to_road": "I-595",
        "road_inference_basis": "INTERCHANGE_GROUP",
        "elevated": false,
        "structure_type": "AT_GRADE_OR_UNKNOWN",
        "structure_confidence": "LOW",
        "interchange": "SW_136TH_AVE",
        "cesium_category": "ENTRY_RAMP",
        "review_note": "Function is topology-derived. Structure type is inferred from OSM bridge/layer tags; FLYOVER/OVERPASS distinctions should be verified against imagery or FDOT plans."
      },
      "geometry": {
        "type": "LineString",
        "coordinates": [
          [
            -80.3292288,
            26.1175042
          ],
          [
            -80.3288568,
            26.1175068
          ],
          [
            -80.3278808,
            26.1174036
          ],
          [
            -80.326991,
            26.1172989
          ],
          [
            -80.3264236,
            26.1172137
          ],
          [
            -80.3258981,
            26.1171315
          ],
          [
            -80.3251425,
            26.1169616
          ],
          [
            -80.3242054,
            26.1168096
          ]
        ]
      }
    },
    {
      "type": "Feature",
      "properties": {
        "@id": "way/87468724",
        "bridge": "yes",
        "highway": "motorway_link",
        "lanes": "2",
        "layer": "1",
        "lit": "no",
        "oneway": "yes",
        "source": "OpenStreetMap / Overpass",
        "surface": "asphalt",
        "toll": "no",
        "corridor": "I-595",
        "road_type": "RAMP_CONNECTOR",
        "interchange_group": "WESTERN_I75_SAWGRASS",
        "movement_type": "OUTBOUND_CONNECTOR_CHAIN",
        "connected_facility": "I595_NETWORK",
        "validation": "TOPOLOGY_CONFIRMED",
        "validation_rule": "Directed OSM motorway_link chain starts from or ends at I-595 EB/WB mainline",
        "osm_way_id": "way/87468724",
        "asset_type": "RAMP",
        "ramp_type": "INTERCHANGE_CONNECTOR",
        "function_confidence": "MEDIUM",
        "direction": "NB",
        "from_road": "I-595 network",
        "to_road": "I-75 / Sawgrass Expressway",
        "road_inference_basis": "INTERCHANGE_GROUP",
        "elevated": true,
        "structure_type": "FLYOVER_OR_OVERPASS",
        "structure_confidence": "HIGH",
        "interchange": "WESTERN_I75_SAWGRASS",
        "cesium_category": "INTERCHANGE_CONNECTOR",
        "review_note": "Function is topology-derived. Structure type is inferred from OSM bridge/layer tags; FLYOVER/OVERPASS distinctions should be verified against imagery or FDOT plans."
      },
      "geometry": {
        "type": "LineString",
        "coordinates": [
          [
            -80.3425588,
            26.1215437
          ],
          [
            -80.3427218,
            26.1217672
          ],
          [
            -80.3428935,
            26.1220446
          ],
          [
            -80.3430909,
            26.1224299
          ],
          [
            -80.3432282,
            26.1228075
          ]
        ]
      }
    },
    {
      "type": "Feature",
      "properties": {
        "@id": "way/87468900",
        "highway": "motorway_link",
        "lanes": "2",
        "lit": "no",
        "oneway": "yes",
        "source": "OpenStreetMap / Overpass",
        "surface": "asphalt",
        "toll": "no",
        "corridor": "I-595",
        "road_type": "RAMP_CONNECTOR",
        "interchange_group": "WESTERN_I75_SAWGRASS",
        "movement_type": "OUTBOUND_CONNECTOR_CHAIN",
        "connected_facility": "I595_NETWORK",
        "validation": "TOPOLOGY_CONFIRMED",
        "validation_rule": "Directed OSM motorway_link chain starts from or ends at I-595 EB/WB mainline",
        "osm_way_id": "way/87468900",
        "asset_type": "RAMP",
        "ramp_type": "INTERCHANGE_CONNECTOR",
        "function_confidence": "MEDIUM",
        "direction": "NB",
        "from_road": "I-595 network",
        "to_road": "I-75 / Sawgrass Expressway",
        "road_inference_basis": "INTERCHANGE_GROUP",
        "elevated": false,
        "structure_type": "AT_GRADE_OR_UNKNOWN",
        "structure_confidence": "LOW",
        "interchange": "WESTERN_I75_SAWGRASS",
        "cesium_category": "INTERCHANGE_CONNECTOR",
        "review_note": "Function is topology-derived. Structure type is inferred from OSM bridge/layer tags; FLYOVER/OVERPASS distinctions should be verified against imagery or FDOT plans."
      },
      "geometry": {
        "type": "LineString",
        "coordinates": [
          [
            -80.3432282,
            26.1228075
          ],
          [
            -80.3433141,
            26.1231235
          ],
          [
            -80.3433559,
            26.1233156
          ],
          [
            -80.3433934,
            26.1235309
          ],
          [
            -80.3434196,
            26.1237763
          ],
          [
            -80.3434331,
            26.1240251
          ],
          [
            -80.3434428,
            26.1244904
          ],
          [
            -80.3434473,
            26.1248388
          ],
          [
            -80.3434519,
            26.1251921
          ],
          [
            -80.3434526,
            26.125339
          ],
          [
            -80.3434548,
            26.1254714
          ],
          [
            -80.3434933,
            26.1267849
          ]
        ]
      }
    },
    {
      "type": "Feature",
      "properties": {
        "@id": "way/87468922",
        "highway": "motorway_link",
        "lanes": "1",
        "lit": "yes",
        "oneway": "yes",
        "surface": "asphalt",
        "toll": "no",
        "corridor": "I-595",
        "road_type": "RAMP_CONNECTOR",
        "interchange_group": "SW_136TH_AVE",
        "movement_type": "ENTRY_TO_I595",
        "connected_facility": "I595_GP_EB",
        "validation": "TOPOLOGY_CONFIRMED",
        "validation_rule": "Directed OSM motorway_link chain starts from or ends at I-595 EB/WB mainline",
        "osm_way_id": "way/87468922",
        "source": "OpenStreetMap / Overpass",
        "asset_type": "RAMP",
        "ramp_type": "ENTRY_RAMP",
        "function_confidence": "HIGH",
        "direction": "EB",
        "from_road": "SW 136th Avenue",
        "to_road": "I-595",
        "road_inference_basis": "INTERCHANGE_GROUP",
        "elevated": false,
        "structure_type": "AT_GRADE_OR_UNKNOWN",
        "structure_confidence": "LOW",
        "interchange": "SW_136TH_AVE",
        "cesium_category": "ENTRY_RAMP",
        "review_note": "Function is topology-derived. Structure type is inferred from OSM bridge/layer tags; FLYOVER/OVERPASS distinctions should be verified against imagery or FDOT plans."
      },
      "geometry": {
        "type": "LineString",
        "coordinates": [
          [
            -80.3385989,
            26.1182778
          ],
          [
            -80.3380783,
            26.1183232
          ],
          [
            -80.3365776,
            26.1184292
          ],
          [
            -80.3363,
            26.1184424
          ],
          [
            -80.336036,
            26.1184442
          ],
          [
            -80.334368,
            26.1184763
          ]
        ]
      }
    },
    {
      "type": "Feature",
      "properties": {
        "@id": "way/332412553",
        "bridge": "yes",
        "destination:lanes": "none|Airport|Airport",
        "highway": "motorway_link",
        "lanes": "3",
        "lit": "no",
        "oneway": "yes",
        "surface": "concrete",
        "toll": "yes",
        "turn:lanes": "slight_left||",
        "corridor": "I-595",
        "road_type": "RAMP_CONNECTOR",
        "interchange_group": "FLORIDAS_TURNPIKE",
        "movement_type": "INBOUND_CONNECTOR_CHAIN",
        "connected_facility": "I595_NETWORK",
        "validation": "TOPOLOGY_CONFIRMED",
        "validation_rule": "Directed OSM motorway_link chain starts from or ends at I-595 EB/WB mainline",
        "osm_way_id": "way/332412553",
        "source": "OpenStreetMap / Overpass",
        "asset_type": "RAMP",
        "ramp_type": "INTERCHANGE_CONNECTOR",
        "function_confidence": "MEDIUM",
        "direction": "EB",
        "from_road": "Florida's Turnpike",
        "to_road": "I-595 network",
        "road_inference_basis": "INTERCHANGE_GROUP",
        "elevated": true,
        "structure_type": "OVERPASS_OR_BRIDGE_RAMP",
        "structure_confidence": "MEDIUM",
        "interchange": "FLORIDAS_TURNPIKE",
        "cesium_category": "INTERCHANGE_CONNECTOR",
        "review_note": "Function is topology-derived. Structure type is inferred from OSM bridge/layer tags; FLYOVER/OVERPASS distinctions should be verified against imagery or FDOT plans."
      },
      "geometry": {
        "type": "LineString",
        "coordinates": [
          [
            -80.2115412,
            26.0881639
          ],
          [
            -80.2112396,
            26.0881888
          ],
          [
            -80.2109368,
            26.0881896
          ],
          [
            -80.210635,
            26.0881661
          ],
          [
            -80.2103296,
            26.0881178
          ],
          [
            -80.2101732,
            26.0880843
          ],
          [
            -80.2099827,
            26.0880274
          ],
          [
            -80.2098523,
            26.0879855
          ],
          [
            -80.2097102,
            26.0879267
          ],
          [
            -80.2095931,
            26.0878773
          ],
          [
            -80.2094617,
            26.0878158
          ],
          [
            -80.2093387,
            26.087754
          ]
        ]
      }
    },
    {
      "type": "Feature",
      "properties": {
        "@id": "way/332553123",
        "destination:ref": "US 441;I 595 East;SR 84 East",
        "destination:symbol": "airport",
        "highway": "motorway_link",
        "lanes": "2",
        "lit": "no",
        "oneway": "yes",
        "surface": "asphalt",
        "tiger:cfcc": "A63",
        "tiger:county": "Broward, FL",
        "toll": "yes",
        "corridor": "I-595",
        "road_type": "RAMP_CONNECTOR",
        "interchange_group": "SR7_US441",
        "movement_type": "INBOUND_CONNECTOR_CHAIN",
        "connected_facility": "I595_NETWORK",
        "validation": "TOPOLOGY_CONFIRMED",
        "validation_rule": "Directed OSM motorway_link chain starts from or ends at I-595 EB/WB mainline",
        "osm_way_id": "way/332553123",
        "source": "OpenStreetMap / Overpass",
        "asset_type": "RAMP",
        "ramp_type": "INTERCHANGE_RAMP",
        "function_confidence": "MEDIUM",
        "direction": "NB",
        "from_road": "US-441 / SR-7",
        "to_road": "I-595 network",
        "road_inference_basis": "INTERCHANGE_GROUP",
        "elevated": false,
        "structure_type": "AT_GRADE_OR_UNKNOWN",
        "structure_confidence": "LOW",
        "interchange": "SR7_US441",
        "cesium_category": "INTERCHANGE_RAMP",
        "review_note": "Function is topology-derived. Structure type is inferred from OSM bridge/layer tags; FLYOVER/OVERPASS distinctions should be verified against imagery or FDOT plans."
      },
      "geometry": {
        "type": "LineString",
        "coordinates": [
          [
            -80.2146101,
            26.0848405
          ],
          [
            -80.2141481,
            26.085214
          ],
          [
            -80.2139727,
            26.0853713
          ],
          [
            -80.2138265,
            26.0855053
          ],
          [
            -80.2135635,
            26.0858245
          ],
          [
            -80.2134385,
            26.086014
          ],
          [
            -80.2133278,
            26.0862175
          ],
          [
            -80.213234,
            26.0864128
          ],
          [
            -80.2129031,
            26.0871186
          ],
          [
            -80.2128525,
            26.0872221
          ],
          [
            -80.2127418,
            26.0874087
          ],
          [
            -80.2126789,
            26.0875013
          ],
          [
            -80.2126055,
            26.0875931
          ],
          [
            -80.2125307,
            26.0876721
          ],
          [
            -80.2124463,
            26.0877511
          ],
          [
            -80.2123525,
            26.0878281
          ],
          [
            -80.2121996,
            26.0879105
          ]
        ]
      }
    },
    {
      "type": "Feature",
      "properties": {
        "@id": "way/332553147",
        "destination:ref": "SR 84 West;I 595 West",
        "highway": "motorway_link",
        "lanes": "1",
        "lit": "no",
        "oneway": "yes",
        "surface": "asphalt",
        "toll": "yes",
        "corridor": "I-595",
        "road_type": "RAMP_CONNECTOR",
        "interchange_group": "FLORIDAS_TURNPIKE",
        "movement_type": "INBOUND_CONNECTOR_CHAIN",
        "connected_facility": "I595_NETWORK",
        "validation": "TOPOLOGY_CONFIRMED",
        "validation_rule": "Directed OSM motorway_link chain starts from or ends at I-595 EB/WB mainline",
        "osm_way_id": "way/332553147",
        "source": "OpenStreetMap / Overpass",
        "asset_type": "RAMP",
        "ramp_type": "INTERCHANGE_CONNECTOR",
        "function_confidence": "MEDIUM",
        "direction": "NB",
        "from_road": "Florida's Turnpike",
        "to_road": "I-595 network",
        "road_inference_basis": "INTERCHANGE_GROUP",
        "elevated": false,
        "structure_type": "AT_GRADE_OR_UNKNOWN",
        "structure_confidence": "LOW",
        "interchange": "FLORIDAS_TURNPIKE",
        "cesium_category": "INTERCHANGE_CONNECTOR",
        "review_note": "Function is topology-derived. Structure type is inferred from OSM bridge/layer tags; FLYOVER/OVERPASS distinctions should be verified against imagery or FDOT plans."
      },
      "geometry": {
        "type": "LineString",
        "coordinates": [
          [
            -80.2134359,
            26.0862405
          ],
          [
            -80.2127292,
            26.0878248
          ],
          [
            -80.2126466,
            26.0880848
          ]
        ]
      }
    },
    {
      "type": "Feature",
      "properties": {
        "@id": "way/332553182",
        "destination": "Orlando;Miami;Florida's Turnpike",
        "destination:lanes": "|Florida's Turnpike;Orlando;Miami",
        "destination:ref": "US 441",
        "destination:ref:lanes": "US 441|",
        "highway": "motorway_link",
        "junction:ref": "8;9A-B",
        "lanes": "2",
        "lit": "yes",
        "oneway": "yes",
        "surface": "asphalt",
        "corridor": "I-595",
        "road_type": "RAMP_CONNECTOR",
        "interchange_group": "SR7_US441",
        "movement_type": "EXIT_FROM_I595",
        "connected_facility": "I595_GP_EB",
        "validation": "TOPOLOGY_CONFIRMED",
        "validation_rule": "Directed OSM motorway_link chain starts from or ends at I-595 EB/WB mainline",
        "osm_way_id": "way/332553182",
        "source": "OpenStreetMap / Overpass",
        "asset_type": "RAMP",
        "ramp_type": "INTERCHANGE_CONNECTOR",
        "function_confidence": "HIGH",
        "direction": "EB",
        "from_road": "I-595",
        "to_road": "Florida's Turnpike",
        "road_inference_basis": "TAG",
        "elevated": false,
        "structure_type": "AT_GRADE_OR_UNKNOWN",
        "structure_confidence": "LOW",
        "interchange": "SR7_US441",
        "cesium_category": "INTERCHANGE_CONNECTOR",
        "review_note": "Function is topology-derived. Structure type is inferred from OSM bridge/layer tags; FLYOVER/OVERPASS distinctions should be verified against imagery or FDOT plans."
      },
      "geometry": {
        "type": "LineString",
        "coordinates": [
          [
            -80.2244631,
            26.0925567
          ],
          [
            -80.22419,
            26.0924313
          ],
          [
            -80.2224836,
            26.0920036
          ],
          [
            -80.2222776,
            26.0919189
          ]
        ]
      }
    },
    {
      "type": "Feature",
      "properties": {
        "@id": "way/332553189",
        "destination:ref": "I 595 East",
        "highway": "motorway_link",
        "lanes": "1",
        "lit": "no",
        "oneway": "yes",
        "surface": "asphalt",
        "toll": "no",
        "corridor": "I-595",
        "road_type": "RAMP_CONNECTOR",
        "interchange_group": "FLORIDAS_TURNPIKE",
        "movement_type": "ENTRY_TO_I595",
        "connected_facility": "I595_GP_EB",
        "validation": "TOPOLOGY_CONFIRMED",
        "validation_rule": "Directed OSM motorway_link chain starts from or ends at I-595 EB/WB mainline",
        "osm_way_id": "way/332553189",
        "source": "OpenStreetMap / Overpass",
        "asset_type": "RAMP",
        "ramp_type": "INTERCHANGE_CONNECTOR",
        "function_confidence": "HIGH",
        "direction": "EB",
        "from_road": "Florida's Turnpike",
        "to_road": "I-595",
        "road_inference_basis": "INTERCHANGE_GROUP",
        "elevated": false,
        "structure_type": "AT_GRADE_OR_UNKNOWN",
        "structure_confidence": "LOW",
        "interchange": "FLORIDAS_TURNPIKE",
        "cesium_category": "INTERCHANGE_CONNECTOR",
        "review_note": "Function is topology-derived. Structure type is inferred from OSM bridge/layer tags; FLYOVER/OVERPASS distinctions should be verified against imagery or FDOT plans."
      },
      "geometry": {
        "type": "LineString",
        "coordinates": [
          [
            -80.1961425,
            26.0832008
          ],
          [
            -80.195855,
            26.083261
          ],
          [
            -80.1954821,
            26.0833473
          ],
          [
            -80.1950692,
            26.0834572
          ],
          [
            -80.1948233,
            26.08352
          ],
          [
            -80.1946607,
            26.0835602
          ],
          [
            -80.1945322,
            26.0835903
          ],
          [
            -80.1943935,
            26.0836166
          ],
          [
            -80.1942311,
            26.0836436
          ],
          [
            -80.1940934,
            26.0836628
          ],
          [
            -80.1939618,
            26.0836768
          ],
          [
            -80.1938166,
            26.0836897
          ],
          [
            -80.1933591,
            26.0837798
          ]
        ]
      }
    },
    {
      "type": "Feature",
      "properties": {
        "@id": "way/332553196",
        "destination:ref": "I 595 East",
        "destination:symbol": "airport;harbour",
        "destination:to": "Airport",
        "highway": "motorway_link",
        "lanes": "2",
        "lit": "no",
        "oneway": "yes",
        "surface": "asphalt",
        "corridor": "I-595",
        "road_type": "RAMP_CONNECTOR",
        "interchange_group": "FLORIDAS_TURNPIKE",
        "movement_type": "INBOUND_CONNECTOR_CHAIN",
        "connected_facility": "I595_NETWORK",
        "validation": "TOPOLOGY_CONFIRMED",
        "validation_rule": "Directed OSM motorway_link chain starts from or ends at I-595 EB/WB mainline",
        "osm_way_id": "way/332553196",
        "source": "OpenStreetMap / Overpass",
        "asset_type": "RAMP",
        "ramp_type": "INTERCHANGE_CONNECTOR",
        "function_confidence": "MEDIUM",
        "direction": "EB",
        "from_road": "Florida's Turnpike",
        "to_road": "I-595 network",
        "road_inference_basis": "INTERCHANGE_GROUP",
        "elevated": false,
        "structure_type": "AT_GRADE_OR_UNKNOWN",
        "structure_confidence": "LOW",
        "interchange": "FLORIDAS_TURNPIKE",
        "cesium_category": "INTERCHANGE_CONNECTOR",
        "review_note": "Function is topology-derived. Structure type is inferred from OSM bridge/layer tags; FLYOVER/OVERPASS distinctions should be verified against imagery or FDOT plans."
      },
      "geometry": {
        "type": "LineString",
        "coordinates": [
          [
            -80.2023089,
            26.0838615
          ],
          [
            -80.2019583,
            26.0837761
          ],
          [
            -80.2017181,
            26.083711
          ],
          [
            -80.2014826,
            26.0836429
          ],
          [
            -80.2012398,
            26.0835673
          ],
          [
            -80.2009545,
            26.0834846
          ],
          [
            -80.2007167,
            26.0834195
          ],
          [
            -80.2004834,
            26.0833658
          ],
          [
            -80.2002444,
            26.0833146
          ],
          [
            -80.2000012,
            26.083271
          ],
          [
            -80.1997633,
            26.0832356
          ]
        ]
      }
    },
    {
      "type": "Feature",
      "properties": {
        "@id": "way/332668020",
        "destination:ref": "I 595 Express",
        "highway": "motorway_link",
        "hov": "designated",
        "junction:noref": "yes",
        "lanes": "2",
        "lit": "no",
        "maxspeed": "70 mph",
        "oneway": "yes",
        "ref": "I 595 EXPR",
        "surface": "asphalt",
        "toll": "yes",
        "toll:hov": "no",
        "corridor": "I-595",
        "road_type": "RAMP_CONNECTOR",
        "interchange_group": "FLORIDAS_TURNPIKE",
        "movement_type": "EXPRESS_CONNECTOR",
        "connected_facility": "I595_EXPRESS",
        "validation": "TOPOLOGY_CONFIRMED",
        "validation_rule": "Directed OSM motorway_link chain starts from or ends at I-595 EB/WB mainline",
        "osm_way_id": "way/332668020",
        "source": "OpenStreetMap / Overpass",
        "asset_type": "RAMP",
        "ramp_type": "EXPRESS_CONNECTOR",
        "function_confidence": "MEDIUM",
        "direction": "WB",
        "from_road": "595 Express / I-595 network",
        "to_road": "Florida's Turnpike",
        "road_inference_basis": "INTERCHANGE_GROUP",
        "elevated": false,
        "structure_type": "AT_GRADE_OR_UNKNOWN",
        "structure_confidence": "LOW",
        "interchange": "FLORIDAS_TURNPIKE",
        "cesium_category": "EXPRESS_CONNECTOR",
        "review_note": "Function is topology-derived. Structure type is inferred from OSM bridge/layer tags; FLYOVER/OVERPASS distinctions should be verified against imagery or FDOT plans."
      },
      "geometry": {
        "type": "LineString",
        "coordinates": [
          [
            -80.2034472,
            26.0856251
          ],
          [
            -80.2043458,
            26.0859465
          ],
          [
            -80.2047845,
            26.0861452
          ],
          [
            -80.20511,
            26.0862999
          ],
          [
            -80.2053236,
            26.0864044
          ],
          [
            -80.205745,
            26.0866223
          ],
          [
            -80.2061613,
            26.086845
          ],
          [
            -80.2074223,
            26.0875169
          ],
          [
            -80.2082697,
            26.08795
          ],
          [
            -80.2089275,
            26.0882673
          ],
          [
            -80.2095364,
            26.088547
          ],
          [
            -80.2098563,
            26.0886879
          ],
          [
            -80.2105475,
            26.0889638
          ]
        ]
      }
    },
    {
      "type": "Feature",
      "properties": {
        "@id": "way/332668021",
        "destination": "Fort Lauderdale",
        "destination:ref": "I 95",
        "highway": "motorway_link",
        "hov": "designated",
        "junction:noref": "yes",
        "lanes": "2",
        "lit": "no",
        "oneway": "yes",
        "ref": "I 595 EXPR",
        "surface": "asphalt",
        "toll": "yes",
        "toll:hov": "no",
        "corridor": "I-595",
        "road_type": "RAMP_CONNECTOR",
        "interchange_group": "I95",
        "movement_type": "EXPRESS_CONNECTOR",
        "connected_facility": "I595_EXPRESS",
        "validation": "TOPOLOGY_CONFIRMED",
        "validation_rule": "Directed OSM motorway_link chain starts from or ends at I-595 EB/WB mainline",
        "osm_way_id": "way/332668021",
        "source": "OpenStreetMap / Overpass",
        "asset_type": "RAMP",
        "ramp_type": "EXPRESS_CONNECTOR",
        "function_confidence": "MEDIUM",
        "direction": "EB",
        "from_road": "595 Express / I-595 network",
        "to_road": "I-95",
        "road_inference_basis": "INTERCHANGE_GROUP",
        "elevated": false,
        "structure_type": "AT_GRADE_OR_UNKNOWN",
        "structure_confidence": "LOW",
        "interchange": "I95",
        "cesium_category": "EXPRESS_CONNECTOR",
        "review_note": "Function is topology-derived. Structure type is inferred from OSM bridge/layer tags; FLYOVER/OVERPASS distinctions should be verified against imagery or FDOT plans."
      },
      "geometry": {
        "type": "LineString",
        "coordinates": [
          [
            -80.2105475,
            26.0889638
          ],
          [
            -80.2099407,
            26.0886855
          ],
          [
            -80.2094782,
            26.0884697
          ],
          [
            -80.2088851,
            26.0881613
          ],
          [
            -80.2083539,
            26.0878746
          ],
          [
            -80.204809,
            26.0859582
          ],
          [
            -80.2041751,
            26.085636
          ],
          [
            -80.2036319,
            26.0853916
          ],
          [
            -80.2032488,
            26.0852284
          ]
        ]
      }
    },
    {
      "type": "Feature",
      "properties": {
        "@id": "way/332668024",
        "destination:ref": "SR 84 East",
        "destination:to": "Pine Island Road",
        "highway": "motorway_link",
        "junction:ref": "5",
        "lanes": "1",
        "lit": "yes",
        "oneway": "yes",
        "surface": "asphalt",
        "corridor": "I-595",
        "road_type": "RAMP_CONNECTOR",
        "interchange_group": "NOB_HILL_RD",
        "movement_type": "OUTBOUND_CONNECTOR_CHAIN",
        "connected_facility": "I595_NETWORK",
        "validation": "TOPOLOGY_CONFIRMED",
        "validation_rule": "Directed OSM motorway_link chain starts from or ends at I-595 EB/WB mainline",
        "osm_way_id": "way/332668024",
        "source": "OpenStreetMap / Overpass",
        "asset_type": "RAMP",
        "ramp_type": "INTERCHANGE_RAMP",
        "function_confidence": "MEDIUM",
        "direction": "EB",
        "from_road": "I-595 network",
        "to_road": "Nob Hill Road",
        "road_inference_basis": "INTERCHANGE_GROUP",
        "elevated": false,
        "structure_type": "AT_GRADE_OR_UNKNOWN",
        "structure_confidence": "LOW",
        "interchange": "NOB_HILL_RD",
        "cesium_category": "INTERCHANGE_RAMP",
        "review_note": "Function is topology-derived. Structure type is inferred from OSM bridge/layer tags; FLYOVER/OVERPASS distinctions should be verified against imagery or FDOT plans."
      },
      "geometry": {
        "type": "LineString",
        "coordinates": [
          [
            -80.2778082,
            26.1054534
          ],
          [
            -80.277725,
            26.10541
          ],
          [
            -80.277378,
            26.1053275
          ],
          [
            -80.2770666,
            26.1052456
          ],
          [
            -80.2767457,
            26.105175
          ],
          [
            -80.276422,
            26.1050933
          ],
          [
            -80.2761199,
            26.1049723
          ]
        ]
      }
    },
    {
      "type": "Feature",
      "properties": {
        "@id": "way/332668026",
        "highway": "motorway_link",
        "lanes": "2",
        "lit": "yes",
        "oneway": "yes",
        "surface": "asphalt",
        "corridor": "I-595",
        "road_type": "RAMP_CONNECTOR",
        "interchange_group": "UNIVERSITY_DR",
        "movement_type": "OUTBOUND_CONNECTOR_CHAIN",
        "connected_facility": "I595_NETWORK",
        "validation": "TOPOLOGY_CONFIRMED",
        "validation_rule": "Directed OSM motorway_link chain starts from or ends at I-595 EB/WB mainline",
        "osm_way_id": "way/332668026",
        "source": "OpenStreetMap / Overpass",
        "asset_type": "RAMP",
        "ramp_type": "INTERCHANGE_RAMP",
        "function_confidence": "MEDIUM",
        "direction": "WB",
        "from_road": "I-595 network",
        "to_road": "University Drive",
        "road_inference_basis": "INTERCHANGE_GROUP",
        "elevated": false,
        "structure_type": "AT_GRADE_OR_UNKNOWN",
        "structure_confidence": "LOW",
        "interchange": "UNIVERSITY_DR",
        "cesium_category": "INTERCHANGE_RAMP",
        "review_note": "Function is topology-derived. Structure type is inferred from OSM bridge/layer tags; FLYOVER/OVERPASS distinctions should be verified against imagery or FDOT plans."
      },
      "geometry": {
        "type": "LineString",
        "coordinates": [
          [
            -80.2509785,
            26.099327
          ],
          [
            -80.2513402,
            26.0994739
          ],
          [
            -80.2516674,
            26.0996095
          ],
          [
            -80.2518876,
            26.0996914
          ],
          [
            -80.2521094,
            26.0997733
          ],
          [
            -80.2523343,
            26.0998496
          ],
          [
            -80.2526599,
            26.0999485
          ],
          [
            -80.2537154,
            26.1002126
          ],
          [
            -80.2548725,
            26.100539
          ],
          [
            -80.2559075,
            26.10083
          ],
          [
            -80.2563636,
            26.10096
          ],
          [
            -80.2568544,
            26.1010928
          ],
          [
            -80.2576566,
            26.1012962
          ],
          [
            -80.2581355,
            26.1014384
          ]
        ]
      }
    },
    {
      "type": "Feature",
      "properties": {
        "@id": "way/332668028",
        "bridge": "yes",
        "highway": "motorway_link",
        "lanes": "1",
        "layer": "1",
        "lit": "yes",
        "oneway": "yes",
        "surface": "asphalt",
        "corridor": "I-595",
        "road_type": "RAMP_CONNECTOR",
        "interchange_group": "PINE_ISLAND_RD",
        "movement_type": "OUTBOUND_CONNECTOR_CHAIN",
        "connected_facility": "I595_NETWORK",
        "validation": "TOPOLOGY_CONFIRMED",
        "validation_rule": "Directed OSM motorway_link chain starts from or ends at I-595 EB/WB mainline",
        "osm_way_id": "way/332668028",
        "source": "OpenStreetMap / Overpass",
        "asset_type": "RAMP",
        "ramp_type": "INTERCHANGE_RAMP",
        "function_confidence": "MEDIUM",
        "direction": "EB",
        "from_road": "I-595 network",
        "to_road": "Pine Island Road",
        "road_inference_basis": "INTERCHANGE_GROUP",
        "elevated": true,
        "structure_type": "FLYOVER_OR_OVERPASS",
        "structure_confidence": "HIGH",
        "interchange": "PINE_ISLAND_RD",
        "cesium_category": "INTERCHANGE_RAMP",
        "review_note": "Function is topology-derived. Structure type is inferred from OSM bridge/layer tags; FLYOVER/OVERPASS distinctions should be verified against imagery or FDOT plans."
      },
      "geometry": {
        "type": "LineString",
        "coordinates": [
          [
            -80.2662179,
            26.1026527
          ],
          [
            -80.2650086,
            26.1023552
          ]
        ]
      }
    },
    {
      "type": "Feature",
      "properties": {
        "@id": "way/332668030",
        "bridge": "yes",
        "highway": "motorway_link",
        "lanes": "1",
        "layer": "1",
        "lit": "yes",
        "oneway": "yes",
        "surface": "asphalt",
        "corridor": "I-595",
        "road_type": "RAMP_CONNECTOR",
        "interchange_group": "PINE_ISLAND_RD",
        "movement_type": "OUTBOUND_CONNECTOR_CHAIN",
        "connected_facility": "I595_NETWORK",
        "validation": "TOPOLOGY_CONFIRMED",
        "validation_rule": "Directed OSM motorway_link chain starts from or ends at I-595 EB/WB mainline",
        "osm_way_id": "way/332668030",
        "source": "OpenStreetMap / Overpass",
        "asset_type": "RAMP",
        "ramp_type": "INTERCHANGE_RAMP",
        "function_confidence": "MEDIUM",
        "direction": "EB",
        "from_road": "I-595 network",
        "to_road": "Pine Island Road",
        "road_inference_basis": "INTERCHANGE_GROUP",
        "elevated": true,
        "structure_type": "FLYOVER_OR_OVERPASS",
        "structure_confidence": "HIGH",
        "interchange": "PINE_ISLAND_RD",
        "cesium_category": "INTERCHANGE_RAMP",
        "review_note": "Function is topology-derived. Structure type is inferred from OSM bridge/layer tags; FLYOVER/OVERPASS distinctions should be verified against imagery or FDOT plans."
      },
      "geometry": {
        "type": "LineString",
        "coordinates": [
          [
            -80.2727077,
            26.1042655
          ],
          [
            -80.2710832,
            26.1038318
          ]
        ]
      }
    },
    {
      "type": "Feature",
      "properties": {
        "@id": "way/332668031",
        "highway": "motorway_link",
        "lanes": "1",
        "lit": "yes",
        "oneway": "yes",
        "surface": "asphalt",
        "corridor": "I-595",
        "road_type": "RAMP_CONNECTOR",
        "interchange_group": "PINE_ISLAND_RD",
        "movement_type": "OUTBOUND_CONNECTOR_CHAIN",
        "connected_facility": "I595_NETWORK",
        "validation": "TOPOLOGY_CONFIRMED",
        "validation_rule": "Directed OSM motorway_link chain starts from or ends at I-595 EB/WB mainline",
        "osm_way_id": "way/332668031",
        "source": "OpenStreetMap / Overpass",
        "asset_type": "RAMP",
        "ramp_type": "INTERCHANGE_RAMP",
        "function_confidence": "MEDIUM",
        "direction": "EB",
        "from_road": "I-595 network",
        "to_road": "Pine Island Road",
        "road_inference_basis": "INTERCHANGE_GROUP",
        "elevated": false,
        "structure_type": "AT_GRADE_OR_UNKNOWN",
        "structure_confidence": "LOW",
        "interchange": "PINE_ISLAND_RD",
        "cesium_category": "INTERCHANGE_RAMP",
        "review_note": "Function is topology-derived. Structure type is inferred from OSM bridge/layer tags; FLYOVER/OVERPASS distinctions should be verified against imagery or FDOT plans."
      },
      "geometry": {
        "type": "LineString",
        "coordinates": [
          [
            -80.2710832,
            26.1038318
          ],
          [
            -80.2662179,
            26.1026527
          ]
        ]
      }
    },
    {
      "type": "Feature",
      "properties": {
        "@id": "way/332668032",
        "highway": "motorway_link",
        "lanes": "1",
        "lit": "yes",
        "oneway": "yes",
        "source": "OpenStreetMap / Overpass",
        "surface": "asphalt",
        "corridor": "I-595",
        "road_type": "RAMP_CONNECTOR",
        "interchange_group": "DAVIE_RD",
        "movement_type": "OUTBOUND_CONNECTOR_CHAIN",
        "connected_facility": "I595_NETWORK",
        "validation": "TOPOLOGY_CONFIRMED",
        "validation_rule": "Directed OSM motorway_link chain starts from or ends at I-595 EB/WB mainline",
        "osm_way_id": "way/332668032",
        "asset_type": "RAMP",
        "ramp_type": "INTERCHANGE_RAMP",
        "function_confidence": "MEDIUM",
        "direction": "EB",
        "from_road": "I-595 network",
        "to_road": "Davie Road",
        "road_inference_basis": "INTERCHANGE_GROUP",
        "elevated": false,
        "structure_type": "AT_GRADE_OR_UNKNOWN",
        "structure_confidence": "LOW",
        "interchange": "DAVIE_RD",
        "cesium_category": "INTERCHANGE_RAMP",
        "review_note": "Function is topology-derived. Structure type is inferred from OSM bridge/layer tags; FLYOVER/OVERPASS distinctions should be verified against imagery or FDOT plans."
      },
      "geometry": {
        "type": "LineString",
        "coordinates": [
          [
            -80.2403432,
            26.0962113
          ],
          [
            -80.2397491,
            26.096051
          ],
          [
            -80.2384026,
            26.0957036
          ],
          [
            -80.237615,
            26.0955144
          ],
          [
            -80.2372181,
            26.0954275
          ],
          [
            -80.2364572,
            26.0952714
          ]
        ]
      }
    },
    {
      "type": "Feature",
      "properties": {
        "@id": "way/332668033",
        "bridge": "yes",
        "highway": "motorway_link",
        "lanes": "2",
        "layer": "1",
        "lit": "yes",
        "oneway": "yes",
        "surface": "asphalt",
        "corridor": "I-595",
        "road_type": "RAMP_CONNECTOR",
        "interchange_group": "UNIVERSITY_DR",
        "movement_type": "OUTBOUND_CONNECTOR_CHAIN",
        "connected_facility": "I595_NETWORK",
        "validation": "TOPOLOGY_CONFIRMED",
        "validation_rule": "Directed OSM motorway_link chain starts from or ends at I-595 EB/WB mainline",
        "osm_way_id": "way/332668033",
        "source": "OpenStreetMap / Overpass",
        "asset_type": "RAMP",
        "ramp_type": "INTERCHANGE_RAMP",
        "function_confidence": "MEDIUM",
        "direction": "WB",
        "from_road": "I-595 network",
        "to_road": "University Drive",
        "road_inference_basis": "INTERCHANGE_GROUP",
        "elevated": true,
        "structure_type": "FLYOVER_OR_OVERPASS",
        "structure_confidence": "HIGH",
        "interchange": "UNIVERSITY_DR",
        "cesium_category": "INTERCHANGE_RAMP",
        "review_note": "Function is topology-derived. Structure type is inferred from OSM bridge/layer tags; FLYOVER/OVERPASS distinctions should be verified against imagery or FDOT plans."
      },
      "geometry": {
        "type": "LineString",
        "coordinates": [
          [
            -80.2500976,
            26.0990374
          ],
          [
            -80.2505553,
            26.0991772
          ],
          [
            -80.2509785,
            26.099327
          ]
        ]
      }
    },
    {
      "type": "Feature",
      "properties": {
        "@id": "way/332668034",
        "destination:ref": "I 595 West",
        "destination:ref:to": "I 75;SR 869 Toll",
        "highway": "motorway_link",
        "lanes": "1",
        "lit": "yes",
        "oneway": "yes",
        "surface": "asphalt",
        "corridor": "I-595",
        "road_type": "RAMP_CONNECTOR",
        "interchange_group": "DAVIE_RD",
        "movement_type": "INBOUND_CONNECTOR_CHAIN",
        "connected_facility": "I595_NETWORK",
        "validation": "TOPOLOGY_CONFIRMED",
        "validation_rule": "Directed OSM motorway_link chain starts from or ends at I-595 EB/WB mainline",
        "osm_way_id": "way/332668034",
        "source": "OpenStreetMap / Overpass",
        "asset_type": "RAMP",
        "ramp_type": "INTERCHANGE_RAMP",
        "function_confidence": "MEDIUM",
        "direction": "WB",
        "from_road": "Davie Road",
        "to_road": "I-595 network",
        "road_inference_basis": "INTERCHANGE_GROUP",
        "elevated": false,
        "structure_type": "AT_GRADE_OR_UNKNOWN",
        "structure_confidence": "LOW",
        "interchange": "DAVIE_RD",
        "cesium_category": "INTERCHANGE_RAMP",
        "review_note": "Function is topology-derived. Structure type is inferred from OSM bridge/layer tags; FLYOVER/OVERPASS distinctions should be verified against imagery or FDOT plans."
      },
      "geometry": {
        "type": "LineString",
        "coordinates": [
          [
            -80.2313248,
            26.0948559
          ],
          [
            -80.2323791,
            26.0951087
          ],
          [
            -80.2345805,
            26.0956917
          ]
        ]
      }
    },
    {
      "type": "Feature",
      "properties": {
        "@id": "way/332668035",
        "bridge": "yes",
        "highway": "motorway_link",
        "lanes": "1",
        "layer": "1",
        "lit": "yes",
        "oneway": "yes",
        "source": "OpenStreetMap / Overpass",
        "surface": "asphalt",
        "corridor": "I-595",
        "road_type": "RAMP_CONNECTOR",
        "interchange_group": "DAVIE_RD",
        "movement_type": "OUTBOUND_CONNECTOR_CHAIN",
        "connected_facility": "I595_NETWORK",
        "validation": "TOPOLOGY_CONFIRMED",
        "validation_rule": "Directed OSM motorway_link chain starts from or ends at I-595 EB/WB mainline",
        "osm_way_id": "way/332668035",
        "asset_type": "RAMP",
        "ramp_type": "INTERCHANGE_RAMP",
        "function_confidence": "MEDIUM",
        "direction": "EB",
        "from_road": "I-595 network",
        "to_road": "Davie Road",
        "road_inference_basis": "INTERCHANGE_GROUP",
        "elevated": true,
        "structure_type": "FLYOVER_OR_OVERPASS",
        "structure_confidence": "HIGH",
        "interchange": "DAVIE_RD",
        "cesium_category": "INTERCHANGE_RAMP",
        "review_note": "Function is topology-derived. Structure type is inferred from OSM bridge/layer tags; FLYOVER/OVERPASS distinctions should be verified against imagery or FDOT plans."
      },
      "geometry": {
        "type": "LineString",
        "coordinates": [
          [
            -80.2421729,
            26.0967022
          ],
          [
            -80.2411129,
            26.0964189
          ],
          [
            -80.2403432,
            26.0962113
          ]
        ]
      }
    },
    {
      "type": "Feature",
      "properties": {
        "@id": "way/332668036",
        "destination": "Pine Island Road",
        "highway": "motorway_link",
        "junction:ref": "5",
        "lanes": "2",
        "lit": "yes",
        "oneway": "yes",
        "surface": "asphalt",
        "corridor": "I-595",
        "road_type": "RAMP_CONNECTOR",
        "interchange_group": "PINE_ISLAND_RD",
        "movement_type": "EXIT_FROM_I595",
        "connected_facility": "I595_GP_WB",
        "validation": "TOPOLOGY_CONFIRMED",
        "validation_rule": "Directed OSM motorway_link chain starts from or ends at I-595 EB/WB mainline",
        "osm_way_id": "way/332668036",
        "source": "OpenStreetMap / Overpass",
        "asset_type": "RAMP",
        "ramp_type": "EXIT_RAMP",
        "function_confidence": "HIGH",
        "direction": "WB",
        "from_road": "I-595",
        "to_road": "Pine Island Road",
        "road_inference_basis": "TAG",
        "elevated": false,
        "structure_type": "AT_GRADE_OR_UNKNOWN",
        "structure_confidence": "LOW",
        "interchange": "PINE_ISLAND_RD",
        "cesium_category": "EXIT_RAMP",
        "review_note": "Function is topology-derived. Structure type is inferred from OSM bridge/layer tags; FLYOVER/OVERPASS distinctions should be verified against imagery or FDOT plans."
      },
      "geometry": {
        "type": "LineString",
        "coordinates": [
          [
            -80.2479172,
            26.0984234
          ],
          [
            -80.2481363,
            26.0985465
          ],
          [
            -80.249632,
            26.0989131
          ],
          [
            -80.2500976,
            26.0990374
          ]
        ]
      }
    },
    {
      "type": "Feature",
      "properties": {
        "@id": "way/332668037",
        "bridge": "yes",
        "highway": "motorway_link",
        "lanes": "1",
        "layer": "1",
        "lit": "yes",
        "oneway": "yes",
        "surface": "asphalt",
        "corridor": "I-595",
        "road_type": "RAMP_CONNECTOR",
        "interchange_group": "DAVIE_RD",
        "movement_type": "INBOUND_CONNECTOR_CHAIN",
        "connected_facility": "I595_NETWORK",
        "validation": "TOPOLOGY_CONFIRMED",
        "validation_rule": "Directed OSM motorway_link chain starts from or ends at I-595 EB/WB mainline",
        "osm_way_id": "way/332668037",
        "source": "OpenStreetMap / Overpass",
        "asset_type": "RAMP",
        "ramp_type": "INTERCHANGE_RAMP",
        "function_confidence": "MEDIUM",
        "direction": "WB",
        "from_road": "Davie Road",
        "to_road": "I-595 network",
        "road_inference_basis": "INTERCHANGE_GROUP",
        "elevated": true,
        "structure_type": "FLYOVER_OR_OVERPASS",
        "structure_confidence": "HIGH",
        "interchange": "DAVIE_RD",
        "cesium_category": "INTERCHANGE_RAMP",
        "review_note": "Function is topology-derived. Structure type is inferred from OSM bridge/layer tags; FLYOVER/OVERPASS distinctions should be verified against imagery or FDOT plans."
      },
      "geometry": {
        "type": "LineString",
        "coordinates": [
          [
            -80.2345805,
            26.0956917
          ],
          [
            -80.2350944,
            26.0958178
          ],
          [
            -80.2358317,
            26.0959586
          ],
          [
            -80.2367672,
            26.0961464
          ]
        ]
      }
    },
    {
      "type": "Feature",
      "properties": {
        "@id": "way/332668038",
        "highway": "motorway_link",
        "lanes": "2",
        "lit": "yes",
        "maxspeed:advisory": "45 mph",
        "oneway": "yes",
        "surface": "asphalt",
        "corridor": "I-595",
        "road_type": "RAMP_CONNECTOR",
        "interchange_group": "PINE_ISLAND_RD",
        "movement_type": "OUTBOUND_CONNECTOR_CHAIN",
        "connected_facility": "I595_NETWORK",
        "validation": "TOPOLOGY_CONFIRMED",
        "validation_rule": "Directed OSM motorway_link chain starts from or ends at I-595 EB/WB mainline",
        "osm_way_id": "way/332668038",
        "source": "OpenStreetMap / Overpass",
        "asset_type": "RAMP",
        "ramp_type": "INTERCHANGE_RAMP",
        "function_confidence": "MEDIUM",
        "direction": "WB",
        "from_road": "I-595 network",
        "to_road": "Pine Island Road",
        "road_inference_basis": "INTERCHANGE_GROUP",
        "elevated": false,
        "structure_type": "AT_GRADE_OR_UNKNOWN",
        "structure_confidence": "LOW",
        "interchange": "PINE_ISLAND_RD",
        "cesium_category": "INTERCHANGE_RAMP",
        "review_note": "Function is topology-derived. Structure type is inferred from OSM bridge/layer tags; FLYOVER/OVERPASS distinctions should be verified against imagery or FDOT plans."
      },
      "geometry": {
        "type": "LineString",
        "coordinates": [
          [
            -80.2675151,
            26.1037934
          ],
          [
            -80.2681068,
            26.1039512
          ],
          [
            -80.2687941,
            26.104129
          ],
          [
            -80.2720871,
            26.1049426
          ],
          [
            -80.2723305,
            26.104986
          ]
        ]
      }
    },
    {
      "type": "Feature",
      "properties": {
        "@id": "way/332668039",
        "highway": "motorway_link",
        "lanes": "1",
        "lit": "yes",
        "oneway": "yes",
        "surface": "asphalt",
        "corridor": "I-595",
        "road_type": "RAMP_CONNECTOR",
        "interchange_group": "PINE_ISLAND_RD",
        "movement_type": "OUTBOUND_CONNECTOR_CHAIN",
        "connected_facility": "I595_NETWORK",
        "validation": "TOPOLOGY_CONFIRMED",
        "validation_rule": "Directed OSM motorway_link chain starts from or ends at I-595 EB/WB mainline",
        "osm_way_id": "way/332668039",
        "source": "OpenStreetMap / Overpass",
        "asset_type": "RAMP",
        "ramp_type": "INTERCHANGE_RAMP",
        "function_confidence": "MEDIUM",
        "direction": "EB",
        "from_road": "I-595 network",
        "to_road": "Pine Island Road",
        "road_inference_basis": "INTERCHANGE_GROUP",
        "elevated": false,
        "structure_type": "AT_GRADE_OR_UNKNOWN",
        "structure_confidence": "LOW",
        "interchange": "PINE_ISLAND_RD",
        "cesium_category": "INTERCHANGE_RAMP",
        "review_note": "Function is topology-derived. Structure type is inferred from OSM bridge/layer tags; FLYOVER/OVERPASS distinctions should be verified against imagery or FDOT plans."
      },
      "geometry": {
        "type": "LineString",
        "coordinates": [
          [
            -80.2650086,
            26.1023552
          ],
          [
            -80.2624981,
            26.1017387
          ],
          [
            -80.2621058,
            26.1016435
          ],
          [
            -80.2616973,
            26.1015426
          ],
          [
            -80.2612213,
            26.1013611
          ]
        ]
      }
    },
    {
      "type": "Feature",
      "properties": {
        "@id": "way/332668040",
        "destination:ref": "I 595 East",
        "destination:ref:to": "I 95",
        "destination:to": "Florida's Turnpike",
        "highway": "motorway_link",
        "lanes": "1",
        "lit": "yes",
        "oneway": "yes",
        "surface": "asphalt",
        "corridor": "I-595",
        "road_type": "RAMP_CONNECTOR",
        "interchange_group": "PINE_ISLAND_RD",
        "movement_type": "ENTRY_TO_I595",
        "connected_facility": "I595_GP_EB",
        "validation": "TOPOLOGY_CONFIRMED",
        "validation_rule": "Directed OSM motorway_link chain starts from or ends at I-595 EB/WB mainline",
        "osm_way_id": "way/332668040",
        "source": "OpenStreetMap / Overpass",
        "asset_type": "RAMP",
        "ramp_type": "ENTRY_RAMP",
        "function_confidence": "HIGH",
        "direction": "EB",
        "from_road": "Pine Island Road",
        "to_road": "I-595",
        "road_inference_basis": "INTERCHANGE_GROUP",
        "elevated": false,
        "structure_type": "AT_GRADE_OR_UNKNOWN",
        "structure_confidence": "LOW",
        "interchange": "PINE_ISLAND_RD",
        "cesium_category": "ENTRY_RAMP",
        "review_note": "Function is topology-derived. Structure type is inferred from OSM bridge/layer tags; FLYOVER/OVERPASS distinctions should be verified against imagery or FDOT plans."
      },
      "geometry": {
        "type": "LineString",
        "coordinates": [
          [
            -80.2727991,
            26.104172
          ],
          [
            -80.2721272,
            26.1040601
          ],
          [
            -80.2708007,
            26.1038747
          ],
          [
            -80.2707023,
            26.1038603
          ],
          [
            -80.2700764,
            26.103778
          ]
        ]
      }
    },
    {
      "type": "Feature",
      "properties": {
        "@id": "way/332668041",
        "bridge": "yes",
        "destination": "Nob Hill Road",
        "highway": "motorway_link",
        "junction:ref": "4",
        "lanes": "2",
        "layer": "1",
        "lit": "yes",
        "maxspeed:advisory": "45 mph",
        "oneway": "yes",
        "surface": "asphalt",
        "corridor": "I-595",
        "road_type": "RAMP_CONNECTOR",
        "interchange_group": "NOB_HILL_RD",
        "movement_type": "EXIT_FROM_I595",
        "connected_facility": "I595_GP_WB",
        "validation": "TOPOLOGY_CONFIRMED",
        "validation_rule": "Directed OSM motorway_link chain starts from or ends at I-595 EB/WB mainline",
        "osm_way_id": "way/332668041",
        "source": "OpenStreetMap / Overpass",
        "asset_type": "RAMP",
        "ramp_type": "EXIT_RAMP",
        "function_confidence": "HIGH",
        "direction": "WB",
        "from_road": "I-595",
        "to_road": "Nob Hill Road",
        "road_inference_basis": "TAG",
        "elevated": true,
        "structure_type": "FLYOVER_OR_OVERPASS",
        "structure_confidence": "HIGH",
        "interchange": "NOB_HILL_RD",
        "cesium_category": "EXIT_RAMP",
        "review_note": "Function is topology-derived. Structure type is inferred from OSM bridge/layer tags; FLYOVER/OVERPASS distinctions should be verified against imagery or FDOT plans."
      },
      "geometry": {
        "type": "LineString",
        "coordinates": [
          [
            -80.2648571,
            26.1028641
          ],
          [
            -80.2653855,
            26.1030844
          ],
          [
            -80.2661982,
            26.1033679
          ],
          [
            -80.2668766,
            26.1035897
          ],
          [
            -80.2675151,
            26.1037934
          ]
        ]
      }
    },
    {
      "type": "Feature",
      "properties": {
        "@id": "way/332668042",
        "destination:ref": "I 595 East",
        "destination:ref:to": "I 95",
        "destination:to": "Florida's Turnpike",
        "highway": "motorway_link",
        "lanes": "2",
        "lit": "yes",
        "oneway": "yes",
        "surface": "asphalt",
        "corridor": "I-595",
        "road_type": "RAMP_CONNECTOR",
        "interchange_group": "DAVIE_RD",
        "movement_type": "ENTRY_TO_I595",
        "connected_facility": "I595_GP_EB",
        "validation": "TOPOLOGY_CONFIRMED",
        "validation_rule": "Directed OSM motorway_link chain starts from or ends at I-595 EB/WB mainline",
        "osm_way_id": "way/332668042",
        "source": "OpenStreetMap / Overpass",
        "asset_type": "RAMP",
        "ramp_type": "ENTRY_RAMP",
        "function_confidence": "HIGH",
        "direction": "EB",
        "from_road": "Davie Road",
        "to_road": "I-595",
        "road_inference_basis": "INTERCHANGE_GROUP",
        "elevated": false,
        "structure_type": "AT_GRADE_OR_UNKNOWN",
        "structure_confidence": "LOW",
        "interchange": "DAVIE_RD",
        "cesium_category": "ENTRY_RAMP",
        "review_note": "Function is topology-derived. Structure type is inferred from OSM bridge/layer tags; FLYOVER/OVERPASS distinctions should be verified against imagery or FDOT plans."
      },
      "geometry": {
        "type": "LineString",
        "coordinates": [
          [
            -80.2433007,
            26.0967896
          ],
          [
            -80.2426797,
            26.0966883
          ],
          [
            -80.2422911,
            26.0966177
          ],
          [
            -80.240199,
            26.0962948
          ],
          [
            -80.239677,
            26.0961854
          ],
          [
            -80.2385274,
            26.0959742
          ]
        ]
      }
    },
    {
      "type": "Feature",
      "properties": {
        "@id": "way/332668043",
        "destination:ref": "I 595 East",
        "destination:ref:to": "I 95",
        "destination:to": "Florida's Turnpike",
        "highway": "motorway_link",
        "lanes": "1",
        "lit": "yes",
        "oneway": "yes",
        "surface": "asphalt",
        "corridor": "I-595",
        "road_type": "RAMP_CONNECTOR",
        "interchange_group": "UNIVERSITY_DR",
        "movement_type": "ENTRY_TO_I595",
        "connected_facility": "I595_GP_EB",
        "validation": "TOPOLOGY_CONFIRMED",
        "validation_rule": "Directed OSM motorway_link chain starts from or ends at I-595 EB/WB mainline",
        "osm_way_id": "way/332668043",
        "source": "OpenStreetMap / Overpass",
        "asset_type": "RAMP",
        "ramp_type": "ENTRY_RAMP",
        "function_confidence": "HIGH",
        "direction": "EB",
        "from_road": "University Drive",
        "to_road": "I-595",
        "road_inference_basis": "INTERCHANGE_GROUP",
        "elevated": false,
        "structure_type": "AT_GRADE_OR_UNKNOWN",
        "structure_confidence": "LOW",
        "interchange": "UNIVERSITY_DR",
        "cesium_category": "ENTRY_RAMP",
        "review_note": "Function is topology-derived. Structure type is inferred from OSM bridge/layer tags; FLYOVER/OVERPASS distinctions should be verified against imagery or FDOT plans."
      },
      "geometry": {
        "type": "LineString",
        "coordinates": [
          [
            -80.2582833,
            26.1006447
          ],
          [
            -80.2578183,
            26.1005811
          ],
          [
            -80.2569176,
            26.1003576
          ],
          [
            -80.2565563,
            26.1002597
          ],
          [
            -80.2562838,
            26.10018
          ],
          [
            -80.2559352,
            26.1000752
          ],
          [
            -80.25492,
            26.0998051
          ]
        ]
      }
    },
    {
      "type": "Feature",
      "properties": {
        "@id": "way/332668044",
        "destination:ref": "I 595 West",
        "destination:ref:to": "I 75;SR 869 Toll",
        "highway": "motorway_link",
        "lanes": "2",
        "lit": "yes",
        "oneway": "yes",
        "surface": "asphalt",
        "corridor": "I-595",
        "road_type": "RAMP_CONNECTOR",
        "interchange_group": "PINE_ISLAND_RD",
        "movement_type": "ENTRY_TO_I595",
        "connected_facility": "I595_GP_WB",
        "validation": "TOPOLOGY_CONFIRMED",
        "validation_rule": "Directed OSM motorway_link chain starts from or ends at I-595 EB/WB mainline",
        "osm_way_id": "way/332668044",
        "source": "OpenStreetMap / Overpass",
        "asset_type": "RAMP",
        "ramp_type": "ENTRY_RAMP",
        "function_confidence": "HIGH",
        "direction": "WB",
        "from_road": "Pine Island Road",
        "to_road": "I-595",
        "road_inference_basis": "INTERCHANGE_GROUP",
        "elevated": false,
        "structure_type": "AT_GRADE_OR_UNKNOWN",
        "structure_confidence": "LOW",
        "interchange": "PINE_ISLAND_RD",
        "cesium_category": "ENTRY_RAMP",
        "review_note": "Function is topology-derived. Structure type is inferred from OSM bridge/layer tags; FLYOVER/OVERPASS distinctions should be verified against imagery or FDOT plans."
      },
      "geometry": {
        "type": "LineString",
        "coordinates": [
          [
            -80.2708381,
            26.1045051
          ],
          [
            -80.2710777,
            26.1045304
          ],
          [
            -80.2722233,
            26.1048056
          ],
          [
            -80.2736434,
            26.1051542
          ],
          [
            -80.2746688,
            26.1053799
          ],
          [
            -80.2752946,
            26.1055106
          ],
          [
            -80.2762197,
            26.1056222
          ]
        ]
      }
    },
    {
      "type": "Feature",
      "properties": {
        "@id": "way/332668045",
        "destination": "University Drive",
        "destination:ref:to": "SR 817",
        "highway": "motorway_link",
        "junction:ref": "6",
        "lanes": "1",
        "lit": "yes",
        "oneway": "yes",
        "surface": "asphalt",
        "corridor": "I-595",
        "road_type": "RAMP_CONNECTOR",
        "interchange_group": "UNIVERSITY_DR",
        "movement_type": "OUTBOUND_CONNECTOR_CHAIN",
        "connected_facility": "I595_NETWORK",
        "validation": "TOPOLOGY_CONFIRMED",
        "validation_rule": "Directed OSM motorway_link chain starts from or ends at I-595 EB/WB mainline",
        "osm_way_id": "way/332668045",
        "source": "OpenStreetMap / Overpass",
        "asset_type": "RAMP",
        "ramp_type": "INTERCHANGE_RAMP",
        "function_confidence": "MEDIUM",
        "direction": "EB",
        "from_road": "I-595 network",
        "to_road": "University Drive",
        "road_inference_basis": "TAG",
        "elevated": false,
        "structure_type": "AT_GRADE_OR_UNKNOWN",
        "structure_confidence": "LOW",
        "interchange": "UNIVERSITY_DR",
        "cesium_category": "INTERCHANGE_RAMP",
        "review_note": "Function is topology-derived. Structure type is inferred from OSM bridge/layer tags; FLYOVER/OVERPASS distinctions should be verified against imagery or FDOT plans."
      },
      "geometry": {
        "type": "LineString",
        "coordinates": [
          [
            -80.2778082,
            26.1054534
          ],
          [
            -80.2777089,
            26.1054576
          ],
          [
            -80.277634,
            26.1054398
          ],
          [
            -80.276965,
            26.1052804
          ],
          [
            -80.2763043,
            26.1051385
          ],
          [
            -80.2760723,
            26.1050863
          ],
          [
            -80.2727077,
            26.1042655
          ]
        ]
      }
    },
    {
      "type": "Feature",
      "properties": {
        "@id": "way/332668046",
        "destination": "Davie Road",
        "highway": "motorway_link",
        "junction:ref": "7",
        "lanes": "1",
        "lit": "yes",
        "oneway": "yes",
        "source": "OpenStreetMap / Overpass",
        "surface": "asphalt",
        "corridor": "I-595",
        "road_type": "RAMP_CONNECTOR",
        "interchange_group": "DAVIE_RD",
        "movement_type": "EXIT_FROM_I595",
        "connected_facility": "I595_GP_EB",
        "validation": "TOPOLOGY_CONFIRMED",
        "validation_rule": "Directed OSM motorway_link chain starts from or ends at I-595 EB/WB mainline",
        "osm_way_id": "way/332668046",
        "asset_type": "RAMP",
        "ramp_type": "EXIT_RAMP",
        "function_confidence": "HIGH",
        "direction": "EB",
        "from_road": "I-595",
        "to_road": "Davie Road",
        "road_inference_basis": "TAG",
        "elevated": false,
        "structure_type": "AT_GRADE_OR_UNKNOWN",
        "structure_confidence": "LOW",
        "interchange": "DAVIE_RD",
        "cesium_category": "EXIT_RAMP",
        "review_note": "Function is topology-derived. Structure type is inferred from OSM bridge/layer tags; FLYOVER/OVERPASS distinctions should be verified against imagery or FDOT plans."
      },
      "geometry": {
        "type": "LineString",
        "coordinates": [
          [
            -80.2474661,
            26.0978976
          ],
          [
            -80.245916,
            26.097531
          ],
          [
            -80.2445623,
            26.0972716
          ],
          [
            -80.243825,
            26.0971187
          ],
          [
            -80.2428184,
            26.0968748
          ],
          [
            -80.2421729,
            26.0967022
          ]
        ]
      }
    },
    {
      "type": "Feature",
      "properties": {
        "@id": "way/332668047",
        "highway": "motorway_link",
        "lanes": "1",
        "lit": "yes",
        "oneway": "yes",
        "surface": "asphalt",
        "corridor": "I-595",
        "road_type": "RAMP_CONNECTOR",
        "interchange_group": "DAVIE_RD",
        "movement_type": "ENTRY_TO_I595",
        "connected_facility": "I595_GP_WB",
        "validation": "TOPOLOGY_CONFIRMED",
        "validation_rule": "Directed OSM motorway_link chain starts from or ends at I-595 EB/WB mainline",
        "osm_way_id": "way/332668047",
        "source": "OpenStreetMap / Overpass",
        "asset_type": "RAMP",
        "ramp_type": "ENTRY_RAMP",
        "function_confidence": "HIGH",
        "direction": "WB",
        "from_road": "Davie Road",
        "to_road": "I-595",
        "road_inference_basis": "INTERCHANGE_GROUP",
        "elevated": false,
        "structure_type": "AT_GRADE_OR_UNKNOWN",
        "structure_confidence": "LOW",
        "interchange": "DAVIE_RD",
        "cesium_category": "ENTRY_RAMP",
        "review_note": "Function is topology-derived. Structure type is inferred from OSM bridge/layer tags; FLYOVER/OVERPASS distinctions should be verified against imagery or FDOT plans."
      },
      "geometry": {
        "type": "LineString",
        "coordinates": [
          [
            -80.2367672,
            26.0961464
          ],
          [
            -80.2372264,
            26.0962451
          ],
          [
            -80.238108,
            26.096458
          ],
          [
            -80.238565,
            26.0965645
          ],
          [
            -80.2395501,
            26.0967833
          ],
          [
            -80.2406818,
            26.0970001
          ],
          [
            -80.2420489,
            26.0972373
          ]
        ]
      }
    },
    {
      "type": "Feature",
      "properties": {
        "@id": "way/332703672",
        "highway": "motorway_link",
        "lanes": "1",
        "lit": "yes",
        "oneway": "yes",
        "surface": "asphalt",
        "corridor": "I-595",
        "road_type": "RAMP_CONNECTOR",
        "interchange_group": "HIATUS_RD",
        "movement_type": "OUTBOUND_CONNECTOR_CHAIN",
        "connected_facility": "I595_NETWORK",
        "validation": "TOPOLOGY_CONFIRMED",
        "validation_rule": "Directed OSM motorway_link chain starts from or ends at I-595 EB/WB mainline",
        "osm_way_id": "way/332703672",
        "source": "OpenStreetMap / Overpass",
        "asset_type": "RAMP",
        "ramp_type": "INTERCHANGE_RAMP",
        "function_confidence": "MEDIUM",
        "direction": "EB",
        "from_road": "I-595 network",
        "to_road": "Hiatus Road",
        "road_inference_basis": "INTERCHANGE_GROUP",
        "elevated": false,
        "structure_type": "AT_GRADE_OR_UNKNOWN",
        "structure_confidence": "LOW",
        "interchange": "HIATUS_RD",
        "cesium_category": "INTERCHANGE_RAMP",
        "review_note": "Function is topology-derived. Structure type is inferred from OSM bridge/layer tags; FLYOVER/OVERPASS distinctions should be verified against imagery or FDOT plans."
      },
      "geometry": {
        "type": "LineString",
        "coordinates": [
          [
            -80.2972298,
            26.110264
          ],
          [
            -80.2934651,
            26.1093494
          ]
        ]
      }
    },
    {
      "type": "Feature",
      "properties": {
        "@id": "way/332703673",
        "bridge": "yes",
        "highway": "motorway_link",
        "lanes": "1",
        "layer": "1",
        "lit": "yes",
        "oneway": "yes",
        "surface": "asphalt",
        "corridor": "I-595",
        "road_type": "RAMP_CONNECTOR",
        "interchange_group": "HIATUS_RD",
        "movement_type": "OUTBOUND_CONNECTOR_CHAIN",
        "connected_facility": "I595_NETWORK",
        "validation": "TOPOLOGY_CONFIRMED",
        "validation_rule": "Directed OSM motorway_link chain starts from or ends at I-595 EB/WB mainline",
        "osm_way_id": "way/332703673",
        "source": "OpenStreetMap / Overpass",
        "asset_type": "RAMP",
        "ramp_type": "INTERCHANGE_RAMP",
        "function_confidence": "MEDIUM",
        "direction": "EB",
        "from_road": "I-595 network",
        "to_road": "Hiatus Road",
        "road_inference_basis": "INTERCHANGE_GROUP",
        "elevated": true,
        "structure_type": "FLYOVER_OR_OVERPASS",
        "structure_confidence": "HIGH",
        "interchange": "HIATUS_RD",
        "cesium_category": "INTERCHANGE_RAMP",
        "review_note": "Function is topology-derived. Structure type is inferred from OSM bridge/layer tags; FLYOVER/OVERPASS distinctions should be verified against imagery or FDOT plans."
      },
      "geometry": {
        "type": "LineString",
        "coordinates": [
          [
            -80.2934651,
            26.1093494
          ],
          [
            -80.2918193,
            26.1089124
          ]
        ]
      }
    },
    {
      "type": "Feature",
      "properties": {
        "@id": "way/332703674",
        "bridge": "yes",
        "highway": "motorway_link",
        "lanes": "1",
        "layer": "1",
        "lit": "yes",
        "oneway": "yes",
        "surface": "concrete",
        "corridor": "I-595",
        "road_type": "RAMP_CONNECTOR",
        "interchange_group": "HIATUS_RD",
        "movement_type": "OUTBOUND_CONNECTOR_CHAIN",
        "connected_facility": "I595_NETWORK",
        "validation": "TOPOLOGY_CONFIRMED",
        "validation_rule": "Directed OSM motorway_link chain starts from or ends at I-595 EB/WB mainline",
        "osm_way_id": "way/332703674",
        "source": "OpenStreetMap / Overpass",
        "asset_type": "RAMP",
        "ramp_type": "INTERCHANGE_RAMP",
        "function_confidence": "MEDIUM",
        "direction": "EB",
        "from_road": "I-595 network",
        "to_road": "Hiatus Road",
        "road_inference_basis": "INTERCHANGE_GROUP",
        "elevated": true,
        "structure_type": "FLYOVER_OR_OVERPASS",
        "structure_confidence": "HIGH",
        "interchange": "HIATUS_RD",
        "cesium_category": "INTERCHANGE_RAMP",
        "review_note": "Function is topology-derived. Structure type is inferred from OSM bridge/layer tags; FLYOVER/OVERPASS distinctions should be verified against imagery or FDOT plans."
      },
      "geometry": {
        "type": "LineString",
        "coordinates": [
          [
            -80.2982138,
            26.1104983
          ],
          [
            -80.2972298,
            26.110264
          ]
        ]
      }
    },
    {
      "type": "Feature",
      "properties": {
        "@id": "way/332703675",
        "bridge": "yes",
        "highway": "motorway_link",
        "lanes": "1",
        "layer": "1",
        "lit": "yes",
        "oneway": "yes",
        "surface": "asphalt",
        "corridor": "I-595",
        "road_type": "RAMP_CONNECTOR",
        "interchange_group": "HIATUS_RD",
        "movement_type": "OUTBOUND_CONNECTOR_CHAIN",
        "connected_facility": "I595_NETWORK",
        "validation": "TOPOLOGY_CONFIRMED",
        "validation_rule": "Directed OSM motorway_link chain starts from or ends at I-595 EB/WB mainline",
        "osm_way_id": "way/332703675",
        "source": "OpenStreetMap / Overpass",
        "asset_type": "RAMP",
        "ramp_type": "INTERCHANGE_RAMP",
        "function_confidence": "MEDIUM",
        "direction": "EB",
        "from_road": "I-595 network",
        "to_road": "Hiatus Road",
        "road_inference_basis": "INTERCHANGE_GROUP",
        "elevated": true,
        "structure_type": "FLYOVER_OR_OVERPASS",
        "structure_confidence": "HIGH",
        "interchange": "HIATUS_RD",
        "cesium_category": "INTERCHANGE_RAMP",
        "review_note": "Function is topology-derived. Structure type is inferred from OSM bridge/layer tags; FLYOVER/OVERPASS distinctions should be verified against imagery or FDOT plans."
      },
      "geometry": {
        "type": "LineString",
        "coordinates": [
          [
            -80.3021918,
            26.1114838
          ],
          [
            -80.3008931,
            26.1111121
          ]
        ]
      }
    },
    {
      "type": "Feature",
      "properties": {
        "@id": "way/332703677",
        "highway": "motorway_link",
        "lanes": "1",
        "lit": "yes",
        "oneway": "yes",
        "surface": "asphalt",
        "corridor": "I-595",
        "road_type": "RAMP_CONNECTOR",
        "interchange_group": "HIATUS_RD",
        "movement_type": "OUTBOUND_CONNECTOR_CHAIN",
        "connected_facility": "I595_NETWORK",
        "validation": "TOPOLOGY_CONFIRMED",
        "validation_rule": "Directed OSM motorway_link chain starts from or ends at I-595 EB/WB mainline",
        "osm_way_id": "way/332703677",
        "source": "OpenStreetMap / Overpass",
        "asset_type": "RAMP",
        "ramp_type": "INTERCHANGE_RAMP",
        "function_confidence": "MEDIUM",
        "direction": "EB",
        "from_road": "I-595 network",
        "to_road": "Hiatus Road",
        "road_inference_basis": "INTERCHANGE_GROUP",
        "elevated": false,
        "structure_type": "AT_GRADE_OR_UNKNOWN",
        "structure_confidence": "LOW",
        "interchange": "HIATUS_RD",
        "cesium_category": "INTERCHANGE_RAMP",
        "review_note": "Function is topology-derived. Structure type is inferred from OSM bridge/layer tags; FLYOVER/OVERPASS distinctions should be verified against imagery or FDOT plans."
      },
      "geometry": {
        "type": "LineString",
        "coordinates": [
          [
            -80.3008931,
            26.1111121
          ],
          [
            -80.3005577,
            26.1110279
          ],
          [
            -80.3002256,
            26.1109478
          ],
          [
            -80.2988005,
            26.110639
          ],
          [
            -80.2982138,
            26.1104983
          ]
        ]
      }
    },
    {
      "type": "Feature",
      "properties": {
        "@id": "way/332703679",
        "destination": "Southwest 136th Avenue",
        "highway": "motorway_link",
        "junction:ref": "1",
        "lanes": "1",
        "lit": "yes",
        "maxspeed": "45 mph",
        "oneway": "yes",
        "surface": "asphalt",
        "corridor": "I-595",
        "road_type": "RAMP_CONNECTOR",
        "interchange_group": "SW_136TH_AVE",
        "movement_type": "EXIT_FROM_I595",
        "connected_facility": "I595_GP_WB",
        "validation": "TOPOLOGY_CONFIRMED",
        "validation_rule": "Directed OSM motorway_link chain starts from or ends at I-595 EB/WB mainline",
        "osm_way_id": "way/332703679",
        "source": "OpenStreetMap / Overpass",
        "asset_type": "RAMP",
        "ramp_type": "EXIT_RAMP",
        "function_confidence": "HIGH",
        "direction": "WB",
        "from_road": "I-595",
        "to_road": "SW 136th Avenue",
        "road_inference_basis": "TAG",
        "elevated": false,
        "structure_type": "AT_GRADE_OR_UNKNOWN",
        "structure_confidence": "LOW",
        "interchange": "SW_136TH_AVE",
        "cesium_category": "EXIT_RAMP",
        "review_note": "Function is topology-derived. Structure type is inferred from OSM bridge/layer tags; FLYOVER/OVERPASS distinctions should be verified against imagery or FDOT plans."
      },
      "geometry": {
        "type": "LineString",
        "coordinates": [
          [
            -80.3148168,
            26.1150901
          ],
          [
            -80.3150199,
            26.1152198
          ],
          [
            -80.3157911,
            26.1154539
          ],
          [
            -80.3165466,
            26.1156533
          ],
          [
            -80.3172505,
            26.1158205
          ],
          [
            -80.3178246,
            26.1159736
          ],
          [
            -80.3184234,
            26.1161384
          ],
          [
            -80.3197083,
            26.1164981
          ]
        ]
      }
    },
    {
      "type": "Feature",
      "properties": {
        "@id": "way/332703682",
        "highway": "motorway_link",
        "lanes": "1",
        "lit": "yes",
        "oneway": "yes",
        "surface": "asphalt",
        "corridor": "I-595",
        "road_type": "RAMP_CONNECTOR",
        "interchange_group": "NOB_HILL_RD",
        "movement_type": "OUTBOUND_CONNECTOR_CHAIN",
        "connected_facility": "I595_NETWORK",
        "validation": "TOPOLOGY_CONFIRMED",
        "validation_rule": "Directed OSM motorway_link chain starts from or ends at I-595 EB/WB mainline",
        "osm_way_id": "way/332703682",
        "source": "OpenStreetMap / Overpass",
        "asset_type": "RAMP",
        "ramp_type": "INTERCHANGE_RAMP",
        "function_confidence": "MEDIUM",
        "direction": "EB",
        "from_road": "I-595 network",
        "to_road": "Nob Hill Road",
        "road_inference_basis": "INTERCHANGE_GROUP",
        "elevated": false,
        "structure_type": "AT_GRADE_OR_UNKNOWN",
        "structure_confidence": "LOW",
        "interchange": "NOB_HILL_RD",
        "cesium_category": "INTERCHANGE_RAMP",
        "review_note": "Function is topology-derived. Structure type is inferred from OSM bridge/layer tags; FLYOVER/OVERPASS distinctions should be verified against imagery or FDOT plans."
      },
      "geometry": {
        "type": "LineString",
        "coordinates": [
          [
            -80.2918193,
            26.1089124
          ],
          [
            -80.2902116,
            26.1085098
          ],
          [
            -80.2895828,
            26.108338
          ],
          [
            -80.288823,
            26.1081201
          ],
          [
            -80.2883734,
            26.1080153
          ],
          [
            -80.2881151,
            26.1078995
          ]
        ]
      }
    },
    {
      "type": "Feature",
      "properties": {
        "@id": "way/332703684",
        "destination:ref": "I 595 West",
        "destination:ref:to": "I 75;SR 869",
        "highway": "motorway_link",
        "lanes": "1",
        "lit": "yes",
        "maxspeed": "45 mph",
        "oneway": "yes",
        "surface": "asphalt",
        "corridor": "I-595",
        "road_type": "RAMP_CONNECTOR",
        "interchange_group": "SW_136TH_AVE",
        "movement_type": "ENTRY_TO_I595",
        "connected_facility": "I595_GP_WB",
        "validation": "TOPOLOGY_CONFIRMED",
        "validation_rule": "Directed OSM motorway_link chain starts from or ends at I-595 EB/WB mainline",
        "osm_way_id": "way/332703684",
        "source": "OpenStreetMap / Overpass",
        "asset_type": "RAMP",
        "ramp_type": "ENTRY_RAMP",
        "function_confidence": "HIGH",
        "direction": "WB",
        "from_road": "SW 136th Avenue",
        "to_road": "I-595",
        "road_inference_basis": "INTERCHANGE_GROUP",
        "elevated": false,
        "structure_type": "AT_GRADE_OR_UNKNOWN",
        "structure_confidence": "LOW",
        "interchange": "SW_136TH_AVE",
        "cesium_category": "ENTRY_RAMP",
        "review_note": "Function is topology-derived. Structure type is inferred from OSM bridge/layer tags; FLYOVER/OVERPASS distinctions should be verified against imagery or FDOT plans."
      },
      "geometry": {
        "type": "LineString",
        "coordinates": [
          [
            -80.3224809,
            26.1171567
          ],
          [
            -80.3230043,
            26.1172317
          ],
          [
            -80.3235617,
            26.1173394
          ],
          [
            -80.3241797,
            26.117463
          ],
          [
            -80.3250085,
            26.1176411
          ],
          [
            -80.3253526,
            26.1177093
          ],
          [
            -80.3258114,
            26.1177966
          ],
          [
            -80.3263134,
            26.1178724
          ],
          [
            -80.3266952,
            26.1178626
          ]
        ]
      }
    },
    {
      "type": "Feature",
      "properties": {
        "@id": "way/332703685",
        "destination": "Express Lanes",
        "destination:ref:to": "I 95",
        "destination:street:to": "Florida's Turnpike",
        "highway": "motorway_link",
        "lanes": "2",
        "lit": "yes",
        "oneway": "yes",
        "surface": "asphalt",
        "toll": "yes",
        "corridor": "I-595",
        "road_type": "RAMP_CONNECTOR",
        "interchange_group": "SW_136TH_AVE",
        "movement_type": "EXPRESS_CONNECTOR",
        "connected_facility": "I595_EXPRESS",
        "validation": "TOPOLOGY_CONFIRMED",
        "validation_rule": "Directed OSM motorway_link chain starts from or ends at I-595 EB/WB mainline",
        "osm_way_id": "way/332703685",
        "source": "OpenStreetMap / Overpass",
        "asset_type": "RAMP",
        "ramp_type": "EXPRESS_CONNECTOR",
        "function_confidence": "MEDIUM",
        "direction": "EB",
        "from_road": "595 Express / I-595 network",
        "to_road": "SW 136th Avenue",
        "road_inference_basis": "INTERCHANGE_GROUP",
        "elevated": false,
        "structure_type": "AT_GRADE_OR_UNKNOWN",
        "structure_confidence": "LOW",
        "interchange": "SW_136TH_AVE",
        "cesium_category": "EXPRESS_CONNECTOR",
        "review_note": "Function is topology-derived. Structure type is inferred from OSM bridge/layer tags; FLYOVER/OVERPASS distinctions should be verified against imagery or FDOT plans."
      },
      "geometry": {
        "type": "LineString",
        "coordinates": [
          [
            -80.3285734,
            26.1178209
          ],
          [
            -80.3271598,
            26.1176294
          ],
          [
            -80.3263152,
            26.1174684
          ],
          [
            -80.3255244,
            26.117306
          ],
          [
            -80.3219795,
            26.1165111
          ],
          [
            -80.3200921,
            26.116107
          ]
        ]
      }
    },
    {
      "type": "Feature",
      "properties": {
        "@id": "way/332703686",
        "destination:lanes": "Nob Hill Road;Hiatus Road",
        "destination:ref": "SR 84 East",
        "highway": "motorway_link",
        "junction:ref": "3;4",
        "lanes": "1",
        "lit": "yes",
        "oneway": "yes",
        "surface": "asphalt",
        "turn:lanes": "slight_left;slight_right",
        "corridor": "I-595",
        "road_type": "RAMP_CONNECTOR",
        "interchange_group": "FLAMINGO_RD",
        "movement_type": "EXIT_FROM_I595",
        "connected_facility": "I595_GP_EB",
        "validation": "TOPOLOGY_CONFIRMED",
        "validation_rule": "Directed OSM motorway_link chain starts from or ends at I-595 EB/WB mainline",
        "osm_way_id": "way/332703686",
        "source": "OpenStreetMap / Overpass",
        "asset_type": "RAMP",
        "ramp_type": "EXIT_RAMP",
        "function_confidence": "HIGH",
        "direction": "EB",
        "from_road": "I-595",
        "to_road": "Flamingo Road",
        "road_inference_basis": "INTERCHANGE_GROUP",
        "elevated": false,
        "structure_type": "AT_GRADE_OR_UNKNOWN",
        "structure_confidence": "LOW",
        "interchange": "FLAMINGO_RD",
        "cesium_category": "EXIT_RAMP",
        "review_note": "Function is topology-derived. Structure type is inferred from OSM bridge/layer tags; FLYOVER/OVERPASS distinctions should be verified against imagery or FDOT plans."
      },
      "geometry": {
        "type": "LineString",
        "coordinates": [
          [
            -80.3109553,
            26.1137305
          ],
          [
            -80.310276,
            26.1134991
          ],
          [
            -80.3087421,
            26.1130086
          ],
          [
            -80.3076109,
            26.112701
          ]
        ]
      }
    },
    {
      "type": "Feature",
      "properties": {
        "@id": "way/332703687",
        "destination": "Hiatus Road;Flamingo Road",
        "destination:ref": "SR 823",
        "highway": "motorway_link",
        "junction:ref": "2;3",
        "lanes": "2",
        "lit": "yes",
        "oneway": "yes",
        "surface": "asphalt",
        "corridor": "I-595",
        "road_type": "RAMP_CONNECTOR",
        "interchange_group": "HIATUS_RD",
        "movement_type": "EXIT_FROM_I595",
        "connected_facility": "I595_GP_WB",
        "validation": "TOPOLOGY_CONFIRMED",
        "validation_rule": "Directed OSM motorway_link chain starts from or ends at I-595 EB/WB mainline",
        "osm_way_id": "way/332703687",
        "source": "OpenStreetMap / Overpass",
        "asset_type": "RAMP",
        "ramp_type": "EXIT_RAMP",
        "function_confidence": "HIGH",
        "direction": "WB",
        "from_road": "I-595",
        "to_road": "Hiatus Road",
        "road_inference_basis": "TAG",
        "elevated": false,
        "structure_type": "AT_GRADE_OR_UNKNOWN",
        "structure_confidence": "LOW",
        "interchange": "HIATUS_RD",
        "cesium_category": "EXIT_RAMP",
        "review_note": "Function is topology-derived. Structure type is inferred from OSM bridge/layer tags; FLYOVER/OVERPASS distinctions should be verified against imagery or FDOT plans."
      },
      "geometry": {
        "type": "LineString",
        "coordinates": [
          [
            -80.2863339,
            26.1081419
          ],
          [
            -80.2866026,
            26.1083041
          ],
          [
            -80.2876049,
            26.1086027
          ],
          [
            -80.2883241,
            26.1087902
          ],
          [
            -80.2903927,
            26.1092971
          ],
          [
            -80.2904738,
            26.1093671
          ]
        ]
      }
    },
    {
      "type": "Feature",
      "properties": {
        "@id": "way/332703689",
        "destination:ref": "I 595 Express",
        "highway": "motorway_link",
        "hov": "designated",
        "junction:noref": "yes",
        "lanes": "1",
        "lit": "no",
        "oneway": "yes",
        "ref": "I 595 EXPR",
        "surface": "asphalt",
        "toll": "yes",
        "toll:hov": "no",
        "corridor": "I-595",
        "road_type": "RAMP_CONNECTOR",
        "interchange_group": "WESTERN_I75_SAWGRASS",
        "movement_type": "EXPRESS_CONNECTOR",
        "connected_facility": "I595_EXPRESS",
        "validation": "TOPOLOGY_CONFIRMED",
        "validation_rule": "Directed OSM motorway_link chain starts from or ends at I-595 EB/WB mainline",
        "osm_way_id": "way/332703689",
        "source": "OpenStreetMap / Overpass",
        "asset_type": "RAMP",
        "ramp_type": "EXPRESS_CONNECTOR",
        "function_confidence": "MEDIUM",
        "direction": "EB",
        "from_road": "595 Express / I-595 network",
        "to_road": "I-75 / Sawgrass Expressway",
        "road_inference_basis": "INTERCHANGE_GROUP",
        "elevated": false,
        "structure_type": "AT_GRADE_OR_UNKNOWN",
        "structure_confidence": "LOW",
        "interchange": "WESTERN_I75_SAWGRASS",
        "cesium_category": "EXPRESS_CONNECTOR",
        "review_note": "Function is topology-derived. Structure type is inferred from OSM bridge/layer tags; FLYOVER/OVERPASS distinctions should be verified against imagery or FDOT plans."
      },
      "geometry": {
        "type": "LineString",
        "coordinates": [
          [
            -80.3477643,
            26.1195238
          ],
          [
            -80.3468377,
            26.1194037
          ],
          [
            -80.3466457,
            26.1193836
          ],
          [
            -80.3464618,
            26.1193683
          ],
          [
            -80.3456916,
            26.1193331
          ],
          [
            -80.3443974,
            26.1192725
          ],
          [
            -80.3433955,
            26.119181
          ],
          [
            -80.342177,
            26.1190917
          ],
          [
            -80.3417553,
            26.1190716
          ]
        ]
      }
    },
    {
      "type": "Feature",
      "properties": {
        "@id": "way/332703690",
        "destination:ref": "I 595 East",
        "highway": "motorway_link",
        "lanes": "1",
        "lit": "yes",
        "oneway": "yes",
        "surface": "asphalt",
        "corridor": "I-595",
        "road_type": "RAMP_CONNECTOR",
        "interchange_group": "HIATUS_RD",
        "movement_type": "ENTRY_TO_I595",
        "connected_facility": "I595_GP_EB",
        "validation": "TOPOLOGY_CONFIRMED",
        "validation_rule": "Directed OSM motorway_link chain starts from or ends at I-595 EB/WB mainline",
        "osm_way_id": "way/332703690",
        "source": "OpenStreetMap / Overpass",
        "asset_type": "RAMP",
        "ramp_type": "ENTRY_RAMP",
        "function_confidence": "HIGH",
        "direction": "EB",
        "from_road": "Hiatus Road",
        "to_road": "I-595",
        "road_inference_basis": "INTERCHANGE_GROUP",
        "elevated": false,
        "structure_type": "AT_GRADE_OR_UNKNOWN",
        "structure_confidence": "LOW",
        "interchange": "HIATUS_RD",
        "cesium_category": "ENTRY_RAMP",
        "review_note": "Function is topology-derived. Structure type is inferred from OSM bridge/layer tags; FLYOVER/OVERPASS distinctions should be verified against imagery or FDOT plans."
      },
      "geometry": {
        "type": "LineString",
        "coordinates": [
          [
            -80.3044423,
            26.1117994
          ],
          [
            -80.3038904,
            26.1117326
          ],
          [
            -80.3031365,
            26.1115902
          ],
          [
            -80.3023748,
            26.1114201
          ],
          [
            -80.3021403,
            26.1113765
          ],
          [
            -80.3019159,
            26.1113448
          ],
          [
            -80.3008309,
            26.1112022
          ],
          [
            -80.3006182,
            26.1111709
          ],
          [
            -80.2998382,
            26.1110389
          ]
        ]
      }
    },
    {
      "type": "Feature",
      "properties": {
        "@id": "way/332866601",
        "destination:ref": "I 595 West",
        "destination:ref:to": "I 95;FLTP",
        "highway": "motorway_link",
        "lanes": "2",
        "oneway": "yes",
        "surface": "asphalt",
        "corridor": "I-595",
        "road_type": "RAMP_CONNECTOR",
        "interchange_group": "I95",
        "movement_type": "INBOUND_CONNECTOR_CHAIN",
        "connected_facility": "I595_NETWORK",
        "validation": "TOPOLOGY_CONFIRMED",
        "validation_rule": "Directed OSM motorway_link chain starts from or ends at I-595 EB/WB mainline",
        "osm_way_id": "way/332866601",
        "source": "OpenStreetMap / Overpass",
        "asset_type": "RAMP",
        "ramp_type": "INTERCHANGE_CONNECTOR",
        "function_confidence": "MEDIUM",
        "direction": "NB",
        "from_road": "I-95",
        "to_road": "I-595 network",
        "road_inference_basis": "INTERCHANGE_GROUP",
        "elevated": false,
        "structure_type": "AT_GRADE_OR_UNKNOWN",
        "structure_confidence": "LOW",
        "interchange": "I95",
        "cesium_category": "INTERCHANGE_CONNECTOR",
        "review_note": "Function is topology-derived. Structure type is inferred from OSM bridge/layer tags; FLYOVER/OVERPASS distinctions should be verified against imagery or FDOT plans."
      },
      "geometry": {
        "type": "LineString",
        "coordinates": [
          [
            -80.1324022,
            26.0754762
          ],
          [
            -80.1322937,
            26.0758379
          ],
          [
            -80.1314363,
            26.0783349
          ],
          [
            -80.1313956,
            26.0784461
          ],
          [
            -80.1313698,
            26.0785437
          ]
        ]
      }
    },
    {
      "type": "Feature",
      "properties": {
        "@id": "way/332866605",
        "highway": "motorway_link",
        "lanes": "2",
        "lit": "yes",
        "oneway": "yes",
        "surface": "asphalt",
        "corridor": "I-595",
        "road_type": "RAMP_CONNECTOR",
        "interchange_group": "I95",
        "movement_type": "ENTRY_TO_I595",
        "connected_facility": "I595_GP_WB",
        "validation": "TOPOLOGY_CONFIRMED",
        "validation_rule": "Directed OSM motorway_link chain starts from or ends at I-595 EB/WB mainline",
        "osm_way_id": "way/332866605",
        "source": "OpenStreetMap / Overpass",
        "asset_type": "RAMP",
        "ramp_type": "INTERCHANGE_CONNECTOR",
        "function_confidence": "HIGH",
        "direction": "WB",
        "from_road": "I-95",
        "to_road": "I-595",
        "road_inference_basis": "INTERCHANGE_GROUP",
        "elevated": false,
        "structure_type": "AT_GRADE_OR_UNKNOWN",
        "structure_confidence": "LOW",
        "interchange": "I95",
        "cesium_category": "INTERCHANGE_CONNECTOR",
        "review_note": "Function is topology-derived. Structure type is inferred from OSM bridge/layer tags; FLYOVER/OVERPASS distinctions should be verified against imagery or FDOT plans."
      },
      "geometry": {
        "type": "LineString",
        "coordinates": [
          [
            -80.1327426,
            26.0805115
          ],
          [
            -80.1329692,
            26.0805634
          ],
          [
            -80.1331987,
            26.0806115
          ],
          [
            -80.1334253,
            26.0806578
          ],
          [
            -80.1336507,
            26.0806951
          ],
          [
            -80.1338924,
            26.0807315
          ],
          [
            -80.1341237,
            26.0807612
          ],
          [
            -80.1343078,
            26.0807817
          ],
          [
            -80.1348761,
            26.0808283
          ],
          [
            -80.1354464,
            26.0809046
          ]
        ]
      }
    },
    {
      "type": "Feature",
      "properties": {
        "@id": "way/332866606",
        "destination": "Northeast 7th Avenue;International Airport",
        "destination:symbol": "airport",
        "highway": "motorway_link",
        "lanes": "1",
        "lit": "yes",
        "oneway": "yes",
        "surface": "asphalt",
        "corridor": "I-595",
        "road_type": "RAMP_CONNECTOR",
        "interchange_group": "I95",
        "movement_type": "EXIT_FROM_I595",
        "connected_facility": "I595_GP_EB",
        "validation": "TOPOLOGY_CONFIRMED",
        "validation_rule": "Directed OSM motorway_link chain starts from or ends at I-595 EB/WB mainline",
        "osm_way_id": "way/332866606",
        "source": "OpenStreetMap / Overpass",
        "asset_type": "RAMP",
        "ramp_type": "INTERCHANGE_CONNECTOR",
        "function_confidence": "HIGH",
        "direction": "EB",
        "from_road": "I-595",
        "to_road": "I-95",
        "road_inference_basis": "INTERCHANGE_GROUP",
        "elevated": false,
        "structure_type": "AT_GRADE_OR_UNKNOWN",
        "structure_confidence": "LOW",
        "interchange": "I95",
        "cesium_category": "INTERCHANGE_CONNECTOR",
        "review_note": "Function is topology-derived. Structure type is inferred from OSM bridge/layer tags; FLYOVER/OVERPASS distinctions should be verified against imagery or FDOT plans."
      },
      "geometry": {
        "type": "LineString",
        "coordinates": [
          [
            -80.1328563,
            26.0803074
          ],
          [
            -80.132545,
            26.0803304
          ],
          [
            -80.1323622,
            26.0803457
          ],
          [
            -80.1320156,
            26.0803511
          ]
        ]
      }
    },
    {
      "type": "Feature",
      "properties": {
        "@id": "way/332866608",
        "bicycle": "no",
        "destination:ref": "I 595 West",
        "highway": "motorway_link",
        "lanes": "1",
        "lit": "yes",
        "oneway": "yes",
        "surface": "asphalt",
        "corridor": "I-595",
        "road_type": "RAMP_CONNECTOR",
        "interchange_group": "I95",
        "movement_type": "ENTRY_TO_I595",
        "connected_facility": "I595_GP_WB",
        "validation": "TOPOLOGY_CONFIRMED",
        "validation_rule": "Directed OSM motorway_link chain starts from or ends at I-595 EB/WB mainline",
        "osm_way_id": "way/332866608",
        "source": "OpenStreetMap / Overpass",
        "asset_type": "RAMP",
        "ramp_type": "INTERCHANGE_CONNECTOR",
        "function_confidence": "HIGH",
        "direction": "WB",
        "from_road": "I-95",
        "to_road": "I-595",
        "road_inference_basis": "INTERCHANGE_GROUP",
        "elevated": false,
        "structure_type": "AT_GRADE_OR_UNKNOWN",
        "structure_confidence": "LOW",
        "interchange": "I95",
        "cesium_category": "INTERCHANGE_CONNECTOR",
        "review_note": "Function is topology-derived. Structure type is inferred from OSM bridge/layer tags; FLYOVER/OVERPASS distinctions should be verified against imagery or FDOT plans."
      },
      "geometry": {
        "type": "LineString",
        "coordinates": [
          [
            -80.1311403,
            26.081379
          ],
          [
            -80.1312369,
            26.0813276
          ],
          [
            -80.1313435,
            26.0812762
          ],
          [
            -80.1314837,
            26.0812149
          ],
          [
            -80.131625,
            26.0811605
          ],
          [
            -80.1317702,
            26.0811103
          ],
          [
            -80.1319274,
            26.0810617
          ],
          [
            -80.132068,
            26.0810218
          ],
          [
            -80.1322105,
            26.0809888
          ],
          [
            -80.1323506,
            26.0809604
          ],
          [
            -80.1324792,
            26.0809395
          ],
          [
            -80.1326057,
            26.080921
          ],
          [
            -80.1327246,
            26.080906
          ],
          [
            -80.1328531,
            26.0808911
          ],
          [
            -80.1334081,
            26.0808429
          ]
        ]
      }
    },
    {
      "type": "Feature",
      "properties": {
        "@id": "way/367996076",
        "destination:ref": "I 595 East",
        "highway": "motorway_link",
        "lanes": "2",
        "lit": "no",
        "oneway": "yes",
        "surface": "asphalt",
        "turn:lanes": "merge_to_right|none",
        "corridor": "I-595",
        "road_type": "RAMP_CONNECTOR",
        "interchange_group": "FLORIDAS_TURNPIKE",
        "movement_type": "INBOUND_CONNECTOR_CHAIN",
        "connected_facility": "I595_NETWORK",
        "validation": "TOPOLOGY_CONFIRMED",
        "validation_rule": "Directed OSM motorway_link chain starts from or ends at I-595 EB/WB mainline",
        "osm_way_id": "way/367996076",
        "source": "OpenStreetMap / Overpass",
        "asset_type": "RAMP",
        "ramp_type": "INTERCHANGE_CONNECTOR",
        "function_confidence": "MEDIUM",
        "direction": "EB",
        "from_road": "Florida's Turnpike",
        "to_road": "I-595 network",
        "road_inference_basis": "INTERCHANGE_GROUP",
        "elevated": false,
        "structure_type": "AT_GRADE_OR_UNKNOWN",
        "structure_confidence": "LOW",
        "interchange": "FLORIDAS_TURNPIKE",
        "cesium_category": "INTERCHANGE_CONNECTOR",
        "review_note": "Function is topology-derived. Structure type is inferred from OSM bridge/layer tags; FLYOVER/OVERPASS distinctions should be verified against imagery or FDOT plans."
      },
      "geometry": {
        "type": "LineString",
        "coordinates": [
          [
            -80.1997633,
            26.0832356
          ],
          [
            -80.199398,
            26.0831875
          ],
          [
            -80.1991419,
            26.0831299
          ]
        ]
      }
    },
    {
      "type": "Feature",
      "properties": {
        "@id": "way/367996078",
        "highway": "motorway_link",
        "lanes": "3",
        "lit": "no",
        "oneway": "yes",
        "surface": "asphalt",
        "toll": "yes",
        "corridor": "I-595",
        "road_type": "RAMP_CONNECTOR",
        "interchange_group": "FLORIDAS_TURNPIKE",
        "movement_type": "INBOUND_CONNECTOR_CHAIN",
        "connected_facility": "I595_NETWORK",
        "validation": "TOPOLOGY_CONFIRMED",
        "validation_rule": "Directed OSM motorway_link chain starts from or ends at I-595 EB/WB mainline",
        "osm_way_id": "way/367996078",
        "source": "OpenStreetMap / Overpass",
        "asset_type": "RAMP",
        "ramp_type": "INTERCHANGE_CONNECTOR",
        "function_confidence": "MEDIUM",
        "direction": "EB",
        "from_road": "Florida's Turnpike",
        "to_road": "I-595 network",
        "road_inference_basis": "INTERCHANGE_GROUP",
        "elevated": false,
        "structure_type": "AT_GRADE_OR_UNKNOWN",
        "structure_confidence": "LOW",
        "interchange": "FLORIDAS_TURNPIKE",
        "cesium_category": "INTERCHANGE_CONNECTOR",
        "review_note": "Function is topology-derived. Structure type is inferred from OSM bridge/layer tags; FLYOVER/OVERPASS distinctions should be verified against imagery or FDOT plans."
      },
      "geometry": {
        "type": "LineString",
        "coordinates": [
          [
            -80.2121996,
            26.0879105
          ],
          [
            -80.2120351,
            26.0880007
          ],
          [
            -80.2118321,
            26.0880852
          ],
          [
            -80.2115412,
            26.0881639
          ]
        ]
      }
    },
    {
      "type": "Feature",
      "properties": {
        "@id": "way/367996079",
        "destination:ref": "I 595 East",
        "highway": "motorway_link",
        "lanes": "1",
        "lit": "no",
        "oneway": "yes",
        "surface": "asphalt",
        "toll": "no",
        "corridor": "I-595",
        "road_type": "RAMP_CONNECTOR",
        "interchange_group": "FLORIDAS_TURNPIKE",
        "movement_type": "INBOUND_CONNECTOR_CHAIN",
        "connected_facility": "I595_NETWORK",
        "validation": "TOPOLOGY_CONFIRMED",
        "validation_rule": "Directed OSM motorway_link chain starts from or ends at I-595 EB/WB mainline",
        "osm_way_id": "way/367996079",
        "source": "OpenStreetMap / Overpass",
        "asset_type": "RAMP",
        "ramp_type": "INTERCHANGE_CONNECTOR",
        "function_confidence": "MEDIUM",
        "direction": "EB",
        "from_road": "Florida's Turnpike",
        "to_road": "I-595 network",
        "road_inference_basis": "INTERCHANGE_GROUP",
        "elevated": false,
        "structure_type": "AT_GRADE_OR_UNKNOWN",
        "structure_confidence": "LOW",
        "interchange": "FLORIDAS_TURNPIKE",
        "cesium_category": "INTERCHANGE_CONNECTOR",
        "review_note": "Function is topology-derived. Structure type is inferred from OSM bridge/layer tags; FLYOVER/OVERPASS distinctions should be verified against imagery or FDOT plans."
      },
      "geometry": {
        "type": "LineString",
        "coordinates": [
          [
            -80.2003982,
            26.0832603
          ],
          [
            -80.2002438,
            26.083234
          ],
          [
            -80.2000804,
            26.0832106
          ],
          [
            -80.1998905,
            26.0831873
          ],
          [
            -80.1997057,
            26.0831667
          ],
          [
            -80.1995262,
            26.083152
          ],
          [
            -80.1991419,
            26.0831299
          ]
        ]
      }
    },
    {
      "type": "Feature",
      "properties": {
        "@id": "way/367996082",
        "destination:ref": "I 595 East",
        "destination:symbol": "airport",
        "destination:to": "Airport",
        "highway": "motorway_link",
        "lanes": "2",
        "lit": "no",
        "oneway": "yes",
        "surface": "asphalt",
        "toll": "no",
        "turn:lanes": "merge_to_right|none",
        "corridor": "I-595",
        "road_type": "RAMP_CONNECTOR",
        "interchange_group": "FLORIDAS_TURNPIKE",
        "movement_type": "INBOUND_CONNECTOR_CHAIN",
        "connected_facility": "I595_NETWORK",
        "validation": "TOPOLOGY_CONFIRMED",
        "validation_rule": "Directed OSM motorway_link chain starts from or ends at I-595 EB/WB mainline",
        "osm_way_id": "way/367996082",
        "source": "OpenStreetMap / Overpass",
        "asset_type": "RAMP",
        "ramp_type": "INTERCHANGE_CONNECTOR",
        "function_confidence": "MEDIUM",
        "direction": "EB",
        "from_road": "Florida's Turnpike",
        "to_road": "I-595 network",
        "road_inference_basis": "INTERCHANGE_GROUP",
        "elevated": false,
        "structure_type": "AT_GRADE_OR_UNKNOWN",
        "structure_confidence": "LOW",
        "interchange": "FLORIDAS_TURNPIKE",
        "cesium_category": "INTERCHANGE_CONNECTOR",
        "review_note": "Function is topology-derived. Structure type is inferred from OSM bridge/layer tags; FLYOVER/OVERPASS distinctions should be verified against imagery or FDOT plans."
      },
      "geometry": {
        "type": "LineString",
        "coordinates": [
          [
            -80.2023275,
            26.0836466
          ],
          [
            -80.2019818,
            26.0835634
          ],
          [
            -80.2017618,
            26.0835144
          ],
          [
            -80.2015139,
            26.0834622
          ],
          [
            -80.2012604,
            26.0834116
          ],
          [
            -80.2010064,
            26.0833651
          ],
          [
            -80.2006987,
            26.0833121
          ],
          [
            -80.2003982,
            26.0832603
          ]
        ]
      }
    },
    {
      "type": "Feature",
      "properties": {
        "@id": "way/368457062",
        "bridge": "yes",
        "destination": "Fort Lauderdale",
        "destination:ref": "I 95",
        "highway": "motorway_link",
        "hov": "designated",
        "junction:noref": "yes",
        "lanes": "2",
        "layer": "1",
        "lit": "no",
        "oneway": "yes",
        "ref": "I 595 EXPR",
        "surface": "concrete",
        "toll": "yes",
        "toll:hov": "no",
        "corridor": "I-595",
        "road_type": "RAMP_CONNECTOR",
        "interchange_group": "I95",
        "movement_type": "EXPRESS_CONNECTOR",
        "connected_facility": "I595_EXPRESS",
        "validation": "TOPOLOGY_CONFIRMED",
        "validation_rule": "Directed OSM motorway_link chain starts from or ends at I-595 EB/WB mainline",
        "osm_way_id": "way/368457062",
        "source": "OpenStreetMap / Overpass",
        "asset_type": "RAMP",
        "ramp_type": "EXPRESS_CONNECTOR",
        "function_confidence": "MEDIUM",
        "direction": "EB",
        "from_road": "595 Express / I-595 network",
        "to_road": "I-95",
        "road_inference_basis": "INTERCHANGE_GROUP",
        "elevated": true,
        "structure_type": "FLYOVER_OR_OVERPASS",
        "structure_confidence": "HIGH",
        "interchange": "I95",
        "cesium_category": "EXPRESS_CONNECTOR",
        "review_note": "Function is topology-derived. Structure type is inferred from OSM bridge/layer tags; FLYOVER/OVERPASS distinctions should be verified against imagery or FDOT plans."
      },
      "geometry": {
        "type": "LineString",
        "coordinates": [
          [
            -80.2032488,
            26.0852284
          ],
          [
            -80.2024635,
            26.0848661
          ]
        ]
      }
    },
    {
      "type": "Feature",
      "properties": {
        "@id": "way/369120006",
        "highway": "motorway_link",
        "lanes": "3",
        "lit": "yes",
        "maxspeed": "55 mph",
        "oneway": "yes",
        "surface": "asphalt",
        "toll": "no",
        "turn:lanes": "merge_to_right|none|none",
        "corridor": "I-595",
        "road_type": "RAMP_CONNECTOR",
        "interchange_group": "SW_136TH_AVE",
        "movement_type": "OUTBOUND_CONNECTOR_CHAIN",
        "connected_facility": "I595_NETWORK",
        "validation": "TOPOLOGY_CONFIRMED",
        "validation_rule": "Directed OSM motorway_link chain starts from or ends at I-595 EB/WB mainline",
        "osm_way_id": "way/369120006",
        "source": "OpenStreetMap / Overpass",
        "asset_type": "RAMP",
        "ramp_type": "INTERCHANGE_RAMP",
        "function_confidence": "MEDIUM",
        "direction": "WB",
        "from_road": "I-595 network",
        "to_road": "SW 136th Avenue",
        "road_inference_basis": "INTERCHANGE_GROUP",
        "elevated": false,
        "structure_type": "AT_GRADE_OR_UNKNOWN",
        "structure_confidence": "LOW",
        "interchange": "SW_136TH_AVE",
        "cesium_category": "INTERCHANGE_RAMP",
        "review_note": "Function is topology-derived. Structure type is inferred from OSM bridge/layer tags; FLYOVER/OVERPASS distinctions should be verified against imagery or FDOT plans."
      },
      "geometry": {
        "type": "LineString",
        "coordinates": [
          [
            -80.3387367,
            26.1192405
          ],
          [
            -80.3423711,
            26.1195348
          ]
        ]
      }
    },
    {
      "type": "Feature",
      "properties": {
        "@id": "way/369120008",
        "destination:ref": "SR 84 West;I 595 West",
        "highway": "motorway_link",
        "lanes": "2",
        "lit": "no",
        "oneway": "yes",
        "surface": "asphalt",
        "tiger:cfcc": "A63",
        "tiger:county": "Broward, FL",
        "toll": "yes",
        "turn:lanes": "merge_to_right|none",
        "corridor": "I-595",
        "road_type": "RAMP_CONNECTOR",
        "interchange_group": "FLORIDAS_TURNPIKE",
        "movement_type": "INBOUND_CONNECTOR_CHAIN",
        "connected_facility": "I595_NETWORK",
        "validation": "TOPOLOGY_CONFIRMED",
        "validation_rule": "Directed OSM motorway_link chain starts from or ends at I-595 EB/WB mainline",
        "osm_way_id": "way/369120008",
        "source": "OpenStreetMap / Overpass",
        "asset_type": "RAMP",
        "ramp_type": "INTERCHANGE_CONNECTOR",
        "function_confidence": "MEDIUM",
        "direction": "NB",
        "from_road": "Florida's Turnpike",
        "to_road": "I-595 network",
        "road_inference_basis": "INTERCHANGE_GROUP",
        "elevated": false,
        "structure_type": "AT_GRADE_OR_UNKNOWN",
        "structure_confidence": "LOW",
        "interchange": "FLORIDAS_TURNPIKE",
        "cesium_category": "INTERCHANGE_CONNECTOR",
        "review_note": "Function is topology-derived. Structure type is inferred from OSM bridge/layer tags; FLYOVER/OVERPASS distinctions should be verified against imagery or FDOT plans."
      },
      "geometry": {
        "type": "LineString",
        "coordinates": [
          [
            -80.213653,
            26.0860645
          ],
          [
            -80.2132516,
            26.0869197
          ]
        ]
      }
    },
    {
      "type": "Feature",
      "properties": {
        "@id": "way/369120010",
        "highway": "motorway_link",
        "lanes": "2",
        "lit": "yes",
        "maxspeed": "55 mph",
        "oneway": "yes",
        "surface": "asphalt",
        "toll": "no",
        "corridor": "I-595",
        "road_type": "RAMP_CONNECTOR",
        "interchange_group": "WESTERN_I75_SAWGRASS",
        "movement_type": "OUTBOUND_CONNECTOR_CHAIN",
        "connected_facility": "I595_NETWORK",
        "validation": "TOPOLOGY_CONFIRMED",
        "validation_rule": "Directed OSM motorway_link chain starts from or ends at I-595 EB/WB mainline",
        "osm_way_id": "way/369120010",
        "source": "OpenStreetMap / Overpass",
        "asset_type": "RAMP",
        "ramp_type": "INTERCHANGE_CONNECTOR",
        "function_confidence": "MEDIUM",
        "direction": "WB",
        "from_road": "I-595 network",
        "to_road": "I-75 / Sawgrass Expressway",
        "road_inference_basis": "INTERCHANGE_GROUP",
        "elevated": false,
        "structure_type": "AT_GRADE_OR_UNKNOWN",
        "structure_confidence": "LOW",
        "interchange": "WESTERN_I75_SAWGRASS",
        "cesium_category": "INTERCHANGE_CONNECTOR",
        "review_note": "Function is topology-derived. Structure type is inferred from OSM bridge/layer tags; FLYOVER/OVERPASS distinctions should be verified against imagery or FDOT plans."
      },
      "geometry": {
        "type": "LineString",
        "coordinates": [
          [
            -80.3423711,
            26.1195348
          ],
          [
            -80.3435343,
            26.1196447
          ]
        ]
      }
    },
    {
      "type": "Feature",
      "properties": {
        "@id": "way/369120025",
        "destination:ref": "SR 84 West;I 595 West",
        "highway": "motorway_link",
        "lit": "no",
        "oneway": "yes",
        "surface": "asphalt",
        "tiger:cfcc": "A63",
        "tiger:county": "Broward, FL",
        "toll": "yes",
        "corridor": "I-595",
        "road_type": "RAMP_CONNECTOR",
        "interchange_group": "FLORIDAS_TURNPIKE",
        "movement_type": "INBOUND_CONNECTOR_CHAIN",
        "connected_facility": "I595_NETWORK",
        "validation": "TOPOLOGY_CONFIRMED",
        "validation_rule": "Directed OSM motorway_link chain starts from or ends at I-595 EB/WB mainline",
        "osm_way_id": "way/369120025",
        "source": "OpenStreetMap / Overpass",
        "asset_type": "RAMP",
        "ramp_type": "INTERCHANGE_CONNECTOR",
        "function_confidence": "MEDIUM",
        "direction": "NB",
        "from_road": "Florida's Turnpike",
        "to_road": "I-595 network",
        "road_inference_basis": "INTERCHANGE_GROUP",
        "elevated": false,
        "structure_type": "AT_GRADE_OR_UNKNOWN",
        "structure_confidence": "LOW",
        "interchange": "FLORIDAS_TURNPIKE",
        "cesium_category": "INTERCHANGE_CONNECTOR",
        "review_note": "Function is topology-derived. Structure type is inferred from OSM bridge/layer tags; FLYOVER/OVERPASS distinctions should be verified against imagery or FDOT plans."
      },
      "geometry": {
        "type": "LineString",
        "coordinates": [
          [
            -80.2132516,
            26.0869197
          ],
          [
            -80.2129087,
            26.0875963
          ],
          [
            -80.212789,
            26.0878381
          ],
          [
            -80.2126466,
            26.0880848
          ]
        ]
      }
    },
    {
      "type": "Feature",
      "properties": {
        "@id": "way/369120048",
        "bridge": "yes",
        "destination:ref": "I 595 West",
        "highway": "motorway_link",
        "lanes": "2",
        "layer": "1",
        "lit": "no",
        "oneway": "yes",
        "surface": "concrete",
        "corridor": "I-595",
        "road_type": "RAMP_CONNECTOR",
        "interchange_group": "SR7_US441",
        "movement_type": "INBOUND_CONNECTOR_CHAIN",
        "connected_facility": "I595_NETWORK",
        "validation": "TOPOLOGY_CONFIRMED",
        "validation_rule": "Directed OSM motorway_link chain starts from or ends at I-595 EB/WB mainline",
        "osm_way_id": "way/369120048",
        "source": "OpenStreetMap / Overpass",
        "asset_type": "RAMP",
        "ramp_type": "INTERCHANGE_RAMP",
        "function_confidence": "MEDIUM",
        "direction": "WB",
        "from_road": "US-441 / SR-7",
        "to_road": "I-595 network",
        "road_inference_basis": "INTERCHANGE_GROUP",
        "elevated": true,
        "structure_type": "FLYOVER_OR_OVERPASS",
        "structure_confidence": "HIGH",
        "interchange": "SR7_US441",
        "cesium_category": "INTERCHANGE_RAMP",
        "review_note": "Function is topology-derived. Structure type is inferred from OSM bridge/layer tags; FLYOVER/OVERPASS distinctions should be verified against imagery or FDOT plans."
      },
      "geometry": {
        "type": "LineString",
        "coordinates": [
          [
            -80.1697478,
            26.0843089
          ],
          [
            -80.169914,
            26.0840549
          ],
          [
            -80.1700731,
            26.083882
          ],
          [
            -80.1702137,
            26.0837482
          ],
          [
            -80.170412,
            26.0836146
          ],
          [
            -80.1706888,
            26.0834715
          ],
          [
            -80.1708796,
            26.083397
          ],
          [
            -80.1711471,
            26.0833219
          ],
          [
            -80.1714695,
            26.0832686
          ]
        ]
      }
    },
    {
      "type": "Feature",
      "properties": {
        "@id": "way/404408424",
        "destination:ref": "SR 84 East",
        "destination:to": "Hiatus Road",
        "highway": "motorway_link",
        "junction:ref": "3",
        "lanes": "1",
        "lit": "yes",
        "oneway": "yes",
        "surface": "asphalt",
        "corridor": "I-595",
        "road_type": "RAMP_CONNECTOR",
        "interchange_group": "FLAMINGO_RD",
        "movement_type": "OUTBOUND_CONNECTOR_CHAIN",
        "connected_facility": "I595_NETWORK",
        "validation": "TOPOLOGY_CONFIRMED",
        "validation_rule": "Directed OSM motorway_link chain starts from or ends at I-595 EB/WB mainline",
        "osm_way_id": "way/404408424",
        "source": "OpenStreetMap / Overpass",
        "asset_type": "RAMP",
        "ramp_type": "INTERCHANGE_RAMP",
        "function_confidence": "MEDIUM",
        "direction": "EB",
        "from_road": "I-595 network",
        "to_road": "Flamingo Road",
        "road_inference_basis": "INTERCHANGE_GROUP",
        "elevated": false,
        "structure_type": "AT_GRADE_OR_UNKNOWN",
        "structure_confidence": "LOW",
        "interchange": "FLAMINGO_RD",
        "cesium_category": "INTERCHANGE_RAMP",
        "review_note": "Function is topology-derived. Structure type is inferred from OSM bridge/layer tags; FLYOVER/OVERPASS distinctions should be verified against imagery or FDOT plans."
      },
      "geometry": {
        "type": "LineString",
        "coordinates": [
          [
            -80.3076109,
            26.112701
          ],
          [
            -80.3072295,
            26.1125795
          ],
          [
            -80.306591,
            26.1124084
          ],
          [
            -80.3063344,
            26.1123402
          ],
          [
            -80.305992,
            26.1122104
          ]
        ]
      }
    },
    {
      "type": "Feature",
      "properties": {
        "@id": "way/404408425",
        "destination:ref": "US 441 North",
        "highway": "motorway_link",
        "lanes": "1",
        "lit": "no",
        "oneway": "yes",
        "source": "OpenStreetMap / Overpass",
        "surface": "asphalt",
        "toll": "no",
        "corridor": "I-595",
        "road_type": "RAMP_CONNECTOR",
        "interchange_group": "SR7_US441",
        "movement_type": "OUTBOUND_CONNECTOR_CHAIN",
        "connected_facility": "I595_NETWORK",
        "validation": "TOPOLOGY_CONFIRMED",
        "validation_rule": "Directed OSM motorway_link chain starts from or ends at I-595 EB/WB mainline",
        "osm_way_id": "way/404408425",
        "asset_type": "RAMP",
        "ramp_type": "INTERCHANGE_RAMP",
        "function_confidence": "MEDIUM",
        "direction": "WB",
        "from_road": "I-595 network",
        "to_road": "US-441 / SR-7",
        "road_inference_basis": "INTERCHANGE_GROUP",
        "elevated": false,
        "structure_type": "AT_GRADE_OR_UNKNOWN",
        "structure_confidence": "LOW",
        "interchange": "SR7_US441",
        "cesium_category": "INTERCHANGE_RAMP",
        "review_note": "Function is topology-derived. Structure type is inferred from OSM bridge/layer tags; FLYOVER/OVERPASS distinctions should be verified against imagery or FDOT plans."
      },
      "geometry": {
        "type": "LineString",
        "coordinates": [
          [
            -80.198786,
            26.08521
          ],
          [
            -80.1989706,
            26.0852776
          ],
          [
            -80.199149,
            26.085332
          ],
          [
            -80.19937,
            26.0853959
          ],
          [
            -80.1995864,
            26.0854641
          ],
          [
            -80.1997687,
            26.0855244
          ],
          [
            -80.1999365,
            26.0855847
          ],
          [
            -80.2000763,
            26.0856399
          ],
          [
            -80.2002143,
            26.0857016
          ],
          [
            -80.2003094,
            26.0857663
          ]
        ]
      }
    },
    {
      "type": "Feature",
      "properties": {
        "@id": "way/404408426",
        "destination": "Pine Island Road|University Drive",
        "destination:lanes": "University Drive|Pine Island Road",
        "destination:ref": "SR 817",
        "highway": "motorway_link",
        "junction:ref": "5;6",
        "lanes": "2",
        "lit": "yes",
        "oneway": "yes",
        "surface": "asphalt",
        "turn:lanes": "slight_left|slight_right",
        "corridor": "I-595",
        "road_type": "RAMP_CONNECTOR",
        "interchange_group": "UNIVERSITY_DR",
        "movement_type": "EXIT_FROM_I595",
        "connected_facility": "I595_GP_EB",
        "validation": "TOPOLOGY_CONFIRMED",
        "validation_rule": "Directed OSM motorway_link chain starts from or ends at I-595 EB/WB mainline",
        "osm_way_id": "way/404408426",
        "source": "OpenStreetMap / Overpass",
        "asset_type": "RAMP",
        "ramp_type": "EXIT_RAMP",
        "function_confidence": "HIGH",
        "direction": "EB",
        "from_road": "I-595",
        "to_road": "University Drive",
        "road_inference_basis": "TAG",
        "elevated": false,
        "structure_type": "AT_GRADE_OR_UNKNOWN",
        "structure_confidence": "LOW",
        "interchange": "UNIVERSITY_DR",
        "cesium_category": "EXIT_RAMP",
        "review_note": "Function is topology-derived. Structure type is inferred from OSM bridge/layer tags; FLYOVER/OVERPASS distinctions should be verified against imagery or FDOT plans."
      },
      "geometry": {
        "type": "LineString",
        "coordinates": [
          [
            -80.2807977,
            26.1064422
          ],
          [
            -80.2805945,
            26.1063099
          ],
          [
            -80.2795125,
            26.1059537
          ],
          [
            -80.2786151,
            26.1056708
          ],
          [
            -80.2778082,
            26.1054534
          ]
        ]
      }
    },
    {
      "type": "Feature",
      "properties": {
        "@id": "way/443792430",
        "destination": "Dania Beach;Ft Lauderdale Hollywood International Airport",
        "destination:lanes": "Airport Terminal|Airport Terminal;Dania Beach",
        "destination:ref": "US 1 South",
        "destination:symbol": "airport",
        "highway": "motorway_link",
        "lanes": "2",
        "lit": "no",
        "maxspeed:advisory": "40 mph",
        "oneway": "yes",
        "source": "OpenStreetMap / Overpass",
        "surface": "asphalt",
        "turn:lanes": "slight_left|slight_left;slight_right",
        "corridor": "I-595",
        "road_type": "RAMP_CONNECTOR",
        "interchange_group": "I95",
        "movement_type": "OUTBOUND_CONNECTOR_CHAIN",
        "connected_facility": "I595_NETWORK",
        "validation": "TOPOLOGY_CONFIRMED",
        "validation_rule": "Directed OSM motorway_link chain starts from or ends at I-595 EB/WB mainline",
        "osm_way_id": "way/443792430",
        "asset_type": "RAMP",
        "ramp_type": "INTERCHANGE_CONNECTOR",
        "function_confidence": "MEDIUM",
        "direction": "EB",
        "from_road": "I-595 network",
        "to_road": "I-95",
        "road_inference_basis": "INTERCHANGE_GROUP",
        "elevated": false,
        "structure_type": "AT_GRADE_OR_UNKNOWN",
        "structure_confidence": "LOW",
        "interchange": "I95",
        "cesium_category": "INTERCHANGE_CONNECTOR",
        "review_note": "Function is topology-derived. Structure type is inferred from OSM bridge/layer tags; FLYOVER/OVERPASS distinctions should be verified against imagery or FDOT plans."
      },
      "geometry": {
        "type": "LineString",
        "coordinates": [
          [
            -80.1390276,
            26.0810202
          ],
          [
            -80.1387208,
            26.0809592
          ],
          [
            -80.1383567,
            26.0808855
          ],
          [
            -80.1379743,
            26.0808011
          ],
          [
            -80.1375973,
            26.0807131
          ],
          [
            -80.1373578,
            26.0806521
          ],
          [
            -80.1371147,
            26.0805794
          ],
          [
            -80.1368779,
            26.0804902
          ],
          [
            -80.1366524,
            26.0803927
          ],
          [
            -80.136424,
            26.0802771
          ],
          [
            -80.1362047,
            26.0801553
          ],
          [
            -80.1360019,
            26.0800214
          ],
          [
            -80.1357981,
            26.079875
          ],
          [
            -80.1356148,
            26.0797208
          ],
          [
            -80.1354413,
            26.0795614
          ],
          [
            -80.1352741,
            26.0793895
          ],
          [
            -80.1351189,
            26.0792085
          ],
          [
            -80.1349734,
            26.079017
          ],
          [
            -80.1348397,
            26.0788205
          ],
          [
            -80.1347211,
            26.0786184
          ],
          [
            -80.1346139,
            26.0784062
          ],
          [
            -80.1345191,
            26.0781938
          ],
          [
            -80.1344378,
            26.0779722
          ],
          [
            -80.1343643,
            26.0777467
          ],
          [
            -80.1343039,
            26.0775282
          ],
          [
            -80.1342423,
            26.0772732
          ],
          [
            -80.1341907,
            26.077062
          ],
          [
            -80.1341467,
            26.0768513
          ],
          [
            -80.1341092,
            26.0766277
          ]
        ]
      }
    },
    {
      "type": "Feature",
      "properties": {
        "@id": "way/518288065",
        "destination:lanes": "none|none;Davie Road",
        "destination:ref:lanes": "I 595 West|I 595 West;SR 84 West",
        "highway": "motorway_link",
        "lanes": "2",
        "lit": "no",
        "oneway": "yes",
        "surface": "asphalt",
        "tiger:cfcc": "A63",
        "tiger:county": "Broward, FL",
        "tiger:reviewed": "aerial",
        "toll": "yes",
        "turn:lanes": "slight_left|slight_left;slight_right",
        "corridor": "I-595",
        "road_type": "RAMP_CONNECTOR",
        "interchange_group": "FLORIDAS_TURNPIKE",
        "movement_type": "INBOUND_CONNECTOR_CHAIN",
        "connected_facility": "I595_NETWORK",
        "validation": "TOPOLOGY_CONFIRMED",
        "validation_rule": "Directed OSM motorway_link chain starts from or ends at I-595 EB/WB mainline",
        "osm_way_id": "way/518288065",
        "source": "OpenStreetMap / Overpass",
        "asset_type": "RAMP",
        "ramp_type": "INTERCHANGE_CONNECTOR",
        "function_confidence": "MEDIUM",
        "direction": "WB",
        "from_road": "Florida's Turnpike",
        "to_road": "I-595 network",
        "road_inference_basis": "INTERCHANGE_GROUP",
        "elevated": false,
        "structure_type": "AT_GRADE_OR_UNKNOWN",
        "structure_confidence": "LOW",
        "interchange": "FLORIDAS_TURNPIKE",
        "cesium_category": "INTERCHANGE_CONNECTOR",
        "review_note": "Function is topology-derived. Structure type is inferred from OSM bridge/layer tags; FLYOVER/OVERPASS distinctions should be verified against imagery or FDOT plans."
      },
      "geometry": {
        "type": "LineString",
        "coordinates": [
          [
            -80.2137489,
            26.0905756
          ],
          [
            -80.2140883,
            26.0906848
          ],
          [
            -80.2145452,
            26.0908202
          ],
          [
            -80.2154492,
            26.091013
          ]
        ]
      }
    },
    {
      "type": "Feature",
      "properties": {
        "@id": "way/526046552",
        "destination:ref": "SR 84 East;I 595 East",
        "destination:ref:lanes": "SR 84 East|I 595 East",
        "destination:symbol": "airport",
        "highway": "motorway_link",
        "lanes": "2",
        "lit": "no",
        "oneway": "yes",
        "source": "OpenStreetMap / Overpass",
        "surface": "asphalt",
        "toll": "yes",
        "turn:lanes": "none|through;slight_right",
        "corridor": "I-595",
        "road_type": "RAMP_CONNECTOR",
        "interchange_group": "FLORIDAS_TURNPIKE",
        "movement_type": "INBOUND_CONNECTOR_CHAIN",
        "connected_facility": "I595_NETWORK",
        "validation": "TOPOLOGY_CONFIRMED",
        "validation_rule": "Directed OSM motorway_link chain starts from or ends at I-595 EB/WB mainline",
        "osm_way_id": "way/526046552",
        "asset_type": "RAMP",
        "ramp_type": "INTERCHANGE_CONNECTOR",
        "function_confidence": "MEDIUM",
        "direction": "EB",
        "from_road": "Florida's Turnpike",
        "to_road": "I-595 network",
        "road_inference_basis": "INTERCHANGE_GROUP",
        "elevated": false,
        "structure_type": "AT_GRADE_OR_UNKNOWN",
        "structure_confidence": "LOW",
        "interchange": "FLORIDAS_TURNPIKE",
        "cesium_category": "INTERCHANGE_CONNECTOR",
        "review_note": "Function is topology-derived. Structure type is inferred from OSM bridge/layer tags; FLYOVER/OVERPASS distinctions should be verified against imagery or FDOT plans."
      },
      "geometry": {
        "type": "LineString",
        "coordinates": [
          [
            -80.2078878,
            26.086737
          ],
          [
            -80.2076877,
            26.0865875
          ],
          [
            -80.2072912,
            26.0862852
          ],
          [
            -80.2069054,
            26.0859918
          ],
          [
            -80.206703,
            26.0858461
          ],
          [
            -80.2064951,
            26.08571
          ]
        ]
      }
    },
    {
      "type": "Feature",
      "properties": {
        "@id": "way/526218387",
        "bridge": "yes",
        "destination:ref": "I 595 West",
        "highway": "motorway_link",
        "hov": "designated",
        "junction:noref": "yes",
        "lanes": "1",
        "layer": "1",
        "lit": "yes",
        "oneway": "yes",
        "ref": "I 595 EXPR",
        "surface": "asphalt",
        "toll": "yes",
        "toll:hov": "no",
        "corridor": "I-595",
        "road_type": "RAMP_CONNECTOR",
        "interchange_group": "WESTERN_I75_SAWGRASS",
        "movement_type": "EXPRESS_CONNECTOR",
        "connected_facility": "I595_EXPRESS",
        "validation": "TOPOLOGY_CONFIRMED",
        "validation_rule": "Directed OSM motorway_link chain starts from or ends at I-595 EB/WB mainline",
        "osm_way_id": "way/526218387",
        "source": "OpenStreetMap / Overpass",
        "asset_type": "RAMP",
        "ramp_type": "EXPRESS_CONNECTOR",
        "function_confidence": "MEDIUM",
        "direction": "WB",
        "from_road": "595 Express / I-595 network",
        "to_road": "I-75 / Sawgrass Expressway",
        "road_inference_basis": "INTERCHANGE_GROUP",
        "elevated": true,
        "structure_type": "FLYOVER_OR_OVERPASS",
        "structure_confidence": "HIGH",
        "interchange": "WESTERN_I75_SAWGRASS",
        "cesium_category": "EXPRESS_CONNECTOR",
        "review_note": "Function is topology-derived. Structure type is inferred from OSM bridge/layer tags; FLYOVER/OVERPASS distinctions should be verified against imagery or FDOT plans."
      },
      "geometry": {
        "type": "LineString",
        "coordinates": [
          [
            -80.3436445,
            26.1194592
          ],
          [
            -80.3441267,
            26.1195021
          ]
        ]
      }
    },
    {
      "type": "Feature",
      "properties": {
        "@id": "way/526218388",
        "destination:ref": "I 595 West",
        "highway": "motorway_link",
        "hov": "designated",
        "junction:noref": "yes",
        "lanes": "1",
        "lit": "yes",
        "oneway": "yes",
        "ref": "I 595 EXPR",
        "surface": "asphalt",
        "toll": "yes",
        "toll:hov": "no",
        "corridor": "I-595",
        "road_type": "RAMP_CONNECTOR",
        "interchange_group": "SW_136TH_AVE",
        "movement_type": "EXPRESS_CONNECTOR",
        "connected_facility": "I595_EXPRESS",
        "validation": "TOPOLOGY_CONFIRMED",
        "validation_rule": "Directed OSM motorway_link chain starts from or ends at I-595 EB/WB mainline",
        "osm_way_id": "way/526218388",
        "source": "OpenStreetMap / Overpass",
        "asset_type": "RAMP",
        "ramp_type": "EXPRESS_CONNECTOR",
        "function_confidence": "MEDIUM",
        "direction": "WB",
        "from_road": "595 Express / I-595 network",
        "to_road": "SW 136th Avenue",
        "road_inference_basis": "INTERCHANGE_GROUP",
        "elevated": false,
        "structure_type": "AT_GRADE_OR_UNKNOWN",
        "structure_confidence": "LOW",
        "interchange": "SW_136TH_AVE",
        "cesium_category": "EXPRESS_CONNECTOR",
        "review_note": "Function is topology-derived. Structure type is inferred from OSM bridge/layer tags; FLYOVER/OVERPASS distinctions should be verified against imagery or FDOT plans."
      },
      "geometry": {
        "type": "LineString",
        "coordinates": [
          [
            -80.3380367,
            26.118928
          ],
          [
            -80.3389603,
            26.1190426
          ],
          [
            -80.33963,
            26.1191192
          ],
          [
            -80.3401837,
            26.1191734
          ],
          [
            -80.3407699,
            26.1192275
          ],
          [
            -80.3421678,
            26.1193454
          ],
          [
            -80.342927,
            26.1194032
          ],
          [
            -80.3436445,
            26.1194592
          ]
        ]
      }
    },
    {
      "type": "Feature",
      "properties": {
        "@id": "way/526218394",
        "destination:ref": "I 595 West",
        "highway": "motorway_link",
        "hov": "designated",
        "junction:noref": "yes",
        "lanes": "1",
        "lit": "yes",
        "oneway": "yes",
        "ref": "I 595 EXPR",
        "surface": "asphalt",
        "toll": "yes",
        "toll:hov": "no",
        "corridor": "I-595",
        "road_type": "RAMP_CONNECTOR",
        "interchange_group": "SW_136TH_AVE",
        "movement_type": "EXPRESS_CONNECTOR",
        "connected_facility": "I595_EXPRESS",
        "validation": "TOPOLOGY_CONFIRMED",
        "validation_rule": "Directed OSM motorway_link chain starts from or ends at I-595 EB/WB mainline",
        "osm_way_id": "way/526218394",
        "source": "OpenStreetMap / Overpass",
        "asset_type": "RAMP",
        "ramp_type": "EXPRESS_CONNECTOR",
        "function_confidence": "MEDIUM",
        "direction": "WB",
        "from_road": "595 Express / I-595 network",
        "to_road": "SW 136th Avenue",
        "road_inference_basis": "INTERCHANGE_GROUP",
        "elevated": false,
        "structure_type": "AT_GRADE_OR_UNKNOWN",
        "structure_confidence": "LOW",
        "interchange": "SW_136TH_AVE",
        "cesium_category": "EXPRESS_CONNECTOR",
        "review_note": "Function is topology-derived. Structure type is inferred from OSM bridge/layer tags; FLYOVER/OVERPASS distinctions should be verified against imagery or FDOT plans."
      },
      "geometry": {
        "type": "LineString",
        "coordinates": [
          [
            -80.3373411,
            26.1188488
          ],
          [
            -80.3380367,
            26.118928
          ]
        ]
      }
    },
    {
      "type": "Feature",
      "properties": {
        "@id": "way/544357586",
        "destination:ref": "I 595 Express",
        "highway": "motorway_link",
        "hov": "designated",
        "junction:noref": "yes",
        "lanes": "1",
        "lit": "yes",
        "oneway": "yes",
        "ref": "I 595 EXPR",
        "surface": "asphalt",
        "toll": "yes",
        "toll:hov": "no",
        "corridor": "I-595",
        "road_type": "RAMP_CONNECTOR",
        "interchange_group": "SW_136TH_AVE",
        "movement_type": "EXPRESS_CONNECTOR",
        "connected_facility": "I595_EXPRESS",
        "validation": "TOPOLOGY_CONFIRMED",
        "validation_rule": "Directed OSM motorway_link chain starts from or ends at I-595 EB/WB mainline",
        "osm_way_id": "way/544357586",
        "source": "OpenStreetMap / Overpass",
        "asset_type": "RAMP",
        "ramp_type": "EXPRESS_CONNECTOR",
        "function_confidence": "MEDIUM",
        "direction": "EB",
        "from_road": "595 Express / I-595 network",
        "to_road": "SW 136th Avenue",
        "road_inference_basis": "INTERCHANGE_GROUP",
        "elevated": false,
        "structure_type": "AT_GRADE_OR_UNKNOWN",
        "structure_confidence": "LOW",
        "interchange": "SW_136TH_AVE",
        "cesium_category": "EXPRESS_CONNECTOR",
        "review_note": "Function is topology-derived. Structure type is inferred from OSM bridge/layer tags; FLYOVER/OVERPASS distinctions should be verified against imagery or FDOT plans."
      },
      "geometry": {
        "type": "LineString",
        "coordinates": [
          [
            -80.3417553,
            26.1190716
          ],
          [
            -80.3407328,
            26.1190127
          ],
          [
            -80.3401776,
            26.1189863
          ],
          [
            -80.3397256,
            26.1189607
          ],
          [
            -80.3386159,
            26.1189041
          ],
          [
            -80.3373411,
            26.1188488
          ]
        ]
      }
    },
    {
      "type": "Feature",
      "properties": {
        "@id": "way/544357587",
        "destination:ref": "I 595 West",
        "highway": "motorway_link",
        "hov": "designated",
        "junction:noref": "yes",
        "lanes": "1",
        "lit": "yes",
        "oneway": "yes",
        "ref": "I 595 EXPR",
        "surface": "asphalt",
        "toll": "yes",
        "toll:hov": "no",
        "corridor": "I-595",
        "road_type": "RAMP_CONNECTOR",
        "interchange_group": "WESTERN_I75_SAWGRASS",
        "movement_type": "EXPRESS_CONNECTOR",
        "connected_facility": "I595_EXPRESS",
        "validation": "TOPOLOGY_CONFIRMED",
        "validation_rule": "Directed OSM motorway_link chain starts from or ends at I-595 EB/WB mainline",
        "osm_way_id": "way/544357587",
        "source": "OpenStreetMap / Overpass",
        "asset_type": "RAMP",
        "ramp_type": "EXPRESS_CONNECTOR",
        "function_confidence": "MEDIUM",
        "direction": "WB",
        "from_road": "595 Express / I-595 network",
        "to_road": "I-75 / Sawgrass Expressway",
        "road_inference_basis": "INTERCHANGE_GROUP",
        "elevated": false,
        "structure_type": "AT_GRADE_OR_UNKNOWN",
        "structure_confidence": "LOW",
        "interchange": "WESTERN_I75_SAWGRASS",
        "cesium_category": "EXPRESS_CONNECTOR",
        "review_note": "Function is topology-derived. Structure type is inferred from OSM bridge/layer tags; FLYOVER/OVERPASS distinctions should be verified against imagery or FDOT plans."
      },
      "geometry": {
        "type": "LineString",
        "coordinates": [
          [
            -80.3441267,
            26.1195021
          ],
          [
            -80.3443087,
            26.1195225
          ],
          [
            -80.3444669,
            26.1195466
          ],
          [
            -80.3446889,
            26.1195887
          ],
          [
            -80.344873,
            26.1196308
          ],
          [
            -80.3451036,
            26.119705
          ],
          [
            -80.3453174,
            26.1197941
          ],
          [
            -80.3455488,
            26.1199058
          ],
          [
            -80.3457812,
            26.120028
          ],
          [
            -80.3463317,
            26.1203165
          ],
          [
            -80.3466667,
            26.1204901
          ],
          [
            -80.3470181,
            26.1206605
          ],
          [
            -80.3473614,
            26.1208158
          ],
          [
            -80.3475858,
            26.1209094
          ],
          [
            -80.3477988,
            26.1209948
          ],
          [
            -80.3480092,
            26.1210801
          ],
          [
            -80.3482265,
            26.1211675
          ],
          [
            -80.3484301,
            26.1212476
          ],
          [
            -80.3486474,
            26.1213278
          ],
          [
            -80.3490915,
            26.1214841
          ],
          [
            -80.3495334,
            26.12163
          ],
          [
            -80.3502509,
            26.1218855
          ]
        ]
      }
    },
    {
      "type": "Feature",
      "properties": {
        "@id": "way/552854695",
        "bicycle": "no",
        "destination:ref": "I 595 West",
        "destination:ref:to": "I 95",
        "destination:to": "Florida's Turnpike",
        "highway": "motorway_link",
        "lanes": "2",
        "lit": "yes",
        "oneway": "yes",
        "surface": "asphalt",
        "turn:lanes": "none|merge_to_left",
        "corridor": "I-595",
        "road_type": "RAMP_CONNECTOR",
        "interchange_group": "I95",
        "movement_type": "INBOUND_CONNECTOR_CHAIN",
        "connected_facility": "I595_NETWORK",
        "validation": "TOPOLOGY_CONFIRMED",
        "validation_rule": "Directed OSM motorway_link chain starts from or ends at I-595 EB/WB mainline",
        "osm_way_id": "way/552854695",
        "source": "OpenStreetMap / Overpass",
        "asset_type": "RAMP",
        "ramp_type": "INTERCHANGE_CONNECTOR",
        "function_confidence": "MEDIUM",
        "direction": "WB",
        "from_road": "I-95",
        "to_road": "I-595 network",
        "road_inference_basis": "INTERCHANGE_GROUP",
        "elevated": false,
        "structure_type": "AT_GRADE_OR_UNKNOWN",
        "structure_confidence": "LOW",
        "interchange": "I95",
        "cesium_category": "INTERCHANGE_CONNECTOR",
        "review_note": "Function is topology-derived. Structure type is inferred from OSM bridge/layer tags; FLYOVER/OVERPASS distinctions should be verified against imagery or FDOT plans."
      },
      "geometry": {
        "type": "LineString",
        "coordinates": [
          [
            -80.130314,
            26.0818497
          ],
          [
            -80.1309944,
            26.0814593
          ],
          [
            -80.1311403,
            26.081379
          ]
        ]
      }
    },
    {
      "type": "Feature",
      "properties": {
        "@id": "way/552854696",
        "destination": "International Airport;NE 7th Avenue",
        "destination:street": "Northeast 7th Avenue",
        "destination:symbol": "airport",
        "highway": "motorway_link",
        "lanes": "2",
        "lit": "yes",
        "oneway": "yes",
        "surface": "asphalt",
        "corridor": "I-595",
        "road_type": "RAMP_CONNECTOR",
        "interchange_group": "I95",
        "movement_type": "OUTBOUND_CONNECTOR_CHAIN",
        "connected_facility": "I595_NETWORK",
        "validation": "TOPOLOGY_CONFIRMED",
        "validation_rule": "Directed OSM motorway_link chain starts from or ends at I-595 EB/WB mainline",
        "osm_way_id": "way/552854696",
        "source": "OpenStreetMap / Overpass",
        "asset_type": "RAMP",
        "ramp_type": "INTERCHANGE_CONNECTOR",
        "function_confidence": "MEDIUM",
        "direction": "EB",
        "from_road": "I-595 network",
        "to_road": "I-95",
        "road_inference_basis": "INTERCHANGE_GROUP",
        "elevated": false,
        "structure_type": "AT_GRADE_OR_UNKNOWN",
        "structure_confidence": "LOW",
        "interchange": "I95",
        "cesium_category": "INTERCHANGE_CONNECTOR",
        "review_note": "Function is topology-derived. Structure type is inferred from OSM bridge/layer tags; FLYOVER/OVERPASS distinctions should be verified against imagery or FDOT plans."
      },
      "geometry": {
        "type": "LineString",
        "coordinates": [
          [
            -80.1320156,
            26.0803511
          ],
          [
            -80.1316246,
            26.0803144
          ],
          [
            -80.131354,
            26.08028
          ],
          [
            -80.1311467,
            26.0802522
          ]
        ]
      }
    },
    {
      "type": "Feature",
      "properties": {
        "@id": "way/552854697",
        "highway": "motorway_link",
        "lanes": "2",
        "lit": "yes",
        "oneway": "yes",
        "surface": "asphalt",
        "turn:lanes": "left|right",
        "corridor": "I-595",
        "road_type": "RAMP_CONNECTOR",
        "interchange_group": "I95",
        "movement_type": "OUTBOUND_CONNECTOR_CHAIN",
        "connected_facility": "I595_NETWORK",
        "validation": "TOPOLOGY_CONFIRMED",
        "validation_rule": "Directed OSM motorway_link chain starts from or ends at I-595 EB/WB mainline",
        "osm_way_id": "way/552854697",
        "source": "OpenStreetMap / Overpass",
        "asset_type": "RAMP",
        "ramp_type": "INTERCHANGE_CONNECTOR",
        "function_confidence": "MEDIUM",
        "direction": "EB",
        "from_road": "I-595 network",
        "to_road": "I-95",
        "road_inference_basis": "INTERCHANGE_GROUP",
        "elevated": false,
        "structure_type": "AT_GRADE_OR_UNKNOWN",
        "structure_confidence": "LOW",
        "interchange": "I95",
        "cesium_category": "INTERCHANGE_CONNECTOR",
        "review_note": "Function is topology-derived. Structure type is inferred from OSM bridge/layer tags; FLYOVER/OVERPASS distinctions should be verified against imagery or FDOT plans."
      },
      "geometry": {
        "type": "LineString",
        "coordinates": [
          [
            -80.1311467,
            26.0802522
          ],
          [
            -80.1307795,
            26.0801892
          ]
        ]
      }
    },
    {
      "type": "Feature",
      "properties": {
        "@id": "way/847276324",
        "bridge": "yes",
        "destination": "Fort Lauderdale;West Palm Beach",
        "destination:ref": "I 95 North",
        "highway": "motorway_link",
        "junction:ref": "10A",
        "lanes": "2",
        "layer": "2",
        "lit": "no",
        "oneway": "yes",
        "surface": "concrete",
        "tiger:county": "Broward, FL",
        "corridor": "I-595",
        "road_type": "RAMP_CONNECTOR",
        "interchange_group": "I95",
        "movement_type": "EXIT_FROM_I595",
        "connected_facility": "I595_GP_EB",
        "validation": "TOPOLOGY_CONFIRMED",
        "validation_rule": "Directed OSM motorway_link chain starts from or ends at I-595 EB/WB mainline",
        "osm_way_id": "way/847276324",
        "source": "OpenStreetMap / Overpass",
        "asset_type": "RAMP",
        "ramp_type": "INTERCHANGE_CONNECTOR",
        "function_confidence": "HIGH",
        "direction": "EB",
        "from_road": "I-595",
        "to_road": "I-95",
        "road_inference_basis": "INTERCHANGE_GROUP",
        "elevated": true,
        "structure_type": "FLYOVER_OR_OVERPASS",
        "structure_confidence": "HIGH",
        "interchange": "I95",
        "cesium_category": "INTERCHANGE_CONNECTOR",
        "review_note": "Function is topology-derived. Structure type is inferred from OSM bridge/layer tags; FLYOVER/OVERPASS distinctions should be verified against imagery or FDOT plans."
      },
      "geometry": {
        "type": "LineString",
        "coordinates": [
          [
            -80.1793199,
            26.0832893
          ],
          [
            -80.1775954,
            26.0829089
          ],
          [
            -80.176984,
            26.082779
          ],
          [
            -80.1764688,
            26.0826476
          ],
          [
            -80.1758377,
            26.0824681
          ],
          [
            -80.1751009,
            26.082252
          ],
          [
            -80.174646,
            26.0821441
          ],
          [
            -80.1742319,
            26.0820859
          ],
          [
            -80.1738307,
            26.0820662
          ],
          [
            -80.1735034,
            26.0820807
          ],
          [
            -80.1732443,
            26.0821086
          ],
          [
            -80.1729171,
            26.0821602
          ],
          [
            -80.1724729,
            26.0822782
          ],
          [
            -80.1718329,
            26.0825085
          ],
          [
            -80.171312,
            26.0827405
          ]
        ]
      }
    },
    {
      "type": "Feature",
      "properties": {
        "@id": "way/1323949043",
        "destination": "Florida's Turnpike",
        "destination:ref": "SR 84 West",
        "highway": "motorway_link",
        "junction:ref": "8",
        "lanes": "2",
        "oneway": "yes",
        "surface": "asphalt",
        "corridor": "I-595",
        "road_type": "RAMP_CONNECTOR",
        "interchange_group": "FLORIDAS_TURNPIKE",
        "movement_type": "EXIT_FROM_I595",
        "connected_facility": "I595_GP_WB",
        "validation": "TOPOLOGY_CONFIRMED",
        "validation_rule": "Directed OSM motorway_link chain starts from or ends at I-595 EB/WB mainline",
        "osm_way_id": "way/1323949043",
        "source": "OpenStreetMap / Overpass",
        "asset_type": "RAMP",
        "ramp_type": "INTERCHANGE_CONNECTOR",
        "function_confidence": "HIGH",
        "direction": "WB",
        "from_road": "I-595",
        "to_road": "Florida's Turnpike",
        "road_inference_basis": "TAG",
        "elevated": false,
        "structure_type": "AT_GRADE_OR_UNKNOWN",
        "structure_confidence": "LOW",
        "interchange": "FLORIDAS_TURNPIKE",
        "cesium_category": "INTERCHANGE_CONNECTOR",
        "review_note": "Function is topology-derived. Structure type is inferred from OSM bridge/layer tags; FLYOVER/OVERPASS distinctions should be verified against imagery or FDOT plans."
      },
      "geometry": {
        "type": "LineString",
        "coordinates": [
          [
            -80.1979346,
            26.0841371
          ],
          [
            -80.1983608,
            26.0843162
          ],
          [
            -80.1984805,
            26.0843336
          ],
          [
            -80.1986067,
            26.0843559
          ],
          [
            -80.1987264,
            26.0843798
          ],
          [
            -80.198852,
            26.0844043
          ],
          [
            -80.1989629,
            26.0844288
          ],
          [
            -80.1990911,
            26.0844586
          ],
          [
            -80.1992067,
            26.0844849
          ],
          [
            -80.1993309,
            26.0845165
          ],
          [
            -80.1994458,
            26.0845493
          ],
          [
            -80.1995634,
            26.0845821
          ],
          [
            -80.1996737,
            26.0846155
          ],
          [
            -80.1997913,
            26.0846501
          ],
          [
            -80.1999069,
            26.0846865
          ],
          [
            -80.2001287,
            26.0847623
          ],
          [
            -80.2003579,
            26.0848446
          ],
          [
            -80.2005851,
            26.0849293
          ],
          [
            -80.2008043,
            26.0850165
          ],
          [
            -80.2010275,
            26.0851071
          ],
          [
            -80.2012467,
            26.0852026
          ],
          [
            -80.2014706,
            26.0853016
          ],
          [
            -80.2015151,
            26.0853219
          ],
          [
            -80.2016729,
            26.0854188
          ]
        ]
      }
    },
    {
      "type": "Feature",
      "properties": {
        "@id": "way/1350680261",
        "destination": "West Palm Beach",
        "destination:ref": "I 95 North",
        "highway": "motorway_link",
        "junction:ref": "10A",
        "lanes": "2",
        "lit": "no",
        "oneway": "yes",
        "surface": "asphalt",
        "tiger:county": "Broward, FL",
        "corridor": "I-595",
        "road_type": "RAMP_CONNECTOR",
        "interchange_group": "I95",
        "movement_type": "EXIT_FROM_I595",
        "connected_facility": "I595_GP_WB",
        "validation": "TOPOLOGY_CONFIRMED",
        "validation_rule": "Directed OSM motorway_link chain starts from or ends at I-595 EB/WB mainline",
        "osm_way_id": "way/1350680261",
        "source": "OpenStreetMap / Overpass",
        "asset_type": "RAMP",
        "ramp_type": "INTERCHANGE_CONNECTOR",
        "function_confidence": "HIGH",
        "direction": "WB",
        "from_road": "I-595",
        "to_road": "I-95",
        "road_inference_basis": "INTERCHANGE_GROUP",
        "elevated": false,
        "structure_type": "AT_GRADE_OR_UNKNOWN",
        "structure_confidence": "LOW",
        "interchange": "I95",
        "cesium_category": "INTERCHANGE_CONNECTOR",
        "review_note": "Function is topology-derived. Structure type is inferred from OSM bridge/layer tags; FLYOVER/OVERPASS distinctions should be verified against imagery or FDOT plans."
      },
      "geometry": {
        "type": "LineString",
        "coordinates": [
          [
            -80.1637437,
            26.0817003
          ],
          [
            -80.1639446,
            26.0817753
          ],
          [
            -80.1649436,
            26.0819497
          ],
          [
            -80.1656611,
            26.0820752
          ],
          [
            -80.1659927,
            26.0821454
          ],
          [
            -80.1664622,
            26.0823371
          ],
          [
            -80.1668363,
            26.082561
          ],
          [
            -80.1670754,
            26.0827767
          ],
          [
            -80.1672742,
            26.0830056
          ],
          [
            -80.167463,
            26.0832908
          ],
          [
            -80.1676261,
            26.08363
          ],
          [
            -80.1677067,
            26.0839241
          ],
          [
            -80.1677277,
            26.0840261
          ],
          [
            -80.1677433,
            26.0841256
          ],
          [
            -80.167755,
            26.0842303
          ],
          [
            -80.1677635,
            26.0843527
          ],
          [
            -80.1677667,
            26.0844687
          ],
          [
            -80.1677689,
            26.0846149
          ],
          [
            -80.1677696,
            26.0847641
          ],
          [
            -80.16776,
            26.0851008
          ]
        ]
      }
    },
    {
      "type": "Feature",
      "properties": {
        "@id": "way/1445521102",
        "destination:ref": "I 595 East",
        "highway": "motorway_link",
        "lanes": "1",
        "oneway": "yes",
        "toll": "yes",
        "corridor": "I-595",
        "road_type": "RAMP_CONNECTOR",
        "interchange_group": "FLORIDAS_TURNPIKE",
        "movement_type": "ENTRY_TO_I595",
        "connected_facility": "I595_GP_EB",
        "validation": "TOPOLOGY_CONFIRMED",
        "validation_rule": "Directed OSM motorway_link chain starts from or ends at I-595 EB/WB mainline",
        "osm_way_id": "way/1445521102",
        "source": "OpenStreetMap / Overpass",
        "asset_type": "RAMP",
        "ramp_type": "INTERCHANGE_CONNECTOR",
        "function_confidence": "HIGH",
        "direction": "EB",
        "from_road": "Florida's Turnpike",
        "to_road": "I-595",
        "road_inference_basis": "INTERCHANGE_GROUP",
        "elevated": false,
        "structure_type": "AT_GRADE_OR_UNKNOWN",
        "structure_confidence": "LOW",
        "interchange": "FLORIDAS_TURNPIKE",
        "cesium_category": "INTERCHANGE_CONNECTOR",
        "review_note": "Function is topology-derived. Structure type is inferred from OSM bridge/layer tags; FLYOVER/OVERPASS distinctions should be verified against imagery or FDOT plans."
      },
      "geometry": {
        "type": "LineString",
        "coordinates": [
          [
            -80.202572,
            26.0845314
          ],
          [
            -80.2025209,
            26.0845258
          ],
          [
            -80.2023528,
            26.0845007
          ],
          [
            -80.2019635,
            26.0844336
          ],
          [
            -80.201425,
            26.0843374
          ],
          [
            -80.200228,
            26.0841275
          ],
          [
            -80.1993828,
            26.0840832
          ]
        ]
      }
    },
    {
      "type": "Feature",
      "properties": {
        "@id": "way/1449504883",
        "destination": "I 75;Turnpike",
        "destination:ref": "I 595 West",
        "highway": "motorway_link",
        "hov": "designated",
        "hov:minimum": "3",
        "lanes": "1",
        "oneway": "yes",
        "surface": "asphalt",
        "toll": "yes",
        "toll:bus": "no",
        "toll:hov": "no",
        "toll:motorcycle": "no",
        "corridor": "I-595",
        "road_type": "RAMP_CONNECTOR",
        "interchange_group": "FLORIDAS_TURNPIKE",
        "movement_type": "INBOUND_CONNECTOR_CHAIN",
        "connected_facility": "I595_NETWORK",
        "validation": "TOPOLOGY_CONFIRMED",
        "validation_rule": "Directed OSM motorway_link chain starts from or ends at I-595 EB/WB mainline",
        "osm_way_id": "way/1449504883",
        "source": "OpenStreetMap / Overpass",
        "asset_type": "RAMP",
        "ramp_type": "INTERCHANGE_CONNECTOR",
        "function_confidence": "MEDIUM",
        "direction": "NB",
        "from_road": "I-75",
        "to_road": "I-595 network",
        "road_inference_basis": "TAG",
        "elevated": false,
        "structure_type": "AT_GRADE_OR_UNKNOWN",
        "structure_confidence": "LOW",
        "interchange": "FLORIDAS_TURNPIKE",
        "cesium_category": "INTERCHANGE_CONNECTOR",
        "review_note": "Function is topology-derived. Structure type is inferred from OSM bridge/layer tags; FLYOVER/OVERPASS distinctions should be verified against imagery or FDOT plans."
      },
      "geometry": {
        "type": "LineString",
        "coordinates": [
          [
            -80.1680268,
            26.0754631
          ],
          [
            -80.1683016,
            26.0762849
          ],
          [
            -80.1684825,
            26.0769768
          ],
          [
            -80.1686004,
            26.0775809
          ],
          [
            -80.1687206,
            26.0781965
          ],
          [
            -80.1687613,
            26.0789464
          ],
          [
            -80.1687815,
            26.0796667
          ],
          [
            -80.1687737,
            26.0804198
          ],
          [
            -80.1688616,
            26.0808398
          ],
          [
            -80.1688971,
            26.08107
          ]
        ]
      }
    },
    {
      "type": "Feature",
      "properties": {
        "@id": "way/1449504884",
        "destination": "I 75;Turnpike",
        "destination:ref": "I 595 West",
        "highway": "motorway_link",
        "hov": "designated",
        "hov:minimum": "3",
        "lanes": "1",
        "oneway": "yes",
        "toll": "yes",
        "toll:bus": "no",
        "toll:hov": "no",
        "toll:motorcycle": "no",
        "corridor": "I-595",
        "road_type": "RAMP_CONNECTOR",
        "interchange_group": "FLORIDAS_TURNPIKE",
        "movement_type": "ENTRY_TO_I595",
        "connected_facility": "I595_GP_WB",
        "validation": "TOPOLOGY_CONFIRMED",
        "validation_rule": "Directed OSM motorway_link chain starts from or ends at I-595 EB/WB mainline",
        "osm_way_id": "way/1449504884",
        "source": "OpenStreetMap / Overpass",
        "asset_type": "RAMP",
        "ramp_type": "INTERCHANGE_CONNECTOR",
        "function_confidence": "HIGH",
        "direction": "WB",
        "from_road": "I-75",
        "to_road": "I-595",
        "road_inference_basis": "TAG",
        "elevated": false,
        "structure_type": "AT_GRADE_OR_UNKNOWN",
        "structure_confidence": "LOW",
        "interchange": "FLORIDAS_TURNPIKE",
        "cesium_category": "INTERCHANGE_CONNECTOR",
        "review_note": "Function is topology-derived. Structure type is inferred from OSM bridge/layer tags; FLYOVER/OVERPASS distinctions should be verified against imagery or FDOT plans."
      },
      "geometry": {
        "type": "LineString",
        "coordinates": [
          [
            -80.1712442,
            26.0824887
          ],
          [
            -80.1718578,
            26.0825915
          ],
          [
            -80.1724747,
            26.0826951
          ],
          [
            -80.1736008,
            26.0829194
          ],
          [
            -80.1750641,
            26.0831448
          ],
          [
            -80.1752607,
            26.0832091
          ]
        ]
      }
    },
    {
      "type": "Feature",
      "properties": {
        "@id": "way/1449504885",
        "bridge": "yes",
        "destination": "I 75;Turnpike",
        "destination:ref": "I 595 West",
        "highway": "motorway_link",
        "hov": "designated",
        "hov:minimum": "3",
        "lanes": "1",
        "layer": "2",
        "oneway": "yes",
        "toll": "yes",
        "toll:bus": "no",
        "toll:hov": "no",
        "toll:motorcycle": "no",
        "corridor": "I-595",
        "road_type": "RAMP_CONNECTOR",
        "interchange_group": "FLORIDAS_TURNPIKE",
        "movement_type": "INBOUND_CONNECTOR_CHAIN",
        "connected_facility": "I595_NETWORK",
        "validation": "TOPOLOGY_CONFIRMED",
        "validation_rule": "Directed OSM motorway_link chain starts from or ends at I-595 EB/WB mainline",
        "osm_way_id": "way/1449504885",
        "source": "OpenStreetMap / Overpass",
        "asset_type": "RAMP",
        "ramp_type": "INTERCHANGE_CONNECTOR",
        "function_confidence": "MEDIUM",
        "direction": "WB",
        "from_road": "I-75",
        "to_road": "I-595 network",
        "road_inference_basis": "TAG",
        "elevated": true,
        "structure_type": "FLYOVER_OR_OVERPASS",
        "structure_confidence": "HIGH",
        "interchange": "FLORIDAS_TURNPIKE",
        "cesium_category": "INTERCHANGE_CONNECTOR",
        "review_note": "Function is topology-derived. Structure type is inferred from OSM bridge/layer tags; FLYOVER/OVERPASS distinctions should be verified against imagery or FDOT plans."
      },
      "geometry": {
        "type": "LineString",
        "coordinates": [
          [
            -80.1688971,
            26.08107
          ],
          [
            -80.1689669,
            26.0812154
          ],
          [
            -80.1690834,
            26.0814003
          ],
          [
            -80.1692782,
            26.0816799
          ],
          [
            -80.1695555,
            26.0819433
          ],
          [
            -80.1699678,
            26.0821957
          ],
          [
            -80.1702122,
            26.0822922
          ],
          [
            -80.1703376,
            26.0823332
          ],
          [
            -80.1704659,
            26.0823667
          ],
          [
            -80.1712442,
            26.0824887
          ]
        ]
      }
    },
    {
      "type": "Feature",
      "properties": {
        "@id": "way/1453444628",
        "bridge": "yes",
        "destination": "I 75;Turnpike",
        "destination:ref": "I 595 West",
        "highway": "motorway_link",
        "hov": "designated",
        "hov:minimum": "3",
        "layer": "1",
        "oneway": "yes",
        "toll": "yes",
        "toll:bus": "no",
        "toll:hov": "no",
        "toll:motorcycle": "no",
        "corridor": "I-595",
        "road_type": "RAMP_CONNECTOR",
        "interchange_group": "FLORIDAS_TURNPIKE",
        "movement_type": "ENTRY_TO_I595",
        "connected_facility": "I595_GP_WB",
        "validation": "TOPOLOGY_CONFIRMED",
        "validation_rule": "Directed OSM motorway_link chain starts from or ends at I-595 EB/WB mainline",
        "osm_way_id": "way/1453444628",
        "source": "OpenStreetMap / Overpass",
        "asset_type": "RAMP",
        "ramp_type": "INTERCHANGE_CONNECTOR",
        "function_confidence": "HIGH",
        "direction": "WB",
        "from_road": "I-75",
        "to_road": "I-595",
        "road_inference_basis": "TAG",
        "elevated": true,
        "structure_type": "FLYOVER_OR_OVERPASS",
        "structure_confidence": "HIGH",
        "interchange": "FLORIDAS_TURNPIKE",
        "cesium_category": "INTERCHANGE_CONNECTOR",
        "review_note": "Function is topology-derived. Structure type is inferred from OSM bridge/layer tags; FLYOVER/OVERPASS distinctions should be verified against imagery or FDOT plans."
      },
      "geometry": {
        "type": "LineString",
        "coordinates": [
          [
            -80.1686127,
            26.0845751
          ],
          [
            -80.1687084,
            26.084347
          ],
          [
            -80.1688275,
            26.0841566
          ],
          [
            -80.1690456,
            26.0839097
          ],
          [
            -80.1694009,
            26.0836544
          ],
          [
            -80.1697998,
            26.0834355
          ],
          [
            -80.1702713,
            26.0832974
          ],
          [
            -80.1707186,
            26.0832164
          ],
          [
            -80.1720494,
            26.083158
          ],
          [
            -80.1737464,
            26.0830591
          ],
          [
            -80.1747841,
            26.0830533
          ],
          [
            -80.1755715,
            26.0831061
          ],
          [
            -80.175889,
            26.0831439
          ],
          [
            -80.1765219,
            26.0832144
          ],
          [
            -80.1797873,
            26.0835864
          ],
          [
            -80.1800179,
            26.0836849
          ]
        ]
      }
    },
    {
      "type": "Feature",
      "properties": {
        "@id": "way/1453444629",
        "destination": "I 75;Turnpike",
        "destination:ref": "I 595 West",
        "highway": "motorway_link",
        "hov": "designated",
        "hov:minimum": "3",
        "oneway": "yes",
        "toll": "yes",
        "toll:bus": "no",
        "toll:hov": "no",
        "toll:motorcycle": "no",
        "corridor": "I-595",
        "road_type": "RAMP_CONNECTOR",
        "interchange_group": "FLORIDAS_TURNPIKE",
        "movement_type": "INBOUND_CONNECTOR_CHAIN",
        "connected_facility": "I595_NETWORK",
        "validation": "TOPOLOGY_CONFIRMED",
        "validation_rule": "Directed OSM motorway_link chain starts from or ends at I-595 EB/WB mainline",
        "osm_way_id": "way/1453444629",
        "source": "OpenStreetMap / Overpass",
        "asset_type": "RAMP",
        "ramp_type": "INTERCHANGE_CONNECTOR",
        "function_confidence": "MEDIUM",
        "direction": "SB",
        "from_road": "I-75",
        "to_road": "I-595 network",
        "road_inference_basis": "TAG",
        "elevated": false,
        "structure_type": "AT_GRADE_OR_UNKNOWN",
        "structure_confidence": "LOW",
        "interchange": "FLORIDAS_TURNPIKE",
        "cesium_category": "INTERCHANGE_CONNECTOR",
        "review_note": "Function is topology-derived. Structure type is inferred from OSM bridge/layer tags; FLYOVER/OVERPASS distinctions should be verified against imagery or FDOT plans."
      },
      "geometry": {
        "type": "LineString",
        "coordinates": [
          [
            -80.1684905,
            26.0881483
          ],
          [
            -80.1684445,
            26.0880094
          ],
          [
            -80.1684907,
            26.086617
          ],
          [
            -80.1685616,
            26.0851586
          ],
          [
            -80.1686127,
            26.0845751
          ]
        ]
      }
    },
    {
      "type": "Feature",
      "properties": {
        "@id": "way/1460854049",
        "bridge": "yes",
        "highway": "motorway_link",
        "layer": "1",
        "oneway": "yes",
        "toll": "yes",
        "corridor": "I-595",
        "road_type": "RAMP_CONNECTOR",
        "interchange_group": "SR7_US441",
        "movement_type": "EXIT_FROM_I595",
        "connected_facility": "I595_GP_EB",
        "validation": "TOPOLOGY_CONFIRMED",
        "validation_rule": "Directed OSM motorway_link chain starts from or ends at I-595 EB/WB mainline",
        "osm_way_id": "way/1460854049",
        "source": "OpenStreetMap / Overpass",
        "asset_type": "RAMP",
        "ramp_type": "EXIT_RAMP",
        "function_confidence": "HIGH",
        "direction": "EB",
        "from_road": "I-595",
        "to_road": "US-441 / SR-7",
        "road_inference_basis": "INTERCHANGE_GROUP",
        "elevated": true,
        "structure_type": "FLYOVER_OR_OVERPASS",
        "structure_confidence": "HIGH",
        "interchange": "SR7_US441",
        "cesium_category": "EXIT_RAMP",
        "review_note": "Function is topology-derived. Structure type is inferred from OSM bridge/layer tags; FLYOVER/OVERPASS distinctions should be verified against imagery or FDOT plans."
      },
      "geometry": {
        "type": "LineString",
        "coordinates": [
          [
            -80.179821,
            26.0833499
          ],
          [
            -80.1794355,
            26.0833839
          ],
          [
            -80.1776205,
            26.0831779
          ]
        ]
      }
    },
    {
      "type": "Feature",
      "properties": {
        "@id": "way/1460854050",
        "highway": "motorway_link",
        "hov": "designated",
        "hov:minimum": "3",
        "oneway": "yes",
        "toll": "yes",
        "toll:bus": "no",
        "toll:hov": "no",
        "toll:motorcycle": "no",
        "corridor": "I-595",
        "road_type": "RAMP_CONNECTOR",
        "interchange_group": "SR7_US441",
        "movement_type": "OUTBOUND_CONNECTOR_CHAIN",
        "connected_facility": "I595_NETWORK",
        "validation": "TOPOLOGY_CONFIRMED",
        "validation_rule": "Directed OSM motorway_link chain starts from or ends at I-595 EB/WB mainline",
        "osm_way_id": "way/1460854050",
        "source": "OpenStreetMap / Overpass",
        "asset_type": "RAMP",
        "ramp_type": "INTERCHANGE_RAMP",
        "function_confidence": "MEDIUM",
        "direction": "EB",
        "from_road": "I-595 network",
        "to_road": "US-441 / SR-7",
        "road_inference_basis": "INTERCHANGE_GROUP",
        "elevated": false,
        "structure_type": "AT_GRADE_OR_UNKNOWN",
        "structure_confidence": "LOW",
        "interchange": "SR7_US441",
        "cesium_category": "INTERCHANGE_RAMP",
        "review_note": "Function is topology-derived. Structure type is inferred from OSM bridge/layer tags; FLYOVER/OVERPASS distinctions should be verified against imagery or FDOT plans."
      },
      "geometry": {
        "type": "LineString",
        "coordinates": [
          [
            -80.1760233,
            26.0830333
          ],
          [
            -80.1734038,
            26.0827731
          ]
        ]
      }
    },
    {
      "type": "Feature",
      "properties": {
        "@id": "way/1460854051",
        "highway": "motorway_link",
        "hov": "designated",
        "hov:minimum": "3",
        "oneway": "yes",
        "toll": "yes",
        "toll:bus": "no",
        "toll:hov": "no",
        "toll:motorcycle": "no",
        "corridor": "I-595",
        "road_type": "RAMP_CONNECTOR",
        "interchange_group": "SR7_US441",
        "movement_type": "OUTBOUND_CONNECTOR_CHAIN",
        "connected_facility": "I595_NETWORK",
        "validation": "TOPOLOGY_CONFIRMED",
        "validation_rule": "Directed OSM motorway_link chain starts from or ends at I-595 EB/WB mainline",
        "osm_way_id": "way/1460854051",
        "source": "OpenStreetMap / Overpass",
        "asset_type": "RAMP",
        "ramp_type": "INTERCHANGE_RAMP",
        "function_confidence": "MEDIUM",
        "direction": "SB",
        "from_road": "I-595 network",
        "to_road": "US-441 / SR-7",
        "road_inference_basis": "INTERCHANGE_GROUP",
        "elevated": false,
        "structure_type": "AT_GRADE_OR_UNKNOWN",
        "structure_confidence": "LOW",
        "interchange": "SR7_US441",
        "cesium_category": "INTERCHANGE_RAMP",
        "review_note": "Function is topology-derived. Structure type is inferred from OSM bridge/layer tags; FLYOVER/OVERPASS distinctions should be verified against imagery or FDOT plans."
      },
      "geometry": {
        "type": "LineString",
        "coordinates": [
          [
            -80.1689322,
            26.0808622
          ],
          [
            -80.1689073,
            26.0807378
          ],
          [
            -80.1688745,
            26.0803881
          ],
          [
            -80.1688765,
            26.0795681
          ],
          [
            -80.1688543,
            26.0788379
          ],
          [
            -80.1687972,
            26.0782716
          ],
          [
            -80.168667,
            26.077357
          ],
          [
            -80.1684705,
            26.076437
          ],
          [
            -80.1682995,
            26.0757906
          ],
          [
            -80.1680795,
            26.0751531
          ],
          [
            -80.1680609,
            26.0748961
          ]
        ]
      }
    },
    {
      "type": "Feature",
      "properties": {
        "@id": "way/1460854053",
        "bridge": "yes",
        "highway": "motorway_link",
        "hov": "designated",
        "hov:minimum": "3",
        "layer": "3",
        "oneway": "yes",
        "toll": "yes",
        "toll:bus": "no",
        "toll:hov": "no",
        "toll:motorcycle": "no",
        "corridor": "I-595",
        "road_type": "RAMP_CONNECTOR",
        "interchange_group": "SR7_US441",
        "movement_type": "OUTBOUND_CONNECTOR_CHAIN",
        "connected_facility": "I595_NETWORK",
        "validation": "TOPOLOGY_CONFIRMED",
        "validation_rule": "Directed OSM motorway_link chain starts from or ends at I-595 EB/WB mainline",
        "osm_way_id": "way/1460854053",
        "source": "OpenStreetMap / Overpass",
        "asset_type": "RAMP",
        "ramp_type": "INTERCHANGE_RAMP",
        "function_confidence": "MEDIUM",
        "direction": "EB",
        "from_road": "I-595 network",
        "to_road": "US-441 / SR-7",
        "road_inference_basis": "INTERCHANGE_GROUP",
        "elevated": true,
        "structure_type": "FLYOVER_OR_OVERPASS",
        "structure_confidence": "HIGH",
        "interchange": "SR7_US441",
        "cesium_category": "INTERCHANGE_RAMP",
        "review_note": "Function is topology-derived. Structure type is inferred from OSM bridge/layer tags; FLYOVER/OVERPASS distinctions should be verified against imagery or FDOT plans."
      },
      "geometry": {
        "type": "LineString",
        "coordinates": [
          [
            -80.1734038,
            26.0827731
          ],
          [
            -80.1727536,
            26.0827024
          ],
          [
            -80.1724452,
            26.0826879
          ],
          [
            -80.1721288,
            26.0827002
          ],
          [
            -80.1718658,
            26.0827433
          ],
          [
            -80.1716198,
            26.0827948
          ],
          [
            -80.17124,
            26.0829126
          ],
          [
            -80.1708241,
            26.0831595
          ],
          [
            -80.1704758,
            26.0833558
          ],
          [
            -80.1699681,
            26.0836803
          ],
          [
            -80.1696137,
            26.0839589
          ],
          [
            -80.1691645,
            26.0843985
          ],
          [
            -80.16886,
            26.084818
          ],
          [
            -80.1686686,
            26.0851728
          ],
          [
            -80.1685322,
            26.0855842
          ]
        ]
      }
    },
    {
      "type": "Feature",
      "properties": {
        "@id": "way/1460854054",
        "highway": "motorway_link",
        "hov": "designated",
        "hov:minimum": "3",
        "oneway": "yes",
        "toll": "yes",
        "toll:bus": "no",
        "toll:hov": "no",
        "toll:motorcycle": "no",
        "corridor": "I-595",
        "road_type": "RAMP_CONNECTOR",
        "interchange_group": "SR7_US441",
        "movement_type": "OUTBOUND_CONNECTOR_CHAIN",
        "connected_facility": "I595_NETWORK",
        "validation": "TOPOLOGY_CONFIRMED",
        "validation_rule": "Directed OSM motorway_link chain starts from or ends at I-595 EB/WB mainline",
        "osm_way_id": "way/1460854054",
        "source": "OpenStreetMap / Overpass",
        "asset_type": "RAMP",
        "ramp_type": "INTERCHANGE_RAMP",
        "function_confidence": "MEDIUM",
        "direction": "EB",
        "from_road": "I-595 network",
        "to_road": "US-441 / SR-7",
        "road_inference_basis": "INTERCHANGE_GROUP",
        "elevated": false,
        "structure_type": "AT_GRADE_OR_UNKNOWN",
        "structure_confidence": "LOW",
        "interchange": "SR7_US441",
        "cesium_category": "INTERCHANGE_RAMP",
        "review_note": "Function is topology-derived. Structure type is inferred from OSM bridge/layer tags; FLYOVER/OVERPASS distinctions should be verified against imagery or FDOT plans."
      },
      "geometry": {
        "type": "LineString",
        "coordinates": [
          [
            -80.1760238,
            26.082938
          ],
          [
            -80.171269,
            26.0824134
          ]
        ]
      }
    },
    {
      "type": "Feature",
      "properties": {
        "@id": "way/1460854055",
        "bridge": "yes",
        "highway": "motorway_link",
        "hov": "designated",
        "hov:minimum": "3",
        "layer": "2",
        "oneway": "yes",
        "toll": "yes",
        "toll:bus": "no",
        "toll:hov": "no",
        "toll:motorcycle": "no",
        "corridor": "I-595",
        "road_type": "RAMP_CONNECTOR",
        "interchange_group": "SR7_US441",
        "movement_type": "OUTBOUND_CONNECTOR_CHAIN",
        "connected_facility": "I595_NETWORK",
        "validation": "TOPOLOGY_CONFIRMED",
        "validation_rule": "Directed OSM motorway_link chain starts from or ends at I-595 EB/WB mainline",
        "osm_way_id": "way/1460854055",
        "source": "OpenStreetMap / Overpass",
        "asset_type": "RAMP",
        "ramp_type": "INTERCHANGE_RAMP",
        "function_confidence": "MEDIUM",
        "direction": "EB",
        "from_road": "I-595 network",
        "to_road": "US-441 / SR-7",
        "road_inference_basis": "INTERCHANGE_GROUP",
        "elevated": true,
        "structure_type": "FLYOVER_OR_OVERPASS",
        "structure_confidence": "HIGH",
        "interchange": "SR7_US441",
        "cesium_category": "INTERCHANGE_RAMP",
        "review_note": "Function is topology-derived. Structure type is inferred from OSM bridge/layer tags; FLYOVER/OVERPASS distinctions should be verified against imagery or FDOT plans."
      },
      "geometry": {
        "type": "LineString",
        "coordinates": [
          [
            -80.171269,
            26.0824134
          ],
          [
            -80.1710821,
            26.0823918
          ],
          [
            -80.1704778,
            26.0822829
          ],
          [
            -80.1700162,
            26.082116
          ],
          [
            -80.1695731,
            26.0817879
          ],
          [
            -80.1693267,
            26.0815387
          ],
          [
            -80.1691278,
            26.0812142
          ],
          [
            -80.1689322,
            26.0808622
          ]
        ]
      }
    },
    {
      "type": "Feature",
      "properties": {
        "@id": "way/1460854056",
        "bridge": "yes",
        "highway": "motorway_link",
        "hov": "designated",
        "hov:minimum": "3",
        "layer": "1",
        "oneway": "yes",
        "toll": "yes",
        "toll:bus": "no",
        "toll:hov": "no",
        "toll:motorcycle": "no",
        "corridor": "I-595",
        "road_type": "RAMP_CONNECTOR",
        "interchange_group": "SR7_US441",
        "movement_type": "OUTBOUND_CONNECTOR_CHAIN",
        "connected_facility": "I595_NETWORK",
        "validation": "TOPOLOGY_CONFIRMED",
        "validation_rule": "Directed OSM motorway_link chain starts from or ends at I-595 EB/WB mainline",
        "osm_way_id": "way/1460854056",
        "source": "OpenStreetMap / Overpass",
        "asset_type": "RAMP",
        "ramp_type": "INTERCHANGE_RAMP",
        "function_confidence": "MEDIUM",
        "direction": "EB",
        "from_road": "I-595 network",
        "to_road": "US-441 / SR-7",
        "road_inference_basis": "INTERCHANGE_GROUP",
        "elevated": true,
        "structure_type": "FLYOVER_OR_OVERPASS",
        "structure_confidence": "HIGH",
        "interchange": "SR7_US441",
        "cesium_category": "INTERCHANGE_RAMP",
        "review_note": "Function is topology-derived. Structure type is inferred from OSM bridge/layer tags; FLYOVER/OVERPASS distinctions should be verified against imagery or FDOT plans."
      },
      "geometry": {
        "type": "LineString",
        "coordinates": [
          [
            -80.1776205,
            26.0831779
          ],
          [
            -80.1772678,
            26.0831649
          ],
          [
            -80.1760233,
            26.0830333
          ]
        ]
      }
    },
    {
      "type": "Feature",
      "properties": {
        "@id": "way/1460854057",
        "bridge": "yes",
        "highway": "motorway_link",
        "hov": "designated",
        "hov:minimum": "3",
        "layer": "1",
        "oneway": "yes",
        "toll": "yes",
        "toll:bus": "no",
        "toll:hov": "no",
        "toll:motorcycle": "no",
        "corridor": "I-595",
        "road_type": "RAMP_CONNECTOR",
        "interchange_group": "SR7_US441",
        "movement_type": "OUTBOUND_CONNECTOR_CHAIN",
        "connected_facility": "I595_NETWORK",
        "validation": "TOPOLOGY_CONFIRMED",
        "validation_rule": "Directed OSM motorway_link chain starts from or ends at I-595 EB/WB mainline",
        "osm_way_id": "way/1460854057",
        "source": "OpenStreetMap / Overpass",
        "asset_type": "RAMP",
        "ramp_type": "INTERCHANGE_RAMP",
        "function_confidence": "MEDIUM",
        "direction": "EB",
        "from_road": "I-595 network",
        "to_road": "US-441 / SR-7",
        "road_inference_basis": "INTERCHANGE_GROUP",
        "elevated": true,
        "structure_type": "FLYOVER_OR_OVERPASS",
        "structure_confidence": "HIGH",
        "interchange": "SR7_US441",
        "cesium_category": "INTERCHANGE_RAMP",
        "review_note": "Function is topology-derived. Structure type is inferred from OSM bridge/layer tags; FLYOVER/OVERPASS distinctions should be verified against imagery or FDOT plans."
      },
      "geometry": {
        "type": "LineString",
        "coordinates": [
          [
            -80.1776205,
            26.0831779
          ],
          [
            -80.1772732,
            26.0830878
          ],
          [
            -80.1760238,
            26.082938
          ]
        ]
      }
    },
    {
      "type": "Feature",
      "properties": {
        "@id": "way/1549989566",
        "destination:ref": "I 595 East",
        "highway": "motorway_link",
        "lanes": "2",
        "layer": "1",
        "lit": "no",
        "oneway": "yes",
        "surface": "concrete",
        "toll": "no",
        "turn:lanes": "merge_to_right|none",
        "corridor": "I-595",
        "road_type": "RAMP_CONNECTOR",
        "interchange_group": "FLORIDAS_TURNPIKE",
        "movement_type": "INBOUND_CONNECTOR_CHAIN",
        "connected_facility": "I595_NETWORK",
        "validation": "TOPOLOGY_CONFIRMED",
        "validation_rule": "Directed OSM motorway_link chain starts from or ends at I-595 EB/WB mainline",
        "osm_way_id": "way/1549989566",
        "source": "OpenStreetMap / Overpass",
        "asset_type": "RAMP",
        "ramp_type": "INTERCHANGE_CONNECTOR",
        "function_confidence": "MEDIUM",
        "direction": "EB",
        "from_road": "Florida's Turnpike",
        "to_road": "I-595 network",
        "road_inference_basis": "INTERCHANGE_GROUP",
        "elevated": true,
        "structure_type": "ELEVATED_RAMP",
        "structure_confidence": "MEDIUM",
        "interchange": "FLORIDAS_TURNPIKE",
        "cesium_category": "INTERCHANGE_CONNECTOR",
        "review_note": "Function is topology-derived. Structure type is inferred from OSM bridge/layer tags; FLYOVER/OVERPASS distinctions should be verified against imagery or FDOT plans."
      },
      "geometry": {
        "type": "LineString",
        "coordinates": [
          [
            -80.1991419,
            26.0831299
          ],
          [
            -80.1988673,
            26.0831122
          ],
          [
            -80.1985833,
            26.0830994
          ]
        ]
      }
    },
    {
      "type": "Feature",
      "properties": {
        "@id": "way/1549989567",
        "bridge": "yes",
        "destination:ref": "I 595 East",
        "highway": "motorway_link",
        "lanes": "1",
        "layer": "1",
        "oneway": "yes",
        "toll": "yes",
        "corridor": "I-595",
        "road_type": "RAMP_CONNECTOR",
        "interchange_group": "FLORIDAS_TURNPIKE",
        "movement_type": "INBOUND_CONNECTOR_CHAIN",
        "connected_facility": "I595_NETWORK",
        "validation": "TOPOLOGY_CONFIRMED",
        "validation_rule": "Directed OSM motorway_link chain starts from or ends at I-595 EB/WB mainline",
        "osm_way_id": "way/1549989567",
        "source": "OpenStreetMap / Overpass",
        "asset_type": "RAMP",
        "ramp_type": "INTERCHANGE_CONNECTOR",
        "function_confidence": "MEDIUM",
        "direction": "EB",
        "from_road": "Florida's Turnpike",
        "to_road": "I-595 network",
        "road_inference_basis": "INTERCHANGE_GROUP",
        "elevated": true,
        "structure_type": "FLYOVER_OR_OVERPASS",
        "structure_confidence": "HIGH",
        "interchange": "FLORIDAS_TURNPIKE",
        "cesium_category": "INTERCHANGE_CONNECTOR",
        "review_note": "Function is topology-derived. Structure type is inferred from OSM bridge/layer tags; FLYOVER/OVERPASS distinctions should be verified against imagery or FDOT plans."
      },
      "geometry": {
        "type": "LineString",
        "coordinates": [
          [
            -80.2027315,
            26.0845476
          ],
          [
            -80.202572,
            26.0845314
          ]
        ]
      }
    }
  ]
}