{
  "type": "FeatureCollection",
  "name": "SR 84 I-595 frontage roads",
  "metadata": {
    "corridor": "I-595",
    "road": "SR 84",
    "facility": "frontage_road",
    "feature_count": 185,
    "source": "OpenStreetMap / Overpass",
    "crs": "EPSG:4326"
  },
  "features": [
    {
      "type": "Feature",
      "properties": {
        "@id": "way/41452766",
        "HFCS": "Minor Arterial",
        "foot": "no",
        "hgv": "yes",
        "highway": "primary",
        "lanes": "2",
        "maxspeed": "50 mph",
        "name": "Marina Mile Boulevard",
        "oneway": "yes",
        "ref": "SR 84",
        "sidewalk": "no",
        "source:maxspeed": "FDOT \"Maximum Speed Limits\" GIS data, updated August 27, 2011: http://www.dot.state.fl.us/planning/statistics/gis/roaddata.shtm",
        "surface": "asphalt",
        "tiger:county": "Broward, FL",
        "corridor": "I-595",
        "road": "SR 84",
        "facility": "frontage_road",
        "direction": "EB",
        "source": "OpenStreetMap / Overpass",
        "classification_basis": "OSM one-way travel direction",
        "visualization_note": "Physical frontage-road carriageway geometry; not survey/as-built."
      },
      "geometry": {
        "type": "LineString",
        "coordinates": [
          [
            -80.1925717,
            26.0844901
          ],
          [
            -80.1907389,
            26.0845036
          ],
          [
            -80.1901346,
            26.0845136
          ],
          [
            -80.1897678,
            26.0845291
          ],
          [
            -80.1895526,
            26.0845433
          ]
        ]
      }
    },
    {
      "type": "Feature",
      "properties": {
        "@id": "way/42324648",
        "HFCS": "Minor Arterial",
        "hgv": "yes",
        "highway": "primary",
        "lanes": "2",
        "lit": "yes",
        "maxspeed": "45 mph",
        "oneway": "yes",
        "ref": "SR 84",
        "sidewalk": "no",
        "surface": "asphalt",
        "tiger:county": "Broward, FL",
        "corridor": "I-595",
        "road": "SR 84",
        "facility": "frontage_road",
        "direction": "EB",
        "source": "OpenStreetMap / Overpass",
        "classification_basis": "OSM one-way travel direction",
        "visualization_note": "Physical frontage-road carriageway geometry; not survey/as-built."
      },
      "geometry": {
        "type": "LineString",
        "coordinates": [
          [
            -80.3450338,
            26.1182833
          ],
          [
            -80.3448688,
            26.1182479
          ],
          [
            -80.3446815,
            26.1182124
          ],
          [
            -80.3443582,
            26.1181541
          ],
          [
            -80.3441092,
            26.1181149
          ],
          [
            -80.3438869,
            26.1180824
          ],
          [
            -80.3436472,
            26.118049
          ],
          [
            -80.3431483,
            26.1179861
          ]
        ]
      }
    },
    {
      "type": "Feature",
      "properties": {
        "@id": "way/42324652",
        "HFCS": "Minor Arterial",
        "bridge": "yes",
        "hgv": "yes",
        "highway": "primary",
        "lanes": "2",
        "layer": "1",
        "lit": "yes",
        "maxspeed": "45 mph",
        "oneway": "yes",
        "ref": "SR 84",
        "sidewalk": "no",
        "surface": "asphalt",
        "tiger:county": "Broward, FL",
        "corridor": "I-595",
        "road": "SR 84",
        "facility": "frontage_road",
        "direction": "EB",
        "source": "OpenStreetMap / Overpass",
        "classification_basis": "OSM one-way travel direction",
        "visualization_note": "Physical frontage-road carriageway geometry; not survey/as-built."
      },
      "geometry": {
        "type": "LineString",
        "coordinates": [
          [
            -80.3522016,
            26.1205475
          ],
          [
            -80.3511985,
            26.1201563
          ],
          [
            -80.3500305,
            26.1197238
          ],
          [
            -80.3491433,
            26.1194184
          ]
        ]
      }
    },
    {
      "type": "Feature",
      "properties": {
        "@id": "way/42359423",
        "HFCS": "Minor Arterial",
        "destination:ref": "I 595 East;SR 84 East",
        "destination:ref:lanes": "I 595 East|SR 84 East",
        "destination:symbol": "airport;harbour",
        "destination:to": "Airport;Harbour",
        "hgv": "yes",
        "highway": "primary",
        "lanes": "1",
        "lit": "no",
        "maxspeed": "45 mph",
        "oneway": "yes",
        "ref": "SR 84",
        "surface": "asphalt",
        "tiger:county": "Broward, FL",
        "toll": "no",
        "corridor": "I-595",
        "road": "SR 84",
        "facility": "frontage_road",
        "direction": "EB",
        "source": "OpenStreetMap / Overpass",
        "classification_basis": "OSM one-way travel direction",
        "visualization_note": "Physical frontage-road carriageway geometry; not survey/as-built."
      },
      "geometry": {
        "type": "LineString",
        "coordinates": [
          [
            -80.2072905,
            26.0868679
          ],
          [
            -80.2071288,
            26.0867956
          ],
          [
            -80.2070086,
            26.0867278
          ],
          [
            -80.2068333,
            26.0866279
          ],
          [
            -80.2066728,
            26.0865368
          ],
          [
            -80.2065053,
            26.0864433
          ],
          [
            -80.2063539,
            26.0863568
          ],
          [
            -80.2062173,
            26.0862745
          ],
          [
            -80.2061008,
            26.0861956
          ],
          [
            -80.205983,
            26.0861114
          ],
          [
            -80.2058838,
            26.0860279
          ],
          [
            -80.2057704,
            26.0859271
          ],
          [
            -80.2056492,
            26.0858118
          ],
          [
            -80.2055591,
            26.085722
          ],
          [
            -80.2054544,
            26.0856169
          ],
          [
            -80.205369,
            26.0855269
          ],
          [
            -80.2052641,
            26.0854159
          ],
          [
            -80.2051917,
            26.0853285
          ],
          [
            -80.2050574,
            26.0851691
          ],
          [
            -80.2049201,
            26.0850346
          ]
        ]
      }
    },
    {
      "type": "Feature",
      "properties": {
        "@id": "way/42365569",
        "HFCS": "Minor Arterial",
        "bridge": "yes",
        "hgv": "yes",
        "highway": "primary",
        "lanes": "2",
        "layer": "1",
        "lit": "no",
        "maxspeed": "45 mph",
        "oneway": "yes",
        "ref": "SR 84",
        "surface": "concrete",
        "tiger:county": "Broward, FL",
        "toll": "no",
        "corridor": "I-595",
        "road": "SR 84",
        "facility": "frontage_road",
        "direction": "EB",
        "source": "OpenStreetMap / Overpass",
        "classification_basis": "OSM one-way travel direction",
        "visualization_note": "Physical frontage-road carriageway geometry; not survey/as-built."
      },
      "geometry": {
        "type": "LineString",
        "coordinates": [
          [
            -80.2035474,
            26.0841212
          ],
          [
            -80.2031278,
            26.0840331
          ],
          [
            -80.2027579,
            26.0839599
          ]
        ]
      }
    },
    {
      "type": "Feature",
      "properties": {
        "@id": "way/47362467",
        "HFCS": "Minor Arterial",
        "hgv": "yes",
        "highway": "primary",
        "lanes": "2",
        "lit": "yes",
        "oneway": "yes",
        "ref": "SR 84",
        "sidewalk": "right",
        "surface": "asphalt",
        "tiger:county": "Broward, FL",
        "toll": "no",
        "turn:lanes": "none|merge_to_left",
        "corridor": "I-595",
        "road": "SR 84",
        "facility": "frontage_road",
        "direction": "EB",
        "source": "OpenStreetMap / Overpass",
        "classification_basis": "OSM one-way travel direction",
        "visualization_note": "Physical frontage-road carriageway geometry; not survey/as-built."
      },
      "geometry": {
        "type": "LineString",
        "coordinates": [
          [
            -80.2263935,
            26.0927916
          ],
          [
            -80.2258329,
            26.0926441
          ]
        ]
      }
    },
    {
      "type": "Feature",
      "properties": {
        "@id": "way/47656658",
        "HFCS": "Minor Arterial",
        "hgv": "yes",
        "highway": "primary",
        "lanes": "2",
        "lit": "no",
        "maxspeed": "45 mph",
        "oneway": "yes",
        "ref": "SR 84",
        "surface": "asphalt",
        "toll": "no",
        "corridor": "I-595",
        "road": "SR 84",
        "facility": "frontage_road",
        "direction": "EB",
        "source": "OpenStreetMap / Overpass",
        "classification_basis": "OSM one-way travel direction",
        "visualization_note": "Physical frontage-road carriageway geometry; not survey/as-built."
      },
      "geometry": {
        "type": "LineString",
        "coordinates": [
          [
            -80.2027579,
            26.0839599
          ],
          [
            -80.2026542,
            26.0839374
          ],
          [
            -80.2024301,
            26.0838905
          ],
          [
            -80.2023089,
            26.0838615
          ]
        ]
      }
    },
    {
      "type": "Feature",
      "properties": {
        "@id": "way/47656659",
        "HFCS": "Minor Arterial",
        "destination:ref": "SR 84 East",
        "hgv": "yes",
        "highway": "primary",
        "lanes": "2",
        "lit": "no",
        "maxspeed": "45 mph",
        "oneway": "yes",
        "ref": "SR 84",
        "surface": "asphalt",
        "toll": "no",
        "turn:lanes": "none|merge_to_leftc",
        "corridor": "I-595",
        "road": "SR 84",
        "facility": "frontage_road",
        "direction": "EB",
        "source": "OpenStreetMap / Overpass",
        "classification_basis": "OSM one-way travel direction",
        "visualization_note": "Physical frontage-road carriageway geometry; not survey/as-built."
      },
      "geometry": {
        "type": "LineString",
        "coordinates": [
          [
            -80.1999434,
            26.0834307
          ],
          [
            -80.1997962,
            26.0833997
          ],
          [
            -80.1996909,
            26.0833814
          ],
          [
            -80.1995911,
            26.0833683
          ],
          [
            -80.1994966,
            26.0833595
          ],
          [
            -80.1993876,
            26.0833521
          ],
          [
            -80.1992757,
            26.0833501
          ],
          [
            -80.1991361,
            26.0833523
          ],
          [
            -80.199007,
            26.0833587
          ],
          [
            -80.1988563,
            26.0833746
          ],
          [
            -80.1986857,
            26.0833987
          ],
          [
            -80.1985563,
            26.0834257
          ],
          [
            -80.1983945,
            26.0834655
          ],
          [
            -80.1982511,
            26.0835041
          ],
          [
            -80.1980623,
            26.0835666
          ],
          [
            -80.1978988,
            26.0836229
          ],
          [
            -80.1974409,
            26.0837839
          ]
        ]
      }
    },
    {
      "type": "Feature",
      "properties": {
        "@id": "way/83145969",
        "HFCS": "Minor Arterial",
        "hgv": "yes",
        "highway": "primary",
        "lanes": "2",
        "maxspeed": "35 mph",
        "name": "Marina Mile Boulevard",
        "old_ref:1945": "84",
        "oneway": "yes",
        "ref": "SR 84",
        "sidewalk:both": "no",
        "source:maxspeed": "FDOT \"Maximum Speed Limits\" GIS data, updated August 27, 2011: http://www.dot.state.fl.us/planning/statistics/gis/roaddata.shtm",
        "surface": "asphalt",
        "tiger:county": "Broward, FL",
        "corridor": "I-595",
        "road": "SR 84",
        "facility": "frontage_road",
        "direction": "EB",
        "source": "OpenStreetMap / Overpass",
        "classification_basis": "OSM one-way travel direction",
        "visualization_note": "Physical frontage-road carriageway geometry; not survey/as-built."
      },
      "geometry": {
        "type": "LineString",
        "coordinates": [
          [
            -80.1836924,
            26.085193
          ],
          [
            -80.1825129,
            26.0853069
          ]
        ]
      }
    },
    {
      "type": "Feature",
      "properties": {
        "@id": "way/83145970",
        "HFCS": "Minor Arterial",
        "access": "yes",
        "bridge": "yes",
        "foot": "no",
        "hgv": "yes",
        "highway": "primary",
        "lanes": "2",
        "layer": "1",
        "maxspeed": "35 mph",
        "name": "Marina Mile Boulevard",
        "oneway": "yes",
        "ref": "SR 84",
        "sidewalk": "no",
        "source:maxspeed": "FDOT \"Maximum Speed Limits\" GIS data, updated August 27, 2011: http://www.dot.state.fl.us/planning/statistics/gis/roaddata.shtm",
        "surface": "concrete",
        "tiger:county": "Broward, FL",
        "corridor": "I-595",
        "road": "SR 84",
        "facility": "frontage_road",
        "direction": "EB",
        "source": "OpenStreetMap / Overpass",
        "classification_basis": "OSM one-way travel direction",
        "visualization_note": "Physical frontage-road carriageway geometry; not survey/as-built."
      },
      "geometry": {
        "type": "LineString",
        "coordinates": [
          [
            -80.1844099,
            26.0851087
          ],
          [
            -80.1836924,
            26.085193
          ]
        ]
      }
    },
    {
      "type": "Feature",
      "properties": {
        "@id": "way/86495270",
        "HFCS": "Minor Arterial",
        "cycleway": "lane",
        "hgv": "yes",
        "highway": "primary",
        "lanes": "3",
        "lit": "yes",
        "maxspeed": "50 mph",
        "oneway": "yes",
        "ref": "SR 84",
        "sidewalk:left": "no",
        "sidewalk:right": "separate",
        "source:maxspeed": "FDOT \"Maximum Speed Limits\" GIS data, updated August 27, 2011: http://www.dot.state.fl.us/planning/statistics/gis/roaddata.shtm",
        "surface": "asphalt",
        "tiger:county": "Broward, FL",
        "turn:lanes": "left;through|through;right|right",
        "corridor": "I-595",
        "road": "SR 84",
        "facility": "frontage_road",
        "direction": "EB",
        "source": "OpenStreetMap / Overpass",
        "classification_basis": "OSM one-way travel direction",
        "visualization_note": "Physical frontage-road carriageway geometry; not survey/as-built."
      },
      "geometry": {
        "type": "LineString",
        "coordinates": [
          [
            -80.2279283,
            26.0931713
          ],
          [
            -80.2271644,
            26.0929737
          ],
          [
            -80.2271284,
            26.0929654
          ],
          [
            -80.227059,
            26.0929549
          ]
        ]
      }
    },
    {
      "type": "Feature",
      "properties": {
        "@id": "way/86495341",
        "HFCS": "Minor Arterial",
        "hgv": "yes",
        "highway": "primary",
        "lanes": "1",
        "lit": "yes",
        "maxspeed": "45 mph",
        "oneway": "yes",
        "ref": "SR 84",
        "surface": "asphalt",
        "tiger:cfcc": "A15",
        "tiger:county": "Broward, FL",
        "toll": "no",
        "corridor": "I-595",
        "road": "SR 84",
        "facility": "frontage_road",
        "direction": "EB",
        "source": "OpenStreetMap / Overpass",
        "classification_basis": "OSM one-way travel direction",
        "visualization_note": "Physical frontage-road carriageway geometry; not survey/as-built."
      },
      "geometry": {
        "type": "LineString",
        "coordinates": [
          [
            -80.2247749,
            26.0923945
          ],
          [
            -80.2242852,
            26.0922959
          ],
          [
            -80.2239,
            26.0922277
          ],
          [
            -80.2235222,
            26.0921663
          ],
          [
            -80.2230786,
            26.0920839
          ],
          [
            -80.2228351,
            26.0920345
          ],
          [
            -80.2225044,
            26.0919562
          ],
          [
            -80.2222776,
            26.0919189
          ]
        ]
      }
    },
    {
      "type": "Feature",
      "properties": {
        "@id": "way/86495345",
        "HFCS": "Minor Arterial",
        "cycleway": "lane",
        "hgv": "yes",
        "highway": "primary",
        "lanes": "3",
        "maxspeed": "45 mph",
        "name": "Marina Mile Boulevard",
        "old_ref:1945": "84",
        "oneway": "yes",
        "ref": "SR 84",
        "sidewalk": "no",
        "source:maxspeed": "FDOT \"Maximum Speed Limits\" GIS data, updated August 27, 2011: http://www.dot.state.fl.us/planning/statistics/gis/roaddata.shtm",
        "surface": "asphalt",
        "tiger:county": "Broward, FL",
        "corridor": "I-595",
        "road": "SR 84",
        "facility": "frontage_road",
        "direction": "EB",
        "source": "OpenStreetMap / Overpass",
        "classification_basis": "OSM one-way travel direction",
        "visualization_note": "Physical frontage-road carriageway geometry; not survey/as-built."
      },
      "geometry": {
        "type": "LineString",
        "coordinates": [
          [
            -80.1803348,
            26.085551
          ],
          [
            -80.1802306,
            26.0855647
          ],
          [
            -80.1796992,
            26.0856346
          ]
        ]
      }
    },
    {
      "type": "Feature",
      "properties": {
        "@id": "way/128922474",
        "HFCS": "Minor Arterial",
        "addr:county": "Broward, FL",
        "cycleway": "lane",
        "hgv": "yes",
        "highway": "primary",
        "lanes": "2",
        "lit": "yes",
        "maxspeed": "45 mph",
        "oneway": "yes",
        "ref": "SR 84",
        "sidewalk:left": "no",
        "sidewalk:right": "separate",
        "surface": "asphalt",
        "zip_left": "33325",
        "zip_right": "33325",
        "corridor": "I-595",
        "road": "SR 84",
        "facility": "frontage_road",
        "direction": "EB",
        "source": "OpenStreetMap / Overpass",
        "classification_basis": "OSM one-way travel direction",
        "visualization_note": "Physical frontage-road carriageway geometry; not survey/as-built."
      },
      "geometry": {
        "type": "LineString",
        "coordinates": [
          [
            -80.3261128,
            26.1170324
          ],
          [
            -80.325815,
            26.1169761
          ],
          [
            -80.3253574,
            26.1168754
          ],
          [
            -80.3241882,
            26.1165972
          ],
          [
            -80.3229852,
            26.1163074
          ]
        ]
      }
    },
    {
      "type": "Feature",
      "properties": {
        "@id": "way/128922479",
        "HFCS": "Minor Arterial",
        "foot": "no",
        "hgv": "yes",
        "highway": "primary",
        "lanes": "2",
        "maxspeed": "35 mph",
        "name": "Marina Mile Boulevard",
        "old_ref:1945": "84",
        "oneway": "yes",
        "ref": "SR 84",
        "sidewalk": "no",
        "source:maxspeed": "FDOT \"Maximum Speed Limits\" GIS data, updated August 27, 2011: http://www.dot.state.fl.us/planning/statistics/gis/roaddata.shtm",
        "surface": "asphalt",
        "tiger:county": "Broward, FL",
        "corridor": "I-595",
        "road": "SR 84",
        "facility": "frontage_road",
        "direction": "EB",
        "source": "OpenStreetMap / Overpass",
        "classification_basis": "OSM one-way travel direction",
        "visualization_note": "Physical frontage-road carriageway geometry; not survey/as-built."
      },
      "geometry": {
        "type": "LineString",
        "coordinates": [
          [
            -80.1886477,
            26.0846273
          ],
          [
            -80.1880777,
            26.0846906
          ],
          [
            -80.1869683,
            26.0848186
          ],
          [
            -80.1862747,
            26.0848976
          ],
          [
            -80.1844099,
            26.0851087
          ]
        ]
      }
    },
    {
      "type": "Feature",
      "properties": {
        "@id": "way/134588668",
        "HFCS": "Minor Arterial",
        "cycleway": "lane",
        "hgv": "yes",
        "highway": "primary",
        "lanes": "2",
        "lit": "yes",
        "maxspeed": "50 mph",
        "oneway": "yes",
        "ref": "SR 84",
        "sidewalk:left": "no",
        "sidewalk:right": "separate",
        "source": "OpenStreetMap / Overpass",
        "source:maxspeed": "FDOT \"Maximum Speed Limits\" GIS data, updated August 27, 2011: http://www.dot.state.fl.us/planning/statistics/gis/roaddata.shtm",
        "surface": "asphalt",
        "tiger:county": "Broward, FL",
        "corridor": "I-595",
        "road": "SR 84",
        "facility": "frontage_road",
        "direction": "EB",
        "classification_basis": "OSM one-way travel direction",
        "visualization_note": "Physical frontage-road carriageway geometry; not survey/as-built."
      },
      "geometry": {
        "type": "LineString",
        "coordinates": [
          [
            -80.2476815,
            26.0974859
          ],
          [
            -80.2463816,
            26.0973504
          ],
          [
            -80.2460979,
            26.0973257
          ],
          [
            -80.2455867,
            26.0972647
          ],
          [
            -80.2453288,
            26.0972294
          ],
          [
            -80.244951,
            26.0971673
          ],
          [
            -80.2446388,
            26.0970975
          ]
        ]
      }
    },
    {
      "type": "Feature",
      "properties": {
        "@id": "way/134588675",
        "HFCS": "Minor Arterial",
        "cycleway": "lane",
        "hgv": "yes",
        "highway": "primary",
        "lanes": "2",
        "lit": "yes",
        "maxspeed": "45 mph",
        "oneway": "yes",
        "ref": "SR 84",
        "sidewalk:left": "no",
        "sidewalk:right": "separate",
        "surface": "asphalt",
        "tiger:county": "Broward, FL",
        "corridor": "I-595",
        "road": "SR 84",
        "facility": "frontage_road",
        "direction": "EB",
        "source": "OpenStreetMap / Overpass",
        "classification_basis": "OSM one-way travel direction",
        "visualization_note": "Physical frontage-road carriageway geometry; not survey/as-built."
      },
      "geometry": {
        "type": "LineString",
        "coordinates": [
          [
            -80.3098766,
            26.1131859
          ],
          [
            -80.3089346,
            26.1129587
          ],
          [
            -80.3087025,
            26.1128978
          ],
          [
            -80.3079971,
            26.1127022
          ],
          [
            -80.3077576,
            26.1126395
          ],
          [
            -80.3066851,
            26.1123781
          ],
          [
            -80.305992,
            26.1122104
          ]
        ]
      }
    },
    {
      "type": "Feature",
      "properties": {
        "@id": "way/134588679",
        "HFCS": "Minor Arterial",
        "cycleway": "lane",
        "hgv": "yes",
        "highway": "primary",
        "lanes": "2",
        "lit": "yes",
        "maxspeed": "45 mph",
        "oneway": "yes",
        "ref": "SR 84",
        "sidewalk:left": "no",
        "sidewalk:right": "separate",
        "surface": "asphalt",
        "tiger:county": "Broward, FL",
        "corridor": "I-595",
        "road": "SR 84",
        "facility": "frontage_road",
        "direction": "EB",
        "source": "OpenStreetMap / Overpass",
        "classification_basis": "OSM one-way travel direction",
        "visualization_note": "Physical frontage-road carriageway geometry; not survey/as-built."
      },
      "geometry": {
        "type": "LineString",
        "coordinates": [
          [
            -80.2634661,
            26.1018413
          ],
          [
            -80.2632461,
            26.1017938
          ],
          [
            -80.2628973,
            26.1017227
          ],
          [
            -80.2625406,
            26.1016493
          ],
          [
            -80.2619469,
            26.1015284
          ],
          [
            -80.2615845,
            26.1014483
          ],
          [
            -80.2612213,
            26.1013611
          ]
        ]
      }
    },
    {
      "type": "Feature",
      "properties": {
        "@id": "way/159409854",
        "HFCS": "Minor Arterial",
        "addr:county": "Broward, FL",
        "hgv": "yes",
        "highway": "primary",
        "lanes": "2",
        "lit": "yes",
        "maxspeed": "45 mph",
        "oneway": "yes",
        "ref": "SR 84",
        "sidewalk": "right",
        "surface": "asphalt",
        "zip_left": "33325",
        "zip_right": "33325",
        "corridor": "I-595",
        "road": "SR 84",
        "facility": "frontage_road",
        "direction": "EB",
        "source": "OpenStreetMap / Overpass",
        "classification_basis": "OSM one-way travel direction",
        "visualization_note": "Physical frontage-road carriageway geometry; not survey/as-built."
      },
      "geometry": {
        "type": "LineString",
        "coordinates": [
          [
            -80.3410884,
            26.1178524
          ],
          [
            -80.3406069,
            26.1178494
          ],
          [
            -80.3401241,
            26.1178542
          ],
          [
            -80.3397644,
            26.1178671
          ],
          [
            -80.3396353,
            26.1178717
          ],
          [
            -80.3391612,
            26.1178976
          ],
          [
            -80.3386731,
            26.1179319
          ],
          [
            -80.3381889,
            26.1179674
          ],
          [
            -80.3377001,
            26.1180029
          ],
          [
            -80.3372253,
            26.1180384
          ],
          [
            -80.3367419,
            26.118074
          ],
          [
            -80.3362497,
            26.1181083
          ],
          [
            -80.3357697,
            26.1181361
          ],
          [
            -80.335272,
            26.118145
          ],
          [
            -80.3347892,
            26.1181408
          ],
          [
            -80.3342746,
            26.1181232
          ],
          [
            -80.3338126,
            26.1181005
          ],
          [
            -80.3333264,
            26.1180643
          ],
          [
            -80.3328356,
            26.1180135
          ],
          [
            -80.3324165,
            26.1179592
          ]
        ]
      }
    },
    {
      "type": "Feature",
      "properties": {
        "@id": "way/159409857",
        "HFCS": "Minor Arterial",
        "hgv": "yes",
        "highway": "primary",
        "lanes": "2",
        "lit": "yes",
        "maxspeed": "45 mph",
        "oneway": "yes",
        "ref": "SR 84",
        "sidewalk": "right",
        "surface": "asphalt",
        "tiger:county": "Broward, FL",
        "corridor": "I-595",
        "road": "SR 84",
        "facility": "frontage_road",
        "direction": "EB",
        "source": "OpenStreetMap / Overpass",
        "classification_basis": "OSM one-way travel direction",
        "visualization_note": "Physical frontage-road carriageway geometry; not survey/as-built."
      },
      "geometry": {
        "type": "LineString",
        "coordinates": [
          [
            -80.366132,
            26.1266926
          ],
          [
            -80.3654696,
            26.1265022
          ],
          [
            -80.3647765,
            26.1262886
          ],
          [
            -80.3641053,
            26.1260715
          ]
        ]
      }
    },
    {
      "type": "Feature",
      "properties": {
        "@id": "way/159409858",
        "HFCS": "Minor Arterial",
        "hgv": "yes",
        "highway": "primary",
        "lanes": "2",
        "lit": "yes",
        "maxspeed": "45 mph",
        "oneway": "yes",
        "ref": "SR 84",
        "sidewalk": "no",
        "surface": "asphalt",
        "tiger:county": "Broward, FL",
        "corridor": "I-595",
        "road": "SR 84",
        "facility": "frontage_road",
        "direction": "EB",
        "source": "OpenStreetMap / Overpass",
        "classification_basis": "OSM one-way travel direction",
        "visualization_note": "Physical frontage-road carriageway geometry; not survey/as-built."
      },
      "geometry": {
        "type": "LineString",
        "coordinates": [
          [
            -80.356175,
            26.1223637
          ],
          [
            -80.3557333,
            26.122159
          ],
          [
            -80.3551752,
            26.1218863
          ],
          [
            -80.3546031,
            26.1216136
          ],
          [
            -80.353434,
            26.1210708
          ],
          [
            -80.3522016,
            26.1205475
          ]
        ]
      }
    },
    {
      "type": "Feature",
      "properties": {
        "@id": "way/159409860",
        "HFCS": "Minor Arterial",
        "hgv": "yes",
        "highway": "primary",
        "lanes": "2",
        "lit": "yes",
        "maxspeed": "45 mph",
        "oneway": "yes",
        "ref": "SR 84",
        "sidewalk": "no",
        "surface": "asphalt",
        "tiger:county": "Broward, FL",
        "corridor": "I-595",
        "road": "SR 84",
        "facility": "frontage_road",
        "direction": "EB",
        "source": "OpenStreetMap / Overpass",
        "classification_basis": "OSM one-way travel direction",
        "visualization_note": "Physical frontage-road carriageway geometry; not survey/as-built."
      },
      "geometry": {
        "type": "LineString",
        "coordinates": [
          [
            -80.3641053,
            26.1260715
          ],
          [
            -80.3637845,
            26.1259589
          ],
          [
            -80.3631975,
            26.1257523
          ],
          [
            -80.3628477,
            26.1256237
          ],
          [
            -80.3624293,
            26.1254518
          ],
          [
            -80.3615175,
            26.1250384
          ]
        ]
      }
    },
    {
      "type": "Feature",
      "properties": {
        "@id": "way/159409861",
        "HFCS": "Minor Arterial",
        "hgv": "yes",
        "highway": "primary",
        "lanes": "2",
        "lit": "yes",
        "maxspeed": "45 mph",
        "oneway": "yes",
        "ref": "SR 84",
        "sidewalk": "no",
        "surface": "asphalt",
        "tiger:county": "Broward, FL",
        "corridor": "I-595",
        "road": "SR 84",
        "facility": "frontage_road",
        "direction": "EB",
        "source": "OpenStreetMap / Overpass",
        "classification_basis": "OSM one-way travel direction",
        "visualization_note": "Physical frontage-road carriageway geometry; not survey/as-built."
      },
      "geometry": {
        "type": "LineString",
        "coordinates": [
          [
            -80.3687262,
            26.1272935
          ],
          [
            -80.3684224,
            26.1272215
          ],
          [
            -80.3682602,
            26.127183
          ],
          [
            -80.3665997,
            26.1267878
          ],
          [
            -80.366132,
            26.1266926
          ]
        ]
      }
    },
    {
      "type": "Feature",
      "properties": {
        "@id": "way/159409863",
        "HFCS": "Minor Arterial",
        "hgv": "yes",
        "highway": "primary",
        "lanes": "2",
        "lit": "yes",
        "maxspeed": "45 mph",
        "oneway": "yes",
        "ref": "SR 84",
        "sidewalk": "right",
        "surface": "asphalt",
        "tiger:county": "Broward, FL",
        "corridor": "I-595",
        "road": "SR 84",
        "facility": "frontage_road",
        "direction": "EB",
        "source": "OpenStreetMap / Overpass",
        "classification_basis": "OSM one-way travel direction",
        "visualization_note": "Physical frontage-road carriageway geometry; not survey/as-built."
      },
      "geometry": {
        "type": "LineString",
        "coordinates": [
          [
            -80.3601807,
            26.124403
          ],
          [
            -80.3593776,
            26.1239859
          ],
          [
            -80.3591134,
            26.1238566
          ],
          [
            -80.3584995,
            26.1235464
          ],
          [
            -80.3573228,
            26.1229518
          ],
          [
            -80.3572565,
            26.1229183
          ],
          [
            -80.3566069,
            26.12259
          ],
          [
            -80.356175,
            26.1223637
          ]
        ]
      }
    },
    {
      "type": "Feature",
      "properties": {
        "@id": "way/332553118",
        "destination": "Florida's Turnpike;North Orlando;South Miami",
        "destination:lanes": "none|none;Florida's Turnpike;Miami South|Florida's Turnpike;Orlando North",
        "destination:ref": "SR 84 East;I 595 East;US 441",
        "hgv": "yes",
        "highway": "primary",
        "lanes": "3",
        "lit": "no",
        "old_ref:1945": "84",
        "oneway": "yes",
        "ref": "SR 84",
        "surface": "asphalt",
        "toll": "no",
        "turn:lanes": "through|through;right|right",
        "corridor": "I-595",
        "road": "SR 84",
        "facility": "frontage_road",
        "direction": "EB",
        "source": "OpenStreetMap / Overpass",
        "classification_basis": "OSM one-way travel direction",
        "visualization_note": "Physical frontage-road carriageway geometry; not survey/as-built."
      },
      "geometry": {
        "type": "LineString",
        "coordinates": [
          [
            -80.2222776,
            26.0919189
          ],
          [
            -80.2197274,
            26.0913122
          ],
          [
            -80.2168825,
            26.0906542
          ]
        ]
      }
    },
    {
      "type": "Feature",
      "properties": {
        "@id": "way/367996065",
        "HFCS": "Minor Arterial",
        "cycleway": "lane",
        "hgv": "yes",
        "highway": "primary",
        "lanes": "2",
        "lit": "yes",
        "maxspeed": "45 mph",
        "oneway": "yes",
        "ref": "SR 84",
        "sidewalk:left": "no",
        "sidewalk:right": "separate",
        "surface": "asphalt",
        "tiger:cfcc": "A15",
        "tiger:county": "Broward, FL",
        "toll": "no",
        "corridor": "I-595",
        "road": "SR 84",
        "facility": "frontage_road",
        "direction": "EB",
        "source": "OpenStreetMap / Overpass",
        "classification_basis": "OSM one-way travel direction",
        "visualization_note": "Physical frontage-road carriageway geometry; not survey/as-built."
      },
      "geometry": {
        "type": "LineString",
        "coordinates": [
          [
            -80.2411518,
            26.0962655
          ],
          [
            -80.2404875,
            26.0961038
          ],
          [
            -80.2394791,
            26.0958583
          ],
          [
            -80.2385402,
            26.0956312
          ],
          [
            -80.2380661,
            26.0955312
          ],
          [
            -80.2376112,
            26.0954441
          ],
          [
            -80.2372282,
            26.0953766
          ],
          [
            -80.2364572,
            26.0952714
          ]
        ]
      }
    },
    {
      "type": "Feature",
      "properties": {
        "@id": "way/367996067",
        "HFCS": "Urban Minor Arterial",
        "cycleway": "lane",
        "destination:lanes": "I-595 East|SR 84 East|SR 84 East",
        "hgv": "yes",
        "highway": "primary",
        "lanes": "3",
        "lit": "yes",
        "maxspeed": "45 mph",
        "oneway": "yes",
        "ref": "SR 84",
        "sidewalk:left": "no",
        "sidewalk:right": "separate",
        "surface": "asphalt",
        "tiger:cfcc": "A15",
        "tiger:county": "Broward, FL",
        "toll": "no",
        "corridor": "I-595",
        "road": "SR 84",
        "facility": "frontage_road",
        "direction": "EB",
        "source": "OpenStreetMap / Overpass",
        "classification_basis": "OSM one-way travel direction",
        "visualization_note": "Physical frontage-road carriageway geometry; not survey/as-built."
      },
      "geometry": {
        "type": "LineString",
        "coordinates": [
          [
            -80.2438967,
            26.0969318
          ],
          [
            -80.2433007,
            26.0967896
          ]
        ]
      }
    },
    {
      "type": "Feature",
      "properties": {
        "@id": "way/367996068",
        "HFCS": "Minor Arterial",
        "hgv": "yes",
        "highway": "primary",
        "lanes": "1",
        "lit": "no",
        "oneway": "yes",
        "ref": "SR 84",
        "surface": "asphalt",
        "toll": "no",
        "corridor": "I-595",
        "road": "SR 84",
        "facility": "frontage_road",
        "direction": "EB",
        "source": "OpenStreetMap / Overpass",
        "classification_basis": "OSM one-way travel direction",
        "visualization_note": "Physical frontage-road carriageway geometry; not survey/as-built."
      },
      "geometry": {
        "type": "LineString",
        "coordinates": [
          [
            -80.1974409,
            26.0837839
          ],
          [
            -80.1970015,
            26.0839509
          ],
          [
            -80.1964079,
            26.0841474
          ],
          [
            -80.1963003,
            26.0841837
          ],
          [
            -80.1961293,
            26.0842391
          ],
          [
            -80.1959654,
            26.0842867
          ],
          [
            -80.1958103,
            26.0843289
          ],
          [
            -80.195647,
            26.0843458
          ]
        ]
      }
    },
    {
      "type": "Feature",
      "properties": {
        "@id": "way/367996069",
        "HFCS": "Minor Arterial",
        "foot": "no",
        "hgv": "yes",
        "highway": "primary",
        "lanes": "2",
        "lit": "no",
        "name": "Marina Mile Boulevard",
        "oneway": "yes",
        "ref": "SR 84",
        "surface": "asphalt",
        "tiger:county": "Broward, FL",
        "toll": "no",
        "corridor": "I-595",
        "road": "SR 84",
        "facility": "frontage_road",
        "direction": "EB",
        "source": "OpenStreetMap / Overpass",
        "classification_basis": "OSM one-way travel direction",
        "visualization_note": "Physical frontage-road carriageway geometry; not survey/as-built."
      },
      "geometry": {
        "type": "LineString",
        "coordinates": [
          [
            -80.195647,
            26.0843458
          ],
          [
            -80.1953157,
            26.084407
          ],
          [
            -80.1951624,
            26.0844288
          ],
          [
            -80.1950417,
            26.0844449
          ],
          [
            -80.1949091,
            26.0844581
          ],
          [
            -80.1947756,
            26.0844695
          ],
          [
            -80.1946415,
            26.0844781
          ],
          [
            -80.1945035,
            26.0844817
          ],
          [
            -80.1941894,
            26.0844869
          ],
          [
            -80.1937924,
            26.0844888
          ],
          [
            -80.1933549,
            26.0844852
          ]
        ]
      }
    },
    {
      "type": "Feature",
      "properties": {
        "@id": "way/368457042",
        "HFCS": "Minor Arterial",
        "destination:ref": "SR 84 East;I 595 East;US 441",
        "destination:ref:lanes": "SR 84 East;I 595 East|US 441",
        "destination:symbol": "airport;harbour",
        "hgv": "yes",
        "highway": "primary",
        "junction:ref": "9A-B",
        "lanes": "2",
        "lit": "no",
        "maxspeed": "45 mph",
        "oneway": "yes",
        "ref": "SR 84",
        "surface": "asphalt",
        "tiger:county": "Broward, FL",
        "toll": "no",
        "turn:lanes": "none|through;slight_right",
        "corridor": "I-595",
        "road": "SR 84",
        "facility": "frontage_road",
        "direction": "EB",
        "source": "OpenStreetMap / Overpass",
        "classification_basis": "OSM one-way travel direction",
        "visualization_note": "Physical frontage-road carriageway geometry; not survey/as-built."
      },
      "geometry": {
        "type": "LineString",
        "coordinates": [
          [
            -80.2157481,
            26.0903855
          ],
          [
            -80.2156028,
            26.0903489
          ],
          [
            -80.2153303,
            26.0902761
          ],
          [
            -80.2147517,
            26.0901179
          ],
          [
            -80.2144016,
            26.0900185
          ],
          [
            -80.2140479,
            26.0899111
          ],
          [
            -80.2134841,
            26.0897349
          ],
          [
            -80.2130248,
            26.0895863
          ],
          [
            -80.2123535,
            26.0893537
          ],
          [
            -80.2121217,
            26.0892701
          ],
          [
            -80.2117909,
            26.0891473
          ],
          [
            -80.210918,
            26.0887871
          ]
        ]
      }
    },
    {
      "type": "Feature",
      "properties": {
        "@id": "way/368490000",
        "HFCS": "Minor Arterial",
        "destination:lanes": "West Palm Beach|||Miami",
        "destination:ref:lanes": "I 95 North|||I 95 South",
        "hgv": "yes",
        "highway": "primary",
        "lanes": "4",
        "maxspeed": "45 mph",
        "name": "Marina Mile Boulevard",
        "old_ref:1945": "84",
        "oneway": "yes",
        "ref": "SR 84",
        "sidewalk:left": "no",
        "sidewalk:right": "separate",
        "source:maxspeed": "FDOT \"Maximum Speed Limits\" GIS data, updated August 27, 2011: http://www.dot.state.fl.us/planning/statistics/gis/roaddata.shtm",
        "surface": "asphalt",
        "tiger:county": "Broward, FL",
        "corridor": "I-595",
        "road": "SR 84",
        "facility": "frontage_road",
        "direction": "EB",
        "source": "OpenStreetMap / Overpass",
        "classification_basis": "OSM one-way travel direction",
        "visualization_note": "Physical frontage-road carriageway geometry; not survey/as-built."
      },
      "geometry": {
        "type": "LineString",
        "coordinates": [
          [
            -80.1779039,
            26.0859993
          ],
          [
            -80.1767319,
            26.0862947
          ],
          [
            -80.1763784,
            26.0863838
          ]
        ]
      }
    },
    {
      "type": "Feature",
      "properties": {
        "@id": "way/369119918",
        "HFCS": "Urban Minor Arterial",
        "addr:county": "Broward, FL",
        "bicycle:lanes": "no|yes|no|no|designated|yes",
        "change:lanes": "no|no|not_left|not_right|no",
        "cycleway": "lane",
        "destination:lanes": "136th Avenue North|136th Avenue North|Florida\u2019s Turnpike|Florida\u2019s Turnpike|136th Avenue South",
        "destination:ref:to:lanes": "||I 595;I 95|I 595;I 95|",
        "hgv": "yes",
        "highway": "primary",
        "lanes": "5",
        "lit": "yes",
        "maxspeed": "45 mph",
        "oneway": "yes",
        "placement": "right_of:3",
        "ref": "SR 84",
        "sidewalk": "right",
        "source": "OpenStreetMap / Overpass",
        "surface": "asphalt",
        "turn:lanes": "left|left|||right",
        "vehicle:lanes": "yes|yes|yes|yes|no|yes",
        "zip_left": "33325",
        "zip_right": "33325",
        "corridor": "I-595",
        "road": "SR 84",
        "facility": "frontage_road",
        "direction": "EB",
        "classification_basis": "OSM one-way travel direction",
        "visualization_note": "Physical frontage-road carriageway geometry; not survey/as-built."
      },
      "geometry": {
        "type": "LineString",
        "coordinates": [
          [
            -80.3315185,
            26.1178407
          ],
          [
            -80.3310799,
            26.1177797
          ]
        ]
      }
    },
    {
      "type": "Feature",
      "properties": {
        "@id": "way/369119919",
        "HFCS": "Minor Arterial",
        "hgv": "yes",
        "highway": "primary",
        "lanes": "3",
        "lit": "yes",
        "maxspeed": "45 mph",
        "oneway": "yes",
        "ref": "SR 84",
        "sidewalk:left": "no",
        "sidewalk:right": "separate",
        "surface": "asphalt",
        "tiger:cfcc": "A15",
        "tiger:county": "Broward, FL",
        "toll": "no",
        "turn:lanes": "left|left;through|through",
        "corridor": "I-595",
        "road": "SR 84",
        "facility": "frontage_road",
        "direction": "EB",
        "source": "OpenStreetMap / Overpass",
        "classification_basis": "OSM one-way travel direction",
        "visualization_note": "Physical frontage-road carriageway geometry; not survey/as-built."
      },
      "geometry": {
        "type": "LineString",
        "coordinates": [
          [
            -80.2509348,
            26.0981602
          ],
          [
            -80.2507508,
            26.0980991
          ]
        ]
      }
    },
    {
      "type": "Feature",
      "properties": {
        "@id": "way/369119922",
        "HFCS": "Minor Arterial",
        "hgv": "yes",
        "highway": "primary",
        "lanes": "3",
        "lit": "yes",
        "maxspeed": "50 mph",
        "oneway": "yes",
        "ref": "SR 84",
        "source:maxspeed": "FDOT \"Maximum Speed Limits\" GIS data, updated August 27, 2011: http://www.dot.state.fl.us/planning/statistics/gis/roaddata.shtm",
        "surface": "asphalt",
        "tiger:county": "Broward, FL",
        "corridor": "I-595",
        "road": "SR 84",
        "facility": "frontage_road",
        "direction": "EB",
        "source": "OpenStreetMap / Overpass",
        "classification_basis": "OSM one-way travel direction",
        "visualization_note": "Physical frontage-road carriageway geometry; not survey/as-built."
      },
      "geometry": {
        "type": "LineString",
        "coordinates": [
          [
            -80.2820743,
            26.1064315
          ],
          [
            -80.2818638,
            26.1063831
          ]
        ]
      }
    },
    {
      "type": "Feature",
      "properties": {
        "@id": "way/369119924",
        "HFCS": "Minor Arterial",
        "cycleway": "lane",
        "destination:lanes": "I-595 East|none|none",
        "hgv": "yes",
        "highway": "primary",
        "lanes": "3",
        "lit": "yes",
        "maxspeed": "45 mph",
        "oneway": "yes",
        "placement": "right_of:2",
        "ref": "SR 84",
        "sidewalk:left": "no",
        "sidewalk:right": "separate",
        "surface": "asphalt",
        "tiger:county": "Broward, FL",
        "corridor": "I-595",
        "road": "SR 84",
        "facility": "frontage_road",
        "direction": "EB",
        "source": "OpenStreetMap / Overpass",
        "classification_basis": "OSM one-way travel direction",
        "visualization_note": "Physical frontage-road carriageway geometry; not survey/as-built."
      },
      "geometry": {
        "type": "LineString",
        "coordinates": [
          [
            -80.2612213,
            26.1013611
          ],
          [
            -80.25991,
            26.1010413
          ],
          [
            -80.2584682,
            26.1006898
          ],
          [
            -80.2582833,
            26.1006447
          ]
        ]
      }
    },
    {
      "type": "Feature",
      "properties": {
        "@id": "way/369119925",
        "HFCS": "Minor Arterial",
        "addr:county": "Broward, FL",
        "change:lanes": "no|no|not_left|yes",
        "cycleway": "lane",
        "destination:ref:to:lanes": "||I 595;I 95|I 595;I 95",
        "hgv": "yes",
        "highway": "primary",
        "lanes": "4",
        "lit": "yes",
        "maxspeed": "45 mph",
        "oneway": "yes",
        "ref": "SR 84",
        "sidewalk": "right",
        "surface": "asphalt",
        "turn:lanes": "left|left||",
        "zip_left": "33325",
        "zip_right": "33325",
        "corridor": "I-595",
        "road": "SR 84",
        "facility": "frontage_road",
        "direction": "EB",
        "source": "OpenStreetMap / Overpass",
        "classification_basis": "OSM one-way travel direction",
        "visualization_note": "Physical frontage-road carriageway geometry; not survey/as-built."
      },
      "geometry": {
        "type": "LineString",
        "coordinates": [
          [
            -80.3302351,
            26.1176573
          ],
          [
            -80.3300672,
            26.117633
          ]
        ]
      }
    },
    {
      "type": "Feature",
      "properties": {
        "@id": "way/369119927",
        "HFCS": "Minor Arterial",
        "hgv": "yes",
        "highway": "primary",
        "lanes": "2",
        "lit": "yes",
        "maxspeed": "45 mph",
        "oneway": "yes",
        "ref": "SR 84",
        "surface": "asphalt",
        "tiger:county": "Broward, FL",
        "corridor": "I-595",
        "road": "SR 84",
        "facility": "frontage_road",
        "direction": "EB",
        "source": "OpenStreetMap / Overpass",
        "classification_basis": "OSM one-way travel direction",
        "visualization_note": "Physical frontage-road carriageway geometry; not survey/as-built."
      },
      "geometry": {
        "type": "LineString",
        "coordinates": [
          [
            -80.2818638,
            26.1063831
          ],
          [
            -80.2817735,
            26.1063604
          ],
          [
            -80.2815217,
            26.1062969
          ],
          [
            -80.2804169,
            26.1060281
          ],
          [
            -80.2801826,
            26.1059669
          ],
          [
            -80.2798357,
            26.1058692
          ],
          [
            -80.2790157,
            26.1056286
          ],
          [
            -80.2785458,
            26.1055042
          ],
          [
            -80.2774045,
            26.1052276
          ],
          [
            -80.2772508,
            26.1051938
          ],
          [
            -80.2767584,
            26.1051095
          ],
          [
            -80.2765091,
            26.1050586
          ],
          [
            -80.2761199,
            26.1049723
          ]
        ]
      }
    },
    {
      "type": "Feature",
      "properties": {
        "@id": "way/369119929",
        "HFCS": "Minor Arterial",
        "cycleway": "lane",
        "hgv": "yes",
        "highway": "primary",
        "lanes": "2",
        "lit": "yes",
        "maxspeed": "45 mph",
        "oneway": "yes",
        "ref": "SR 84",
        "sidewalk:left": "no",
        "sidewalk:right": "separate",
        "surface": "asphalt",
        "tiger:county": "Broward, FL",
        "corridor": "I-595",
        "road": "SR 84",
        "facility": "frontage_road",
        "direction": "EB",
        "source": "OpenStreetMap / Overpass",
        "classification_basis": "OSM one-way travel direction",
        "visualization_note": "Physical frontage-road carriageway geometry; not survey/as-built."
      },
      "geometry": {
        "type": "LineString",
        "coordinates": [
          [
            -80.3044423,
            26.1117994
          ],
          [
            -80.303697,
            26.1116157
          ],
          [
            -80.3022865,
            26.1112819
          ],
          [
            -80.3021072,
            26.1112389
          ],
          [
            -80.300736,
            26.1109092
          ],
          [
            -80.3006116,
            26.1108785
          ],
          [
            -80.298399,
            26.1103624
          ],
          [
            -80.2980075,
            26.1102664
          ],
          [
            -80.2978822,
            26.1102357
          ],
          [
            -80.2976876,
            26.1101942
          ],
          [
            -80.297462,
            26.1101441
          ],
          [
            -80.2968019,
            26.1099975
          ],
          [
            -80.2955131,
            26.1097052
          ],
          [
            -80.2947978,
            26.1095237
          ],
          [
            -80.2944525,
            26.1094317
          ],
          [
            -80.2941291,
            26.1093455
          ],
          [
            -80.293641,
            26.1092031
          ],
          [
            -80.2930603,
            26.1090447
          ],
          [
            -80.2926888,
            26.1089571
          ],
          [
            -80.292098,
            26.1088337
          ],
          [
            -80.2917372,
            26.1087548
          ],
          [
            -80.2896233,
            26.1082397
          ],
          [
            -80.2889378,
            26.1080863
          ]
        ]
      }
    },
    {
      "type": "Feature",
      "properties": {
        "@id": "way/369119931",
        "HFCS": "Minor Arterial",
        "addr:county": "Broward, FL",
        "bicycle:lanes": "no|yes|no|no|designated|yes",
        "change:lanes": "no|no|not_left|not_right|no",
        "cycleway": "lane",
        "destination:lanes": "136th Avenue North|136th Avenue North|Florida\u2019s Turnpike|Florida\u2019s Turnpike|136th Avenue South",
        "destination:ref:to:lanes": "||I 595;I 95|I 595;I 95|",
        "hgv": "yes",
        "highway": "primary",
        "lanes": "5",
        "lit": "yes",
        "maxspeed": "45 mph",
        "oneway": "yes",
        "placement": "right_of:3",
        "ref": "SR 84",
        "sidewalk": "right",
        "surface": "asphalt",
        "turn:lanes": "left|left|||right",
        "vehicle:lanes": "yes|yes|yes|yes|no|yes",
        "zip_left": "33325",
        "zip_right": "33325",
        "corridor": "I-595",
        "road": "SR 84",
        "facility": "frontage_road",
        "direction": "EB",
        "source": "OpenStreetMap / Overpass",
        "classification_basis": "OSM one-way travel direction",
        "visualization_note": "Physical frontage-road carriageway geometry; not survey/as-built."
      },
      "geometry": {
        "type": "LineString",
        "coordinates": [
          [
            -80.3308656,
            26.1177499
          ],
          [
            -80.3304932,
            26.117696
          ],
          [
            -80.330341,
            26.1176739
          ],
          [
            -80.3302351,
            26.1176573
          ]
        ]
      }
    },
    {
      "type": "Feature",
      "properties": {
        "@id": "way/369119934",
        "HFCS": "Minor Arterial",
        "cycleway": "lane",
        "hgv": "yes",
        "highway": "primary",
        "lanes": "4",
        "lit": "yes",
        "maxspeed": "45 mph",
        "oneway": "yes",
        "ref": "SR 84",
        "sidewalk:left": "no",
        "sidewalk:right": "separate",
        "surface": "asphalt",
        "tiger:county": "Broward, FL",
        "turn:lanes": "left|left;through|none|right",
        "corridor": "I-595",
        "road": "SR 84",
        "facility": "frontage_road",
        "direction": "EB",
        "source": "OpenStreetMap / Overpass",
        "classification_basis": "OSM one-way travel direction",
        "visualization_note": "Physical frontage-road carriageway geometry; not survey/as-built."
      },
      "geometry": {
        "type": "LineString",
        "coordinates": [
          [
            -80.2831924,
            26.1067068
          ],
          [
            -80.2825947,
            26.1065596
          ],
          [
            -80.2822065,
            26.106464
          ],
          [
            -80.2820743,
            26.1064315
          ]
        ]
      }
    },
    {
      "type": "Feature",
      "properties": {
        "@id": "way/369119935",
        "HFCS": "Minor Arterial",
        "cycleway": "lane",
        "destination:ref:lanes": "I 595 East|none|none",
        "hgv": "yes",
        "highway": "primary",
        "lanes": "4",
        "lit": "yes",
        "maxspeed": "45 mph",
        "oneway": "yes",
        "placement": "right_of:2",
        "ref": "SR 84",
        "sidewalk:left": "no",
        "sidewalk:right": "separate",
        "surface": "asphalt",
        "tiger:county": "Broward, FL",
        "turn:lanes": "|||right",
        "corridor": "I-595",
        "road": "SR 84",
        "facility": "frontage_road",
        "direction": "EB",
        "source": "OpenStreetMap / Overpass",
        "classification_basis": "OSM one-way travel direction",
        "visualization_note": "Physical frontage-road carriageway geometry; not survey/as-built."
      },
      "geometry": {
        "type": "LineString",
        "coordinates": [
          [
            -80.305992,
            26.1122104
          ],
          [
            -80.3055304,
            26.1120942
          ],
          [
            -80.3050364,
            26.1119578
          ]
        ]
      }
    },
    {
      "type": "Feature",
      "properties": {
        "@id": "way/369119939",
        "HFCS": "Minor Arterial",
        "cycleway": "lane",
        "hgv": "yes",
        "highway": "primary",
        "lanes": "4",
        "lit": "yes",
        "maxspeed": "45 mph",
        "oneway": "yes",
        "ref": "SR 84",
        "sidewalk:left": "no",
        "sidewalk:right": "separate",
        "surface": "asphalt",
        "tiger:cfcc": "A15",
        "tiger:county": "Broward, FL",
        "toll": "no",
        "turn:lanes": "left|left;through|through;right|right",
        "corridor": "I-595",
        "road": "SR 84",
        "facility": "frontage_road",
        "direction": "EB",
        "source": "OpenStreetMap / Overpass",
        "classification_basis": "OSM one-way travel direction",
        "visualization_note": "Physical frontage-road carriageway geometry; not survey/as-built."
      },
      "geometry": {
        "type": "LineString",
        "coordinates": [
          [
            -80.2523136,
            26.0986125
          ],
          [
            -80.2518876,
            26.0984681
          ],
          [
            -80.2515287,
            26.0983528
          ],
          [
            -80.2510461,
            26.0981941
          ],
          [
            -80.2509348,
            26.0981602
          ]
        ]
      }
    },
    {
      "type": "Feature",
      "properties": {
        "@id": "way/369119941",
        "HFCS": "Minor Arterial",
        "addr:county": "Broward, FL",
        "cycleway": "lane",
        "hgv": "yes",
        "highway": "primary",
        "lanes": "2",
        "lit": "yes",
        "maxspeed": "45 mph",
        "oneway": "yes",
        "ref": "SR 84",
        "sidewalk:left": "no",
        "sidewalk:right": "separate",
        "surface": "asphalt",
        "zip_left": "33325",
        "zip_right": "33325",
        "corridor": "I-595",
        "road": "SR 84",
        "facility": "frontage_road",
        "direction": "EB",
        "source": "OpenStreetMap / Overpass",
        "classification_basis": "OSM one-way travel direction",
        "visualization_note": "Physical frontage-road carriageway geometry; not survey/as-built."
      },
      "geometry": {
        "type": "LineString",
        "coordinates": [
          [
            -80.3292288,
            26.1175042
          ],
          [
            -80.3282171,
            26.1173373
          ],
          [
            -80.3274084,
            26.117228
          ],
          [
            -80.3266727,
            26.1171221
          ]
        ]
      }
    },
    {
      "type": "Feature",
      "properties": {
        "@id": "way/369119942",
        "HFCS": "Minor Arterial",
        "cycleway": "lane",
        "hgv": "yes",
        "highway": "primary",
        "lanes": "2",
        "lit": "yes",
        "maxspeed": "45 mph",
        "oneway": "yes",
        "ref": "SR 84",
        "sidewalk:left": "no",
        "sidewalk:right": "separate",
        "surface": "asphalt",
        "tiger:cfcc": "A15",
        "tiger:county": "Broward, FL",
        "toll": "no",
        "corridor": "I-595",
        "road": "SR 84",
        "facility": "frontage_road",
        "direction": "EB",
        "source": "OpenStreetMap / Overpass",
        "classification_basis": "OSM one-way travel direction",
        "visualization_note": "Physical frontage-road carriageway geometry; not survey/as-built."
      },
      "geometry": {
        "type": "LineString",
        "coordinates": [
          [
            -80.2582833,
            26.1006447
          ],
          [
            -80.257827,
            26.100523
          ],
          [
            -80.2572967,
            26.1003633
          ],
          [
            -80.2563169,
            26.1000681
          ],
          [
            -80.2560034,
            26.0999643
          ],
          [
            -80.2556078,
            26.0998332
          ],
          [
            -80.255296,
            26.0997227
          ],
          [
            -80.2549621,
            26.0995966
          ],
          [
            -80.2547564,
            26.0995134
          ],
          [
            -80.2537735,
            26.0991158
          ],
          [
            -80.25281,
            26.0987807
          ],
          [
            -80.2523136,
            26.0986125
          ]
        ]
      }
    },
    {
      "type": "Feature",
      "properties": {
        "@id": "way/369119943",
        "HFCS": "Minor Arterial",
        "hgv": "yes",
        "highway": "primary",
        "lanes": "2",
        "lit": "yes",
        "maxspeed": "45 mph",
        "oneway": "yes",
        "ref": "SR 84",
        "sidewalk:left": "no",
        "sidewalk:right": "separate",
        "surface": "asphalt",
        "tiger:cfcc": "A15",
        "tiger:county": "Broward, FL",
        "toll": "no",
        "corridor": "I-595",
        "road": "SR 84",
        "facility": "frontage_road",
        "direction": "EB",
        "source": "OpenStreetMap / Overpass",
        "classification_basis": "OSM one-way travel direction",
        "visualization_note": "Physical frontage-road carriageway geometry; not survey/as-built."
      },
      "geometry": {
        "type": "LineString",
        "coordinates": [
          [
            -80.2507508,
            26.0980991
          ],
          [
            -80.2506842,
            26.0980799
          ],
          [
            -80.2503087,
            26.0979683
          ],
          [
            -80.2498704,
            26.0978451
          ],
          [
            -80.2493866,
            26.0977434
          ],
          [
            -80.2489835,
            26.0976698
          ],
          [
            -80.2481579,
            26.0975479
          ],
          [
            -80.2476815,
            26.0974859
          ]
        ]
      }
    },
    {
      "type": "Feature",
      "properties": {
        "@id": "way/376530977",
        "HFCS": "Minor Arterial",
        "cycleway": "lane",
        "hgv": "yes",
        "highway": "primary",
        "lanes": "4",
        "maxspeed": "45 mph",
        "name": "Marina Mile Boulevard",
        "old_ref:1945": "84",
        "oneway": "yes",
        "ref": "SR 84",
        "sidewalk:left": "no",
        "sidewalk:right": "separate",
        "source:maxspeed": "FDOT \"Maximum Speed Limits\" GIS data, updated August 27, 2011: http://www.dot.state.fl.us/planning/statistics/gis/roaddata.shtm",
        "surface": "asphalt",
        "tiger:county": "Broward, FL",
        "corridor": "I-595",
        "road": "SR 84",
        "facility": "frontage_road",
        "direction": "EB",
        "source": "OpenStreetMap / Overpass",
        "classification_basis": "OSM one-way travel direction",
        "visualization_note": "Physical frontage-road carriageway geometry; not survey/as-built."
      },
      "geometry": {
        "type": "LineString",
        "coordinates": [
          [
            -80.1782406,
            26.0859246
          ],
          [
            -80.1779039,
            26.0859993
          ]
        ]
      }
    },
    {
      "type": "Feature",
      "properties": {
        "@id": "way/404408418",
        "HFCS": "Minor Arterial",
        "destination:ref:lanes": "I 595 East|SR 84 East|SR 84 East",
        "hgv": "yes",
        "highway": "primary",
        "lanes": "3",
        "lit": "yes",
        "maxspeed": "45 mph",
        "oneway": "yes",
        "placement": "right_of:2",
        "ref": "SR 84",
        "surface": "asphalt",
        "tiger:county": "Broward, FL",
        "corridor": "I-595",
        "road": "SR 84",
        "facility": "frontage_road",
        "direction": "EB",
        "source": "OpenStreetMap / Overpass",
        "classification_basis": "OSM one-way travel direction",
        "visualization_note": "Physical frontage-road carriageway geometry; not survey/as-built."
      },
      "geometry": {
        "type": "LineString",
        "coordinates": [
          [
            -80.2761199,
            26.1049723
          ],
          [
            -80.2729773,
            26.1042149
          ],
          [
            -80.2727991,
            26.104172
          ]
        ]
      }
    },
    {
      "type": "Feature",
      "properties": {
        "@id": "way/404408419",
        "HFCS": "Minor Arterial",
        "destination": "Airport",
        "destination:lanes": "Airport|",
        "destination:ref": "SR 84 East;I 595 East;US 441 South",
        "destination:ref:lanes": "SR 84 East;I 595 East|US 441 South",
        "hgv": "yes",
        "highway": "primary",
        "lanes": "2",
        "lit": "no",
        "maxspeed": "45 mph",
        "oneway": "yes",
        "ref": "SR 84",
        "surface": "asphalt",
        "tiger:county": "Broward, FL",
        "toll": "no",
        "turn:lanes": "none|through;slight_right",
        "corridor": "I-595",
        "road": "SR 84",
        "facility": "frontage_road",
        "direction": "EB",
        "source": "OpenStreetMap / Overpass",
        "classification_basis": "OSM one-way travel direction",
        "visualization_note": "Physical frontage-road carriageway geometry; not survey/as-built."
      },
      "geometry": {
        "type": "LineString",
        "coordinates": [
          [
            -80.210918,
            26.0887871
          ],
          [
            -80.210153,
            26.0884414
          ],
          [
            -80.2096236,
            26.0881873
          ],
          [
            -80.2092044,
            26.0879756
          ],
          [
            -80.2089883,
            26.0878641
          ],
          [
            -80.2085521,
            26.0876279
          ],
          [
            -80.2081188,
            26.087387
          ],
          [
            -80.20796,
            26.0872922
          ],
          [
            -80.2078059,
            26.0871985
          ],
          [
            -80.2076494,
            26.0871
          ],
          [
            -80.2074976,
            26.0870016
          ],
          [
            -80.2072905,
            26.0868679
          ]
        ]
      }
    },
    {
      "type": "Feature",
      "properties": {
        "@id": "way/404408421",
        "HFCS": "Minor Arterial",
        "cycleway": "lane",
        "hgv": "yes",
        "highway": "primary",
        "lanes": "2",
        "lit": "yes",
        "maxspeed": "45 mph",
        "oneway": "yes",
        "ref": "SR 84",
        "surface": "asphalt",
        "tiger:county": "Broward, FL",
        "corridor": "I-595",
        "road": "SR 84",
        "facility": "frontage_road",
        "direction": "EB",
        "source": "OpenStreetMap / Overpass",
        "classification_basis": "OSM one-way travel direction",
        "visualization_note": "Physical frontage-road carriageway geometry; not survey/as-built."
      },
      "geometry": {
        "type": "LineString",
        "coordinates": [
          [
            -80.2727991,
            26.104172
          ],
          [
            -80.2716396,
            26.1038773
          ],
          [
            -80.2699604,
            26.1034714
          ],
          [
            -80.269583,
            26.1033742
          ],
          [
            -80.269212,
            26.103257
          ],
          [
            -80.2689113,
            26.103184
          ],
          [
            -80.2688374,
            26.1031639
          ],
          [
            -80.267583,
            26.1028579
          ]
        ]
      }
    },
    {
      "type": "Feature",
      "properties": {
        "@id": "way/423214246",
        "HFCS": "Minor Arterial",
        "hgv": "yes",
        "highway": "primary",
        "lanes": "2",
        "lit": "yes",
        "maxspeed": "45 mph",
        "oneway": "yes",
        "ref": "SR 84",
        "surface": "asphalt",
        "tiger:cfcc": "A15",
        "tiger:county": "Broward, FL",
        "toll": "no",
        "turn:lanes": "none|merge_to_left",
        "corridor": "I-595",
        "road": "SR 84",
        "facility": "frontage_road",
        "direction": "EB",
        "source": "OpenStreetMap / Overpass",
        "classification_basis": "OSM one-way travel direction",
        "visualization_note": "Physical frontage-road carriageway geometry; not survey/as-built."
      },
      "geometry": {
        "type": "LineString",
        "coordinates": [
          [
            -80.2258329,
            26.0926441
          ],
          [
            -80.2247749,
            26.0923945
          ]
        ]
      }
    },
    {
      "type": "Feature",
      "properties": {
        "@id": "way/451346646",
        "addr:county": "Broward, FL",
        "bicycle:lanes": "yes|no|no|designated|yes",
        "change:lanes": "no|not_left|not_right|no",
        "cycleway": "lane",
        "destination:lanes": "136th Avenue North|Florida\u2019s Turnpike|Florida\u2019s Turnpike|",
        "destination:ref:to:lanes": "|I 595;I 95|I 595;I 95|",
        "hgv": "yes",
        "highway": "primary",
        "lanes": "4",
        "lit": "no",
        "maxspeed": "55 mph",
        "old_ref:1945": "84",
        "oneway": "yes",
        "placement": "right_of:2",
        "ref": "SR 84",
        "sidewalk": "right",
        "source": "OpenStreetMap / Overpass",
        "source:maxspeed": "FDOT \"Maximum Speed Limits\" GIS data, updated August 27, 2011: http://www.dot.state.fl.us/planning/statistics/gis/roaddata.shtm",
        "surface": "asphalt",
        "turn:lanes": "|||right",
        "vehicle:lanes": "yes|yes|yes|no|yes",
        "zip_left": "33325",
        "zip_right": "33325",
        "corridor": "I-595",
        "road": "SR 84",
        "facility": "frontage_road",
        "direction": "EB",
        "classification_basis": "OSM one-way travel direction",
        "visualization_note": "Physical frontage-road carriageway geometry; not survey/as-built."
      },
      "geometry": {
        "type": "LineString",
        "coordinates": [
          [
            -80.3324165,
            26.1179592
          ],
          [
            -80.3320128,
            26.1179094
          ]
        ]
      }
    },
    {
      "type": "Feature",
      "properties": {
        "@id": "way/479163656",
        "HFCS": "Minor Arterial",
        "addr:county": "Broward, FL",
        "cycleway": "lane",
        "hgv": "yes",
        "highway": "primary",
        "lanes": "3",
        "lit": "yes",
        "maxspeed": "45 mph",
        "oneway": "yes",
        "placement": "right_of:2",
        "ref": "SR 84",
        "sidewalk:left": "no",
        "sidewalk:right": "separate",
        "surface": "asphalt",
        "turn:lanes": "left|left;through|",
        "zip_left": "33325",
        "zip_right": "33325",
        "corridor": "I-595",
        "road": "SR 84",
        "facility": "frontage_road",
        "direction": "EB",
        "source": "OpenStreetMap / Overpass",
        "classification_basis": "OSM one-way travel direction",
        "visualization_note": "Physical frontage-road carriageway geometry; not survey/as-built."
      },
      "geometry": {
        "type": "LineString",
        "coordinates": [
          [
            -80.3141167,
            26.1141919
          ],
          [
            -80.3139035,
            26.1141406
          ],
          [
            -80.3138231,
            26.1141213
          ]
        ]
      }
    },
    {
      "type": "Feature",
      "properties": {
        "@id": "way/479163657",
        "HFCS": "Minor Arterial",
        "addr:county": "Broward, FL",
        "cycleway": "lane",
        "hgv": "yes",
        "highway": "primary",
        "lanes": "4",
        "lit": "yes",
        "maxspeed": "45 mph",
        "oneway": "yes",
        "ref": "SR 84",
        "sidewalk:left": "no",
        "sidewalk:right": "separate",
        "surface": "asphalt",
        "turn:lanes": "reverse;left|left;through|none|right",
        "zip_left": "33325",
        "zip_right": "33325",
        "corridor": "I-595",
        "road": "SR 84",
        "facility": "frontage_road",
        "direction": "EB",
        "source": "OpenStreetMap / Overpass",
        "classification_basis": "OSM one-way travel direction",
        "visualization_note": "Physical frontage-road carriageway geometry; not survey/as-built."
      },
      "geometry": {
        "type": "LineString",
        "coordinates": [
          [
            -80.315107,
            26.1144299
          ],
          [
            -80.314442,
            26.1142701
          ],
          [
            -80.3144072,
            26.1142617
          ]
        ]
      }
    },
    {
      "type": "Feature",
      "properties": {
        "@id": "way/479163658",
        "HFCS": "Minor Arterial",
        "addr:county": "Broward, FL",
        "cycleway": "lane",
        "hgv": "yes",
        "highway": "primary",
        "lanes": "5",
        "lit": "yes",
        "maxspeed": "45 mph",
        "oneway": "yes",
        "placement": "right_of:2",
        "ref": "SR 84",
        "sidewalk:left": "no",
        "sidewalk:right": "separate",
        "surface": "asphalt",
        "turn:lanes": "left|left;through|none|right|right",
        "zip_left": "33325",
        "zip_right": "33325",
        "corridor": "I-595",
        "road": "SR 84",
        "facility": "frontage_road",
        "direction": "EB",
        "source": "OpenStreetMap / Overpass",
        "classification_basis": "OSM one-way travel direction",
        "visualization_note": "Physical frontage-road carriageway geometry; not survey/as-built."
      },
      "geometry": {
        "type": "LineString",
        "coordinates": [
          [
            -80.3157336,
            26.1145778
          ],
          [
            -80.315107,
            26.1144299
          ]
        ]
      }
    },
    {
      "type": "Feature",
      "properties": {
        "@id": "way/479163659",
        "HFCS": "Minor Arterial",
        "addr:county": "Broward, FL",
        "cycleway": "lane",
        "hgv": "yes",
        "highway": "primary",
        "lanes": "2",
        "lit": "yes",
        "maxspeed": "45 mph",
        "oneway": "yes",
        "placement": "transition",
        "ref": "SR 84",
        "sidewalk:left": "no",
        "sidewalk:right": "separate",
        "surface": "asphalt",
        "zip_left": "33325",
        "zip_right": "33325",
        "corridor": "I-595",
        "road": "SR 84",
        "facility": "frontage_road",
        "direction": "EB",
        "source": "OpenStreetMap / Overpass",
        "classification_basis": "OSM one-way travel direction",
        "visualization_note": "Physical frontage-road carriageway geometry; not survey/as-built."
      },
      "geometry": {
        "type": "LineString",
        "coordinates": [
          [
            -80.3176101,
            26.1150134
          ],
          [
            -80.3157336,
            26.1145778
          ]
        ]
      }
    },
    {
      "type": "Feature",
      "properties": {
        "@id": "way/479163660",
        "HFCS": "Minor Arterial",
        "addr:county": "Broward, FL",
        "cycleway": "lane",
        "hgv": "yes",
        "highway": "primary",
        "lanes": "2",
        "lit": "yes",
        "maxspeed": "45 mph",
        "oneway": "yes",
        "placement": "transition",
        "ref": "SR 84",
        "sidewalk:left": "no",
        "sidewalk:right": "separate",
        "surface": "asphalt",
        "zip_left": "33325",
        "zip_right": "33325",
        "corridor": "I-595",
        "road": "SR 84",
        "facility": "frontage_road",
        "direction": "EB",
        "source": "OpenStreetMap / Overpass",
        "classification_basis": "OSM one-way travel direction",
        "visualization_note": "Physical frontage-road carriageway geometry; not survey/as-built."
      },
      "geometry": {
        "type": "LineString",
        "coordinates": [
          [
            -80.3194234,
            26.1154329
          ],
          [
            -80.3176101,
            26.1150134
          ]
        ]
      }
    },
    {
      "type": "Feature",
      "properties": {
        "@id": "way/479163661",
        "HFCS": "Minor Arterial",
        "cycleway": "lane",
        "hgv": "yes",
        "highway": "primary",
        "lanes": "3",
        "lit": "yes",
        "maxspeed": "45 mph",
        "oneway": "yes",
        "placement": "right_of:2",
        "ref": "SR 84",
        "sidewalk:left": "no",
        "sidewalk:right": "separate",
        "surface": "asphalt",
        "tiger:county": "Broward, FL",
        "corridor": "I-595",
        "road": "SR 84",
        "facility": "frontage_road",
        "direction": "EB",
        "source": "OpenStreetMap / Overpass",
        "classification_basis": "OSM one-way travel direction",
        "visualization_note": "Physical frontage-road carriageway geometry; not survey/as-built."
      },
      "geometry": {
        "type": "LineString",
        "coordinates": [
          [
            -80.2881151,
            26.1078995
          ],
          [
            -80.2874964,
            26.1077442
          ],
          [
            -80.2850184,
            26.1071524
          ],
          [
            -80.2831924,
            26.1067068
          ]
        ]
      }
    },
    {
      "type": "Feature",
      "properties": {
        "@id": "way/479163665",
        "HFCS": "Minor Arterial",
        "addr:county": "Broward, FL",
        "cycleway": "lane",
        "hgv": "yes",
        "highway": "primary",
        "lanes": "3",
        "lit": "yes",
        "maxspeed": "45 mph",
        "oneway": "yes",
        "placement": "right_of:2",
        "ref": "SR 84",
        "sidewalk:left": "no",
        "sidewalk:right": "separate",
        "surface": "asphalt",
        "zip_left": "33325",
        "zip_right": "33325",
        "corridor": "I-595",
        "road": "SR 84",
        "facility": "frontage_road",
        "direction": "EB",
        "source": "OpenStreetMap / Overpass",
        "classification_basis": "OSM one-way travel direction",
        "visualization_note": "Physical frontage-road carriageway geometry; not survey/as-built."
      },
      "geometry": {
        "type": "LineString",
        "coordinates": [
          [
            -80.3296511,
            26.1175733
          ],
          [
            -80.3292288,
            26.1175042
          ]
        ]
      }
    },
    {
      "type": "Feature",
      "properties": {
        "@id": "way/479163667",
        "HFCS": "Minor Arterial",
        "addr:county": "Broward, FL",
        "cycleway": "lane",
        "hgv": "yes",
        "highway": "primary",
        "lanes": "2",
        "lit": "yes",
        "maxspeed": "45 mph",
        "oneway": "yes",
        "ref": "SR 84",
        "sidewalk": "right",
        "surface": "asphalt",
        "zip_left": "33325",
        "zip_right": "33325",
        "corridor": "I-595",
        "road": "SR 84",
        "facility": "frontage_road",
        "direction": "EB",
        "source": "OpenStreetMap / Overpass",
        "classification_basis": "OSM one-way travel direction",
        "visualization_note": "Physical frontage-road carriageway geometry; not survey/as-built."
      },
      "geometry": {
        "type": "LineString",
        "coordinates": [
          [
            -80.3300672,
            26.117633
          ],
          [
            -80.3299658,
            26.1176179
          ],
          [
            -80.3296511,
            26.1175733
          ]
        ]
      }
    },
    {
      "type": "Feature",
      "properties": {
        "@id": "way/514268162",
        "HFCS": "Minor Arterial",
        "cycleway": "lane",
        "hgv": "yes",
        "highway": "primary",
        "lanes": "4",
        "lit": "yes",
        "maxspeed": "45 mph",
        "oneway": "yes",
        "placement": "right_of:2",
        "ref": "SR 84",
        "surface": "asphalt",
        "tiger:county": "Broward, FL",
        "turn:lanes": "reverse;left|left;through|none|right",
        "corridor": "I-595",
        "road": "SR 84",
        "facility": "frontage_road",
        "direction": "EB",
        "source": "OpenStreetMap / Overpass",
        "classification_basis": "OSM one-way travel direction",
        "visualization_note": "Physical frontage-road carriageway geometry; not survey/as-built."
      },
      "geometry": {
        "type": "LineString",
        "coordinates": [
          [
            -80.267583,
            26.1028579
          ],
          [
            -80.2661131,
            26.1024993
          ]
        ]
      }
    },
    {
      "type": "Feature",
      "properties": {
        "@id": "way/514268165",
        "HFCS": "Minor Arterial",
        "cycleway": "lane",
        "hgv": "yes",
        "highway": "primary",
        "lanes": "3",
        "lit": "yes",
        "maxspeed": "45 mph",
        "oneway": "yes",
        "ref": "SR 84",
        "sidewalk:left": "no",
        "sidewalk:right": "separate",
        "surface": "asphalt",
        "tiger:county": "Broward, FL",
        "turn:lanes": "none|none|right",
        "corridor": "I-595",
        "road": "SR 84",
        "facility": "frontage_road",
        "direction": "EB",
        "source": "OpenStreetMap / Overpass",
        "classification_basis": "OSM one-way travel direction",
        "visualization_note": "Physical frontage-road carriageway geometry; not survey/as-built."
      },
      "geometry": {
        "type": "LineString",
        "coordinates": [
          [
            -80.2650872,
            26.102249
          ],
          [
            -80.2634661,
            26.1018413
          ]
        ]
      }
    },
    {
      "type": "Feature",
      "properties": {
        "@id": "way/544357558",
        "HFCS": "Minor Arterial",
        "hgv": "yes",
        "highway": "primary",
        "lanes": "3",
        "lit": "yes",
        "maxspeed": "45 mph",
        "oneway": "yes",
        "placement": "right_of:1",
        "ref": "SR 84",
        "sidewalk": "no",
        "surface": "asphalt",
        "tiger:county": "Broward, FL",
        "turn:lanes": "none|none|right",
        "corridor": "I-595",
        "road": "SR 84",
        "facility": "frontage_road",
        "direction": "EB",
        "source": "OpenStreetMap / Overpass",
        "classification_basis": "OSM one-way travel direction",
        "visualization_note": "Physical frontage-road carriageway geometry; not survey/as-built."
      },
      "geometry": {
        "type": "LineString",
        "coordinates": [
          [
            -80.3459399,
            26.118487
          ],
          [
            -80.3457041,
            26.1184307
          ],
          [
            -80.3454581,
            26.1183744
          ],
          [
            -80.3450338,
            26.1182833
          ]
        ]
      }
    },
    {
      "type": "Feature",
      "properties": {
        "@id": "way/544357559",
        "HFCS": "Minor Arterial",
        "hgv": "yes",
        "highway": "primary",
        "lanes": "2",
        "lit": "yes",
        "maxspeed": "45 mph",
        "oneway": "yes",
        "ref": "SR 84",
        "sidewalk": "no",
        "surface": "asphalt",
        "tiger:county": "Broward, FL",
        "corridor": "I-595",
        "road": "SR 84",
        "facility": "frontage_road",
        "direction": "EB",
        "source": "OpenStreetMap / Overpass",
        "classification_basis": "OSM one-way travel direction",
        "visualization_note": "Physical frontage-road carriageway geometry; not survey/as-built."
      },
      "geometry": {
        "type": "LineString",
        "coordinates": [
          [
            -80.3491433,
            26.1194184
          ],
          [
            -80.3487117,
            26.1192776
          ],
          [
            -80.3481369,
            26.1191055
          ],
          [
            -80.3473273,
            26.1188555
          ],
          [
            -80.3469891,
            26.1187609
          ],
          [
            -80.3466383,
            26.1186663
          ],
          [
            -80.3462942,
            26.1185766
          ],
          [
            -80.3459399,
            26.118487
          ]
        ]
      }
    },
    {
      "type": "Feature",
      "properties": {
        "@id": "way/544357560",
        "HFCS": "Minor Arterial",
        "hgv": "yes",
        "highway": "primary",
        "lanes": "3",
        "lit": "yes",
        "maxspeed": "45 mph",
        "oneway": "yes",
        "placement": "right_of:1",
        "ref": "SR 84",
        "sidewalk": "right",
        "surface": "asphalt",
        "tiger:county": "Broward, FL",
        "turn:lanes": "none|none|merge_to_left",
        "corridor": "I-595",
        "road": "SR 84",
        "facility": "frontage_road",
        "direction": "EB",
        "source": "OpenStreetMap / Overpass",
        "classification_basis": "OSM one-way travel direction",
        "visualization_note": "Physical frontage-road carriageway geometry; not survey/as-built."
      },
      "geometry": {
        "type": "LineString",
        "coordinates": [
          [
            -80.3431483,
            26.1179861
          ],
          [
            -80.3426541,
            26.1179367
          ],
          [
            -80.3421794,
            26.1178976
          ],
          [
            -80.3416919,
            26.1178717
          ],
          [
            -80.3410884,
            26.1178524
          ]
        ]
      }
    },
    {
      "type": "Feature",
      "properties": {
        "@id": "way/681707818",
        "HFCS": "Minor Arterial",
        "hgv": "yes",
        "highway": "primary",
        "lanes": "2",
        "lit": "yes",
        "maxspeed": "45 mph",
        "oneway": "yes",
        "ref": "SR 84",
        "sidewalk": "right",
        "surface": "asphalt",
        "tiger:county": "Broward, FL",
        "corridor": "I-595",
        "road": "SR 84",
        "facility": "frontage_road",
        "direction": "EB",
        "source": "OpenStreetMap / Overpass",
        "classification_basis": "OSM one-way travel direction",
        "visualization_note": "Physical frontage-road carriageway geometry; not survey/as-built."
      },
      "geometry": {
        "type": "LineString",
        "coordinates": [
          [
            -80.3605859,
            26.1246112
          ],
          [
            -80.3605562,
            26.1245949
          ],
          [
            -80.3601807,
            26.124403
          ]
        ]
      }
    },
    {
      "type": "Feature",
      "properties": {
        "@id": "way/681756930",
        "HFCS": "Minor Arterial",
        "cycleway": "lane",
        "hgv": "yes",
        "highway": "primary",
        "lanes": "2",
        "lit": "yes",
        "maxspeed": "45 mph",
        "oneway": "yes",
        "ref": "SR 84",
        "sidewalk:left": "no",
        "sidewalk:right": "separate",
        "surface": "asphalt",
        "tiger:cfcc": "A15",
        "tiger:county": "Broward, FL",
        "toll": "no",
        "corridor": "I-595",
        "road": "SR 84",
        "facility": "frontage_road",
        "direction": "EB",
        "source": "OpenStreetMap / Overpass",
        "classification_basis": "OSM one-way travel direction",
        "visualization_note": "Physical frontage-road carriageway geometry; not survey/as-built."
      },
      "geometry": {
        "type": "LineString",
        "coordinates": [
          [
            -80.2364572,
            26.0952714
          ],
          [
            -80.235925,
            26.0951581
          ],
          [
            -80.2356862,
            26.0951051
          ],
          [
            -80.2349225,
            26.0949282
          ],
          [
            -80.2339723,
            26.0946958
          ],
          [
            -80.2321524,
            26.0942242
          ],
          [
            -80.2306742,
            26.0938412
          ],
          [
            -80.2305271,
            26.0938055
          ],
          [
            -80.2280892,
            26.0932129
          ]
        ]
      }
    },
    {
      "type": "Feature",
      "properties": {
        "@id": "way/741612607",
        "HFCS": "Minor Arterial",
        "hgv": "yes",
        "highway": "primary",
        "lanes": "2",
        "lit": "yes",
        "oneway": "yes",
        "ref": "SR 84",
        "sidewalk": "right",
        "surface": "asphalt",
        "tiger:county": "Broward, FL",
        "toll": "no",
        "corridor": "I-595",
        "road": "SR 84",
        "facility": "frontage_road",
        "direction": "EB",
        "source": "OpenStreetMap / Overpass",
        "classification_basis": "OSM one-way travel direction",
        "visualization_note": "Physical frontage-road carriageway geometry; not survey/as-built."
      },
      "geometry": {
        "type": "LineString",
        "coordinates": [
          [
            -80.227059,
            26.0929549
          ],
          [
            -80.2269387,
            26.0929264
          ],
          [
            -80.2268306,
            26.0929009
          ],
          [
            -80.2263935,
            26.0927916
          ]
        ]
      }
    },
    {
      "type": "Feature",
      "properties": {
        "@id": "way/997657010",
        "HFCS": "Urban Minor Arterial",
        "addr:county": "Broward, FL",
        "change:lanes": "no|no|not_left|yes",
        "cycleway": "lane",
        "destination:lanes": "136th Avenue North|136th Avenue North|Florida\u2019s Turnpike|Florida\u2019s Turnpike",
        "destination:ref:to:lanes": "||I 595;I 95|I 595;I 95",
        "hgv": "yes",
        "highway": "primary",
        "lanes": "4",
        "lit": "yes",
        "maxspeed": "45 mph",
        "oneway": "yes",
        "placement": "right_of:3",
        "ref": "SR 84",
        "sidewalk": "right",
        "source": "OpenStreetMap / Overpass",
        "surface": "asphalt",
        "turn:lanes": "left|left||",
        "zip_left": "33325",
        "zip_right": "33325",
        "corridor": "I-595",
        "road": "SR 84",
        "facility": "frontage_road",
        "direction": "EB",
        "classification_basis": "OSM one-way travel direction",
        "visualization_note": "Physical frontage-road carriageway geometry; not survey/as-built."
      },
      "geometry": {
        "type": "LineString",
        "coordinates": [
          [
            -80.3320128,
            26.1179094
          ],
          [
            -80.3315185,
            26.1178407
          ]
        ]
      }
    },
    {
      "type": "Feature",
      "properties": {
        "@id": "way/997657011",
        "HFCS": "Minor Arterial",
        "addr:county": "Broward, FL",
        "bicycle:lanes": "no|no|yes|no|no|designated|yes",
        "change:lanes": "yes|not_right|no|not_left|not_right|no",
        "cycleway": "lane",
        "destination:lanes": "|136th Avenue North|136th Avenue North|Florida\u2019s Turnpike|Florida\u2019s Turnpike|136th Avenue South",
        "destination:ref:to:lanes": "|||I 595;I 95|I 595;I 95|",
        "hgv": "yes",
        "highway": "primary",
        "lanes": "6",
        "lit": "yes",
        "maxspeed": "45 mph",
        "oneway": "yes",
        "placement": "right_of:4",
        "ref": "SR 84",
        "sidewalk": "right",
        "surface": "asphalt",
        "turn:lanes": "reverse|left|left|||through|right",
        "vehicle:lanes": "yes|yes|yes|yes|yes|no|yes",
        "zip_left": "33325",
        "zip_right": "33325",
        "corridor": "I-595",
        "road": "SR 84",
        "facility": "frontage_road",
        "direction": "EB",
        "source": "OpenStreetMap / Overpass",
        "classification_basis": "OSM one-way travel direction",
        "visualization_note": "Physical frontage-road carriageway geometry; not survey/as-built."
      },
      "geometry": {
        "type": "LineString",
        "coordinates": [
          [
            -80.3310799,
            26.1177797
          ],
          [
            -80.3308656,
            26.1177499
          ]
        ]
      }
    },
    {
      "type": "Feature",
      "properties": {
        "@id": "way/1055597613",
        "HFCS": "Minor Arterial",
        "cycleway": "lane",
        "hgv": "yes",
        "highway": "primary",
        "lanes": "5",
        "maxspeed": "45 mph",
        "name": "Marina Mile Boulevard",
        "old_ref:1945": "84",
        "oneway": "yes",
        "ref": "SR 84",
        "sidewalk:left": "no",
        "sidewalk:right": "separate",
        "source:maxspeed": "FDOT \"Maximum Speed Limits\" GIS data, updated August 27, 2011: http://www.dot.state.fl.us/planning/statistics/gis/roaddata.shtm",
        "surface": "asphalt",
        "tiger:county": "Broward, FL",
        "turn:lanes": "||||right",
        "corridor": "I-595",
        "road": "SR 84",
        "facility": "frontage_road",
        "direction": "EB",
        "source": "OpenStreetMap / Overpass",
        "classification_basis": "OSM one-way travel direction",
        "visualization_note": "Physical frontage-road carriageway geometry; not survey/as-built."
      },
      "geometry": {
        "type": "LineString",
        "coordinates": [
          [
            -80.1796992,
            26.0856346
          ],
          [
            -80.1788269,
            26.0857972
          ]
        ]
      }
    },
    {
      "type": "Feature",
      "properties": {
        "@id": "way/1055597614",
        "HFCS": "Minor Arterial",
        "cycleway": "lane",
        "hgv": "yes",
        "highway": "primary",
        "lanes": "4",
        "maxspeed": "45 mph",
        "name": "Marina Mile Boulevard",
        "old_ref:1945": "84",
        "oneway": "yes",
        "ref": "SR 84",
        "sidewalk:left": "no",
        "sidewalk:right": "separate",
        "source:maxspeed": "FDOT \"Maximum Speed Limits\" GIS data, updated August 27, 2011: http://www.dot.state.fl.us/planning/statistics/gis/roaddata.shtm",
        "surface": "asphalt",
        "tiger:county": "Broward, FL",
        "corridor": "I-595",
        "road": "SR 84",
        "facility": "frontage_road",
        "direction": "EB",
        "source": "OpenStreetMap / Overpass",
        "classification_basis": "OSM one-way travel direction",
        "visualization_note": "Physical frontage-road carriageway geometry; not survey/as-built."
      },
      "geometry": {
        "type": "LineString",
        "coordinates": [
          [
            -80.1788269,
            26.0857972
          ],
          [
            -80.1787497,
            26.0858116
          ],
          [
            -80.1784155,
            26.0858858
          ]
        ]
      }
    },
    {
      "type": "Feature",
      "properties": {
        "@id": "way/1055597615",
        "HFCS": "Minor Arterial",
        "cycleway": "lane",
        "hgv": "yes",
        "highway": "primary",
        "lanes": "5",
        "maxspeed": "45 mph",
        "name": "Marina Mile Boulevard",
        "old_ref:1945": "84",
        "oneway": "yes",
        "ref": "SR 84",
        "sidewalk:left": "no",
        "sidewalk:right": "separate",
        "source:maxspeed": "FDOT \"Maximum Speed Limits\" GIS data, updated August 27, 2011: http://www.dot.state.fl.us/planning/statistics/gis/roaddata.shtm",
        "surface": "asphalt",
        "tiger:county": "Broward, FL",
        "corridor": "I-595",
        "road": "SR 84",
        "facility": "frontage_road",
        "direction": "EB",
        "source": "OpenStreetMap / Overpass",
        "classification_basis": "OSM one-way travel direction",
        "visualization_note": "Physical frontage-road carriageway geometry; not survey/as-built."
      },
      "geometry": {
        "type": "LineString",
        "coordinates": [
          [
            -80.1784155,
            26.0858858
          ],
          [
            -80.1782991,
            26.0859116
          ],
          [
            -80.1782406,
            26.0859246
          ]
        ]
      }
    },
    {
      "type": "Feature",
      "properties": {
        "@id": "way/1067533215",
        "HFCS": "Minor Arterial",
        "cycleway": "lane",
        "hgv": "yes",
        "highway": "primary",
        "lanes": "2",
        "lit": "yes",
        "maxspeed": "50 mph",
        "oneway": "yes",
        "ref": "SR 84",
        "sidewalk:left": "no",
        "sidewalk:right": "separate",
        "source:maxspeed": "FDOT \"Maximum Speed Limits\" GIS data, updated August 27, 2011: http://www.dot.state.fl.us/planning/statistics/gis/roaddata.shtm",
        "surface": "asphalt",
        "tiger:county": "Broward, FL",
        "corridor": "I-595",
        "road": "SR 84",
        "facility": "frontage_road",
        "direction": "EB",
        "source": "OpenStreetMap / Overpass",
        "classification_basis": "OSM one-way travel direction",
        "visualization_note": "Physical frontage-road carriageway geometry; not survey/as-built."
      },
      "geometry": {
        "type": "LineString",
        "coordinates": [
          [
            -80.2280892,
            26.0932129
          ],
          [
            -80.2279283,
            26.0931713
          ]
        ]
      }
    },
    {
      "type": "Feature",
      "properties": {
        "@id": "way/1068219164",
        "HFCS": "Minor Arterial",
        "addr:county": "Broward, FL",
        "cycleway": "lane",
        "hgv": "yes",
        "highway": "primary",
        "lanes": "4",
        "lit": "yes",
        "maxspeed": "45 mph",
        "oneway": "yes",
        "ref": "SR 84",
        "sidewalk:left": "no",
        "sidewalk:right": "separate",
        "surface": "asphalt",
        "turn:lanes": "left|left;through|none|right",
        "zip_left": "33325",
        "zip_right": "33325",
        "corridor": "I-595",
        "road": "SR 84",
        "facility": "frontage_road",
        "direction": "EB",
        "source": "OpenStreetMap / Overpass",
        "classification_basis": "OSM one-way travel direction",
        "visualization_note": "Physical frontage-road carriageway geometry; not survey/as-built."
      },
      "geometry": {
        "type": "LineString",
        "coordinates": [
          [
            -80.3144072,
            26.1142617
          ],
          [
            -80.3141167,
            26.1141919
          ]
        ]
      }
    },
    {
      "type": "Feature",
      "properties": {
        "@id": "way/1085013828",
        "HFCS": "Minor Arterial",
        "cycleway": "lane",
        "hgv": "yes",
        "highway": "primary",
        "lanes": "4",
        "lit": "yes",
        "maxspeed": "45 mph",
        "oneway": "yes",
        "placement": "right_of:2",
        "ref": "SR 84",
        "surface": "asphalt",
        "tiger:county": "Broward, FL",
        "turn:lanes": "left|left;through|none|right",
        "corridor": "I-595",
        "road": "SR 84",
        "facility": "frontage_road",
        "direction": "EB",
        "source": "OpenStreetMap / Overpass",
        "classification_basis": "OSM one-way travel direction",
        "visualization_note": "Physical frontage-road carriageway geometry; not survey/as-built."
      },
      "geometry": {
        "type": "LineString",
        "coordinates": [
          [
            -80.2661131,
            26.1024993
          ],
          [
            -80.2657839,
            26.102419
          ],
          [
            -80.265727,
            26.1024051
          ]
        ]
      }
    },
    {
      "type": "Feature",
      "properties": {
        "@id": "way/1117812673",
        "HFCS": "Minor Arterial",
        "addr:county": "Broward, FL",
        "cycleway": "lane",
        "hgv": "yes",
        "highway": "primary",
        "lanes": "3",
        "lit": "yes",
        "maxspeed": "45 mph",
        "oneway": "yes",
        "ref": "SR 84",
        "sidewalk:left": "no",
        "sidewalk:right": "separate",
        "surface": "asphalt",
        "turn:lanes": "||right",
        "zip_left": "33325",
        "zip_right": "33325",
        "corridor": "I-595",
        "road": "SR 84",
        "facility": "frontage_road",
        "direction": "EB",
        "source": "OpenStreetMap / Overpass",
        "classification_basis": "OSM one-way travel direction",
        "visualization_note": "Physical frontage-road carriageway geometry; not survey/as-built."
      },
      "geometry": {
        "type": "LineString",
        "coordinates": [
          [
            -80.3203083,
            26.1156542
          ],
          [
            -80.3194234,
            26.1154329
          ]
        ]
      }
    },
    {
      "type": "Feature",
      "properties": {
        "@id": "way/1117812674",
        "HFCS": "Minor Arterial",
        "addr:county": "Broward, FL",
        "cycleway": "lane",
        "hgv": "yes",
        "highway": "primary",
        "lanes": "2",
        "lit": "yes",
        "maxspeed": "45 mph",
        "oneway": "yes",
        "ref": "SR 84",
        "sidewalk:left": "no",
        "sidewalk:right": "separate",
        "surface": "asphalt",
        "zip_left": "33325",
        "zip_right": "33325",
        "corridor": "I-595",
        "road": "SR 84",
        "facility": "frontage_road",
        "direction": "EB",
        "source": "OpenStreetMap / Overpass",
        "classification_basis": "OSM one-way travel direction",
        "visualization_note": "Physical frontage-road carriageway geometry; not survey/as-built."
      },
      "geometry": {
        "type": "LineString",
        "coordinates": [
          [
            -80.3207468,
            26.1157627
          ],
          [
            -80.3205141,
            26.1157057
          ],
          [
            -80.3203083,
            26.1156542
          ]
        ]
      }
    },
    {
      "type": "Feature",
      "properties": {
        "@id": "way/1117812675",
        "HFCS": "Minor Arterial",
        "addr:county": "Broward, FL",
        "cycleway": "lane",
        "hgv": "yes",
        "highway": "primary",
        "lanes": "3",
        "lit": "yes",
        "maxspeed": "45 mph",
        "oneway": "yes",
        "ref": "SR 84",
        "sidewalk:left": "no",
        "sidewalk:right": "separate",
        "surface": "asphalt",
        "turn:lanes": "||right",
        "zip_left": "33325",
        "zip_right": "33325",
        "corridor": "I-595",
        "road": "SR 84",
        "facility": "frontage_road",
        "direction": "EB",
        "source": "OpenStreetMap / Overpass",
        "classification_basis": "OSM one-way travel direction",
        "visualization_note": "Physical frontage-road carriageway geometry; not survey/as-built."
      },
      "geometry": {
        "type": "LineString",
        "coordinates": [
          [
            -80.3216199,
            26.1159765
          ],
          [
            -80.3207468,
            26.1157627
          ]
        ]
      }
    },
    {
      "type": "Feature",
      "properties": {
        "@id": "way/1117812676",
        "HFCS": "Minor Arterial",
        "addr:county": "Broward, FL",
        "cycleway": "lane",
        "hgv": "yes",
        "highway": "primary",
        "lanes": "2",
        "lit": "yes",
        "maxspeed": "45 mph",
        "oneway": "yes",
        "ref": "SR 84",
        "sidewalk:left": "no",
        "sidewalk:right": "separate",
        "surface": "asphalt",
        "zip_left": "33325",
        "zip_right": "33325",
        "corridor": "I-595",
        "road": "SR 84",
        "facility": "frontage_road",
        "direction": "EB",
        "source": "OpenStreetMap / Overpass",
        "classification_basis": "OSM one-way travel direction",
        "visualization_note": "Physical frontage-road carriageway geometry; not survey/as-built."
      },
      "geometry": {
        "type": "LineString",
        "coordinates": [
          [
            -80.3220285,
            26.1160766
          ],
          [
            -80.3216199,
            26.1159765
          ]
        ]
      }
    },
    {
      "type": "Feature",
      "properties": {
        "@id": "way/1117812677",
        "HFCS": "Minor Arterial",
        "addr:county": "Broward, FL",
        "cycleway": "lane",
        "hgv": "yes",
        "highway": "primary",
        "lanes": "3",
        "lit": "yes",
        "maxspeed": "45 mph",
        "oneway": "yes",
        "ref": "SR 84",
        "sidewalk:left": "no",
        "sidewalk:right": "separate",
        "surface": "asphalt",
        "turn:lanes": "||right",
        "zip_left": "33325",
        "zip_right": "33325",
        "corridor": "I-595",
        "road": "SR 84",
        "facility": "frontage_road",
        "direction": "EB",
        "source": "OpenStreetMap / Overpass",
        "classification_basis": "OSM one-way travel direction",
        "visualization_note": "Physical frontage-road carriageway geometry; not survey/as-built."
      },
      "geometry": {
        "type": "LineString",
        "coordinates": [
          [
            -80.3229852,
            26.1163074
          ],
          [
            -80.3228849,
            26.1162832
          ],
          [
            -80.3228677,
            26.116279
          ],
          [
            -80.3224926,
            26.1161886
          ],
          [
            -80.3224675,
            26.1161825
          ],
          [
            -80.3220285,
            26.1160766
          ]
        ]
      }
    },
    {
      "type": "Feature",
      "properties": {
        "@id": "way/1117812678",
        "HFCS": "Minor Arterial",
        "addr:county": "Broward, FL",
        "cycleway": "lane",
        "hgv": "yes",
        "highway": "primary",
        "lanes": "3",
        "lit": "yes",
        "maxspeed": "45 mph",
        "oneway": "yes",
        "ref": "SR 84",
        "sidewalk:left": "no",
        "sidewalk:right": "separate",
        "surface": "asphalt",
        "turn:lanes": "||right",
        "zip_left": "33325",
        "zip_right": "33325",
        "corridor": "I-595",
        "road": "SR 84",
        "facility": "frontage_road",
        "direction": "EB",
        "source": "OpenStreetMap / Overpass",
        "classification_basis": "OSM one-way travel direction",
        "visualization_note": "Physical frontage-road carriageway geometry; not survey/as-built."
      },
      "geometry": {
        "type": "LineString",
        "coordinates": [
          [
            -80.3266727,
            26.1171221
          ],
          [
            -80.3263062,
            26.1170644
          ],
          [
            -80.3261128,
            26.1170324
          ]
        ]
      }
    },
    {
      "type": "Feature",
      "properties": {
        "@id": "way/1124159978",
        "HFCS": "Minor Arterial",
        "cycleway": "lane",
        "destination:ref:lanes": "I 595 East|none|none",
        "hgv": "yes",
        "highway": "primary",
        "lanes": "3",
        "lit": "yes",
        "maxspeed": "45 mph",
        "oneway": "yes",
        "placement": "right_of:2",
        "ref": "SR 84",
        "sidewalk:left": "no",
        "sidewalk:right": "separate",
        "surface": "asphalt",
        "tiger:county": "Broward, FL",
        "turn:lanes": "slight_left||",
        "corridor": "I-595",
        "road": "SR 84",
        "facility": "frontage_road",
        "direction": "EB",
        "source": "OpenStreetMap / Overpass",
        "classification_basis": "OSM one-way travel direction",
        "visualization_note": "Physical frontage-road carriageway geometry; not survey/as-built."
      },
      "geometry": {
        "type": "LineString",
        "coordinates": [
          [
            -80.3050364,
            26.1119578
          ],
          [
            -80.3044423,
            26.1117994
          ]
        ]
      }
    },
    {
      "type": "Feature",
      "properties": {
        "@id": "way/1168266419",
        "HFCS": "Minor Arterial",
        "cycleway": "lane",
        "hgv": "yes",
        "highway": "primary",
        "lanes": "3",
        "maxspeed": "45 mph",
        "name": "Marina Mile Boulevard",
        "old_ref:1945": "84",
        "oneway": "yes",
        "ref": "SR 84",
        "sidewalk:both": "no",
        "source:maxspeed": "FDOT \"Maximum Speed Limits\" GIS data, updated August 27, 2011: http://www.dot.state.fl.us/planning/statistics/gis/roaddata.shtm",
        "surface": "asphalt",
        "tiger:county": "Broward, FL",
        "corridor": "I-595",
        "road": "SR 84",
        "facility": "frontage_road",
        "direction": "EB",
        "source": "OpenStreetMap / Overpass",
        "classification_basis": "OSM one-way travel direction",
        "visualization_note": "Physical frontage-road carriageway geometry; not survey/as-built."
      },
      "geometry": {
        "type": "LineString",
        "coordinates": [
          [
            -80.1825129,
            26.0853069
          ],
          [
            -80.1817672,
            26.0853893
          ],
          [
            -80.1814597,
            26.085424
          ]
        ]
      }
    },
    {
      "type": "Feature",
      "properties": {
        "@id": "way/1168266420",
        "HFCS": "Minor Arterial",
        "cycleway": "lane",
        "hgv": "yes",
        "highway": "primary",
        "lanes": "4",
        "maxspeed": "45 mph",
        "name": "Marina Mile Boulevard",
        "old_ref:1945": "84",
        "oneway": "yes",
        "ref": "SR 84",
        "sidewalk:left": "no",
        "sidewalk:right": "separate",
        "source:maxspeed": "FDOT \"Maximum Speed Limits\" GIS data, updated August 27, 2011: http://www.dot.state.fl.us/planning/statistics/gis/roaddata.shtm",
        "surface": "asphalt",
        "tiger:county": "Broward, FL",
        "turn:lanes": "|||right",
        "corridor": "I-595",
        "road": "SR 84",
        "facility": "frontage_road",
        "direction": "EB",
        "source": "OpenStreetMap / Overpass",
        "classification_basis": "OSM one-way travel direction",
        "visualization_note": "Physical frontage-road carriageway geometry; not survey/as-built."
      },
      "geometry": {
        "type": "LineString",
        "coordinates": [
          [
            -80.1814597,
            26.085424
          ],
          [
            -80.181132,
            26.0854609
          ],
          [
            -80.1809516,
            26.0854812
          ]
        ]
      }
    },
    {
      "type": "Feature",
      "properties": {
        "@id": "way/1168266421",
        "HFCS": "Minor Arterial",
        "cycleway": "lane",
        "hgv": "yes",
        "highway": "primary",
        "lanes": "5",
        "maxspeed": "45 mph",
        "name": "Marina Mile Boulevard",
        "old_ref:1945": "84",
        "oneway": "yes",
        "ref": "SR 84",
        "sidewalk": "no",
        "source:maxspeed": "FDOT \"Maximum Speed Limits\" GIS data, updated August 27, 2011: http://www.dot.state.fl.us/planning/statistics/gis/roaddata.shtm",
        "surface": "asphalt",
        "tiger:county": "Broward, FL",
        "turn:lanes": "reverse||||right",
        "corridor": "I-595",
        "road": "SR 84",
        "facility": "frontage_road",
        "direction": "EB",
        "source": "OpenStreetMap / Overpass",
        "classification_basis": "OSM one-way travel direction",
        "visualization_note": "Physical frontage-road carriageway geometry; not survey/as-built."
      },
      "geometry": {
        "type": "LineString",
        "coordinates": [
          [
            -80.1809516,
            26.0854812
          ],
          [
            -80.180474,
            26.085535
          ]
        ]
      }
    },
    {
      "type": "Feature",
      "properties": {
        "@id": "way/1168266423",
        "HFCS": "Minor Arterial",
        "cycleway": "lane",
        "hgv": "yes",
        "highway": "primary",
        "maxspeed": "45 mph",
        "name": "Marina Mile Boulevard",
        "old_ref:1945": "84",
        "oneway": "yes",
        "ref": "SR 84",
        "sidewalk": "no",
        "source:maxspeed": "FDOT \"Maximum Speed Limits\" GIS data, updated August 27, 2011: http://www.dot.state.fl.us/planning/statistics/gis/roaddata.shtm",
        "surface": "asphalt",
        "tiger:county": "Broward, FL",
        "corridor": "I-595",
        "road": "SR 84",
        "facility": "frontage_road",
        "direction": "EB",
        "source": "OpenStreetMap / Overpass",
        "classification_basis": "OSM one-way travel direction",
        "visualization_note": "Physical frontage-road carriageway geometry; not survey/as-built."
      },
      "geometry": {
        "type": "LineString",
        "coordinates": [
          [
            -80.180474,
            26.085535
          ],
          [
            -80.1803348,
            26.085551
          ]
        ]
      }
    },
    {
      "type": "Feature",
      "properties": {
        "@id": "way/1180172944",
        "HFCS": "Minor Arterial",
        "foot": "no",
        "hgv": "yes",
        "highway": "primary",
        "lanes": "2",
        "maxspeed": "50 mph",
        "name": "Marina Mile Boulevard",
        "oneway": "yes",
        "ref": "SR 84",
        "sidewalk": "no",
        "source:maxspeed": "FDOT \"Maximum Speed Limits\" GIS data, updated August 27, 2011: http://www.dot.state.fl.us/planning/statistics/gis/roaddata.shtm",
        "surface": "asphalt",
        "tiger:county": "Broward, FL",
        "corridor": "I-595",
        "road": "SR 84",
        "facility": "frontage_road",
        "direction": "EB",
        "source": "OpenStreetMap / Overpass",
        "classification_basis": "OSM one-way travel direction",
        "visualization_note": "Physical frontage-road carriageway geometry; not survey/as-built."
      },
      "geometry": {
        "type": "LineString",
        "coordinates": [
          [
            -80.1895526,
            26.0845433
          ],
          [
            -80.1891631,
            26.0845756
          ],
          [
            -80.1886477,
            26.0846273
          ]
        ]
      }
    },
    {
      "type": "Feature",
      "properties": {
        "@id": "way/1223726557",
        "HFCS": "Minor Arterial",
        "cycleway": "lane",
        "destination:ref": "SR 84 East",
        "hgv": "yes",
        "highway": "primary",
        "lanes": "2",
        "lit": "yes",
        "maxspeed": "45 mph",
        "oneway": "yes",
        "ref": "SR 84",
        "sidewalk:left": "no",
        "sidewalk:right": "separate",
        "surface": "asphalt",
        "tiger:cfcc": "A15",
        "tiger:county": "Broward, FL",
        "toll": "no",
        "corridor": "I-595",
        "road": "SR 84",
        "facility": "frontage_road",
        "direction": "EB",
        "source": "OpenStreetMap / Overpass",
        "classification_basis": "OSM one-way travel direction",
        "visualization_note": "Physical frontage-road carriageway geometry; not survey/as-built."
      },
      "geometry": {
        "type": "LineString",
        "coordinates": [
          [
            -80.2433007,
            26.0967896
          ],
          [
            -80.2411518,
            26.0962655
          ]
        ]
      }
    },
    {
      "type": "Feature",
      "properties": {
        "@id": "way/1305240828",
        "HFCS": "Minor Arterial",
        "cycleway": "lane",
        "hgv": "yes",
        "highway": "primary",
        "lanes": "2",
        "lit": "yes",
        "maxspeed": "45 mph",
        "oneway": "yes",
        "ref": "SR 84",
        "sidewalk:left": "no",
        "sidewalk:right": "separate",
        "surface": "asphalt",
        "tiger:county": "Broward, FL",
        "corridor": "I-595",
        "road": "SR 84",
        "facility": "frontage_road",
        "direction": "EB",
        "source": "OpenStreetMap / Overpass",
        "classification_basis": "OSM one-way travel direction",
        "visualization_note": "Physical frontage-road carriageway geometry; not survey/as-built."
      },
      "geometry": {
        "type": "LineString",
        "coordinates": [
          [
            -80.265727,
            26.1024051
          ],
          [
            -80.265577,
            26.1023799
          ],
          [
            -80.265521,
            26.1023649
          ],
          [
            -80.2650872,
            26.102249
          ]
        ]
      }
    },
    {
      "type": "Feature",
      "properties": {
        "@id": "way/1308821286",
        "HFCS": "Minor Arterial",
        "hgv": "yes",
        "highway": "primary",
        "lanes": "4",
        "lit": "yes",
        "maxspeed": "45 mph",
        "oneway": "yes",
        "ref": "SR 84",
        "sidewalk": "right",
        "surface": "asphalt",
        "tiger:county": "Broward, FL",
        "turn:lanes": "reverse;left|through|through|right",
        "corridor": "I-595",
        "road": "SR 84",
        "facility": "frontage_road",
        "direction": "EB",
        "source": "OpenStreetMap / Overpass",
        "classification_basis": "OSM one-way travel direction",
        "visualization_note": "Physical frontage-road carriageway geometry; not survey/as-built."
      },
      "geometry": {
        "type": "LineString",
        "coordinates": [
          [
            -80.3615175,
            26.1250384
          ],
          [
            -80.3611962,
            26.1248977
          ]
        ]
      }
    },
    {
      "type": "Feature",
      "properties": {
        "@id": "way/1308821287",
        "HFCS": "Minor Arterial",
        "hgv": "yes",
        "highway": "primary",
        "lanes": "4",
        "lit": "yes",
        "maxspeed": "45 mph",
        "oneway": "yes",
        "ref": "SR 84",
        "sidewalk": "right",
        "surface": "asphalt",
        "tiger:county": "Broward, FL",
        "turn:lanes": "left|through|through|right",
        "corridor": "I-595",
        "road": "SR 84",
        "facility": "frontage_road",
        "direction": "EB",
        "source": "OpenStreetMap / Overpass",
        "classification_basis": "OSM one-way travel direction",
        "visualization_note": "Physical frontage-road carriageway geometry; not survey/as-built."
      },
      "geometry": {
        "type": "LineString",
        "coordinates": [
          [
            -80.3611962,
            26.1248977
          ],
          [
            -80.3608212,
            26.1247161
          ],
          [
            -80.3606932,
            26.1246541
          ]
        ]
      }
    },
    {
      "type": "Feature",
      "properties": {
        "@id": "way/1308821288",
        "HFCS": "Minor Arterial",
        "hgv": "yes",
        "highway": "primary",
        "lanes": "3",
        "lit": "yes",
        "maxspeed": "45 mph",
        "oneway": "yes",
        "ref": "SR 84",
        "sidewalk": "right",
        "surface": "asphalt",
        "tiger:county": "Broward, FL",
        "turn:lanes": "left|through|through",
        "corridor": "I-595",
        "road": "SR 84",
        "facility": "frontage_road",
        "direction": "EB",
        "source": "OpenStreetMap / Overpass",
        "classification_basis": "OSM one-way travel direction",
        "visualization_note": "Physical frontage-road carriageway geometry; not survey/as-built."
      },
      "geometry": {
        "type": "LineString",
        "coordinates": [
          [
            -80.3606932,
            26.1246541
          ],
          [
            -80.3605859,
            26.1246112
          ]
        ]
      }
    },
    {
      "type": "Feature",
      "properties": {
        "@id": "way/1313170992",
        "HFCS": "Minor Arterial",
        "cycleway": "lane",
        "hgv": "yes",
        "highway": "primary",
        "lanes": "2",
        "lit": "yes",
        "maxspeed": "50 mph",
        "oneway": "yes",
        "ref": "SR 84",
        "sidewalk:left": "no",
        "sidewalk:right": "separate",
        "source": "OpenStreetMap / Overpass",
        "source:maxspeed": "FDOT \"Maximum Speed Limits\" GIS data, updated August 27, 2011: http://www.dot.state.fl.us/planning/statistics/gis/roaddata.shtm",
        "surface": "asphalt",
        "tiger:county": "Broward, FL",
        "corridor": "I-595",
        "road": "SR 84",
        "facility": "frontage_road",
        "direction": "EB",
        "classification_basis": "OSM one-way travel direction",
        "visualization_note": "Physical frontage-road carriageway geometry; not survey/as-built."
      },
      "geometry": {
        "type": "LineString",
        "coordinates": [
          [
            -80.2442205,
            26.0970041
          ],
          [
            -80.2438967,
            26.0969318
          ]
        ]
      }
    },
    {
      "type": "Feature",
      "properties": {
        "@id": "way/1313170993",
        "HFCS": "Minor Arterial",
        "cycleway": "lane",
        "hgv": "yes",
        "highway": "primary",
        "lanes": "4",
        "lit": "yes",
        "maxspeed": "50 mph",
        "oneway": "yes",
        "ref": "SR 84",
        "sidewalk:left": "no",
        "sidewalk:right": "separate",
        "source": "OpenStreetMap / Overpass",
        "source:maxspeed": "FDOT \"Maximum Speed Limits\" GIS data, updated August 27, 2011: http://www.dot.state.fl.us/planning/statistics/gis/roaddata.shtm",
        "surface": "asphalt",
        "tiger:county": "Broward, FL",
        "turn:lanes": "none|none|none|right",
        "corridor": "I-595",
        "road": "SR 84",
        "facility": "frontage_road",
        "direction": "EB",
        "classification_basis": "OSM one-way travel direction",
        "visualization_note": "Physical frontage-road carriageway geometry; not survey/as-built."
      },
      "geometry": {
        "type": "LineString",
        "coordinates": [
          [
            -80.2446388,
            26.0970975
          ],
          [
            -80.2445423,
            26.097076
          ],
          [
            -80.2442205,
            26.0970041
          ]
        ]
      }
    },
    {
      "type": "Feature",
      "properties": {
        "@id": "way/1321825484",
        "HFCS": "Minor Arterial",
        "addr:county": "Broward, FL",
        "cycleway": "lane",
        "hgv": "yes",
        "highway": "primary",
        "lanes": "2",
        "lit": "yes",
        "maxspeed": "45 mph",
        "oneway": "yes",
        "ref": "SR 84",
        "sidewalk:left": "no",
        "sidewalk:right": "separate",
        "surface": "asphalt",
        "zip_left": "33325",
        "zip_right": "33325",
        "corridor": "I-595",
        "road": "SR 84",
        "facility": "frontage_road",
        "direction": "EB",
        "source": "OpenStreetMap / Overpass",
        "classification_basis": "OSM one-way travel direction",
        "visualization_note": "Physical frontage-road carriageway geometry; not survey/as-built."
      },
      "geometry": {
        "type": "LineString",
        "coordinates": [
          [
            -80.3138231,
            26.1141213
          ],
          [
            -80.3134927,
            26.1140509
          ],
          [
            -80.3133622,
            26.1140201
          ],
          [
            -80.3131472,
            26.1139711
          ],
          [
            -80.3108357,
            26.1134162
          ]
        ]
      }
    },
    {
      "type": "Feature",
      "properties": {
        "@id": "way/1321825485",
        "HFCS": "Minor Arterial",
        "cycleway": "lane",
        "hgv": "yes",
        "highway": "primary",
        "lanes": "3",
        "lit": "yes",
        "maxspeed": "45 mph",
        "oneway": "yes",
        "ref": "SR 84",
        "sidewalk:left": "no",
        "sidewalk:right": "separate",
        "surface": "asphalt",
        "tiger:county": "Broward, FL",
        "turn:lanes": "none|none|right",
        "corridor": "I-595",
        "road": "SR 84",
        "facility": "frontage_road",
        "direction": "EB",
        "source": "OpenStreetMap / Overpass",
        "classification_basis": "OSM one-way travel direction",
        "visualization_note": "Physical frontage-road carriageway geometry; not survey/as-built."
      },
      "geometry": {
        "type": "LineString",
        "coordinates": [
          [
            -80.3108357,
            26.1134162
          ],
          [
            -80.3099635,
            26.1132068
          ],
          [
            -80.3098766,
            26.1131859
          ]
        ]
      }
    },
    {
      "type": "Feature",
      "properties": {
        "@id": "way/1322474892",
        "HFCS": "Minor Arterial",
        "foot": "no",
        "hgv": "yes",
        "highway": "primary",
        "lanes": "3",
        "lit": "no",
        "name": "Marina Mile Boulevard",
        "oneway": "yes",
        "ref": "SR 84",
        "surface": "asphalt",
        "tiger:county": "Broward, FL",
        "toll": "no",
        "turn:lanes": "left||",
        "corridor": "I-595",
        "road": "SR 84",
        "facility": "frontage_road",
        "direction": "EB",
        "source": "OpenStreetMap / Overpass",
        "classification_basis": "OSM one-way travel direction",
        "visualization_note": "Physical frontage-road carriageway geometry; not survey/as-built."
      },
      "geometry": {
        "type": "LineString",
        "coordinates": [
          [
            -80.1933549,
            26.0844852
          ],
          [
            -80.1925717,
            26.0844901
          ]
        ]
      }
    },
    {
      "type": "Feature",
      "properties": {
        "@id": "way/1341231997",
        "change:lanes": "yes|not_right|no",
        "destination": "Florida's Turnpike;North Orlando;South Miami",
        "destination:lanes": "none|none;Florida's Turnpike;Miami South|Florida's Turnpike;Orlando North",
        "destination:ref": "SR 84 East;I 595 East;US 441",
        "hgv": "yes",
        "highway": "primary",
        "lanes": "3",
        "lit": "no",
        "old_ref:1945": "84",
        "oneway": "yes",
        "ref": "SR 84",
        "surface": "asphalt",
        "toll": "no",
        "turn:lanes": "through|through;right|right",
        "corridor": "I-595",
        "road": "SR 84",
        "facility": "frontage_road",
        "direction": "EB",
        "source": "OpenStreetMap / Overpass",
        "classification_basis": "OSM one-way travel direction",
        "visualization_note": "Physical frontage-road carriageway geometry; not survey/as-built."
      },
      "geometry": {
        "type": "LineString",
        "coordinates": [
          [
            -80.2168825,
            26.0906542
          ],
          [
            -80.2157481,
            26.0903855
          ]
        ]
      }
    },
    {
      "type": "Feature",
      "properties": {
        "@id": "way/1524027475",
        "HFCS": "Minor Arterial",
        "cycleway": "lane",
        "hgv": "yes",
        "highway": "primary",
        "lanes": "3",
        "lit": "yes",
        "maxspeed": "45 mph",
        "oneway": "yes",
        "ref": "SR 84",
        "sidewalk:left": "no",
        "sidewalk:right": "separate",
        "surface": "asphalt",
        "tiger:county": "Broward, FL",
        "turn:lanes": "none|none|right",
        "corridor": "I-595",
        "road": "SR 84",
        "facility": "frontage_road",
        "direction": "EB",
        "source": "OpenStreetMap / Overpass",
        "classification_basis": "OSM one-way travel direction",
        "visualization_note": "Physical frontage-road carriageway geometry; not survey/as-built."
      },
      "geometry": {
        "type": "LineString",
        "coordinates": [
          [
            -80.2889378,
            26.1080863
          ],
          [
            -80.2882298,
            26.1079279
          ]
        ]
      }
    },
    {
      "type": "Feature",
      "properties": {
        "@id": "way/1524027476",
        "HFCS": "Minor Arterial",
        "cycleway": "lane",
        "hgv": "yes",
        "highway": "primary",
        "lanes": "2",
        "lit": "yes",
        "maxspeed": "45 mph",
        "oneway": "yes",
        "ref": "SR 84",
        "sidewalk:left": "no",
        "sidewalk:right": "separate",
        "surface": "asphalt",
        "tiger:county": "Broward, FL",
        "corridor": "I-595",
        "road": "SR 84",
        "facility": "frontage_road",
        "direction": "EB",
        "source": "OpenStreetMap / Overpass",
        "classification_basis": "OSM one-way travel direction",
        "visualization_note": "Physical frontage-road carriageway geometry; not survey/as-built."
      },
      "geometry": {
        "type": "LineString",
        "coordinates": [
          [
            -80.2882298,
            26.1079279
          ],
          [
            -80.2881151,
            26.1078995
          ]
        ]
      }
    },
    {
      "type": "Feature",
      "properties": {
        "@id": "way/1549989565",
        "HFCS": "Minor Arterial",
        "destination:ref": "I 595 East;SR 84 East",
        "destination:ref:lanes": "I 595 East|SR 84 East",
        "destination:symbol": "airport;harbour",
        "destination:to": "Airport;Harbour",
        "hgv": "yes",
        "highway": "primary",
        "lanes": "2",
        "lit": "no",
        "maxspeed": "45 mph",
        "oneway": "yes",
        "ref": "SR 84",
        "surface": "asphalt",
        "tiger:county": "Broward, FL",
        "toll": "no",
        "corridor": "I-595",
        "road": "SR 84",
        "facility": "frontage_road",
        "direction": "EB",
        "source": "OpenStreetMap / Overpass",
        "classification_basis": "OSM one-way travel direction",
        "visualization_note": "Physical frontage-road carriageway geometry; not survey/as-built."
      },
      "geometry": {
        "type": "LineString",
        "coordinates": [
          [
            -80.2049201,
            26.0850346
          ],
          [
            -80.2048083,
            26.084894
          ],
          [
            -80.2047383,
            26.0848096
          ],
          [
            -80.2046559,
            26.0847187
          ],
          [
            -80.2045755,
            26.0846398
          ],
          [
            -80.204482,
            26.0845581
          ],
          [
            -80.2043866,
            26.0844851
          ],
          [
            -80.2042862,
            26.084417
          ],
          [
            -80.2041828,
            26.0843561
          ],
          [
            -80.2040723,
            26.084299
          ],
          [
            -80.2039574,
            26.0842472
          ],
          [
            -80.2038443,
            26.0842052
          ],
          [
            -80.203719,
            26.0841663
          ],
          [
            -80.2035474,
            26.0841212
          ]
        ]
      }
    },
    {
      "type": "Feature",
      "properties": {
        "@id": "way/42362963",
        "HFCS": "Minor Arterial",
        "destination:lanes": "Florida's turnpike|",
        "destination:ref": "I 595 West;SR 84 West;US 441 South",
        "destination:ref:lanes": "I 595 West;SR 84 West|US 441 South",
        "destination:to": "Florida's turnpike",
        "hgv": "yes",
        "highway": "primary",
        "lanes": "2",
        "lit": "no",
        "oneway": "yes",
        "ref": "SR 84",
        "surface": "asphalt",
        "tiger:county": "Broward, FL",
        "toll": "no",
        "corridor": "I-595",
        "road": "SR 84",
        "facility": "frontage_road",
        "direction": "WB",
        "source": "OpenStreetMap / Overpass",
        "classification_basis": "OSM one-way travel direction",
        "visualization_note": "Physical frontage-road carriageway geometry; not survey/as-built."
      },
      "geometry": {
        "type": "LineString",
        "coordinates": [
          [
            -80.1932081,
            26.0847842
          ],
          [
            -80.1940612,
            26.0847825
          ],
          [
            -80.1944319,
            26.0847712
          ],
          [
            -80.1945455,
            26.0847618
          ],
          [
            -80.1946488,
            26.0847524
          ],
          [
            -80.1947798,
            26.0847371
          ],
          [
            -80.1948843,
            26.0847239
          ],
          [
            -80.1951209,
            26.0846897
          ],
          [
            -80.1954799,
            26.084638
          ],
          [
            -80.1959574,
            26.0845734
          ],
          [
            -80.1963784,
            26.0845204
          ]
        ]
      }
    },
    {
      "type": "Feature",
      "properties": {
        "@id": "way/42364465",
        "HFCS": "Minor Arterial",
        "bridge": "yes",
        "highway": "primary",
        "layer": "1",
        "lit": "no",
        "oneway": "yes",
        "ref": "SR 84",
        "surface": "concrete",
        "tiger:county": "Broward, FL",
        "toll": "no",
        "corridor": "I-595",
        "road": "SR 84",
        "facility": "frontage_road",
        "direction": "WB",
        "source": "OpenStreetMap / Overpass",
        "classification_basis": "OSM one-way travel direction",
        "visualization_note": "Physical frontage-road carriageway geometry; not survey/as-built."
      },
      "geometry": {
        "type": "LineString",
        "coordinates": [
          [
            -80.2022327,
            26.085691
          ],
          [
            -80.2025837,
            26.085849
          ],
          [
            -80.2029685,
            26.0860637
          ]
        ]
      }
    },
    {
      "type": "Feature",
      "properties": {
        "@id": "way/42364478",
        "destination": "Miami;Orlando;Florida's Turnpike",
        "destination:ref": "I 595 West;SR 84 West",
        "highway": "primary",
        "lanes": "3",
        "lit": "no",
        "maxspeed": "45 mph",
        "oneway": "yes",
        "ref": "SR 84",
        "source": "OpenStreetMap / Overpass",
        "surface": "asphalt",
        "toll": "no",
        "corridor": "I-595",
        "road": "SR 84",
        "facility": "frontage_road",
        "direction": "WB",
        "classification_basis": "OSM one-way travel direction",
        "visualization_note": "Physical frontage-road carriageway geometry; not survey/as-built."
      },
      "geometry": {
        "type": "LineString",
        "coordinates": [
          [
            -80.2029685,
            26.0860637
          ],
          [
            -80.2049286,
            26.0870522
          ]
        ]
      }
    },
    {
      "type": "Feature",
      "properties": {
        "@id": "way/42364502",
        "HFCS": "Minor Arterial",
        "bridge": "yes",
        "highway": "primary",
        "lanes": "3",
        "layer": "1",
        "lit": "no",
        "oneway": "yes",
        "ref": "SR 84",
        "surface": "concrete",
        "tiger:county": "Broward, FL",
        "toll": "no",
        "corridor": "I-595",
        "road": "SR 84",
        "facility": "frontage_road",
        "direction": "WB",
        "source": "OpenStreetMap / Overpass",
        "classification_basis": "OSM one-way travel direction",
        "visualization_note": "Physical frontage-road carriageway geometry; not survey/as-built."
      },
      "geometry": {
        "type": "LineString",
        "coordinates": [
          [
            -80.2049286,
            26.0870522
          ],
          [
            -80.2053835,
            26.0872854
          ]
        ]
      }
    },
    {
      "type": "Feature",
      "properties": {
        "@id": "way/42364504",
        "HFCS": "Minor Arterial",
        "destination:lanes": "Florida\u2019s Turnpike South;Miami|Florida\u2019s Turnpike North;Orlando|none",
        "highway": "primary",
        "lanes": "3",
        "lit": "no",
        "oneway": "yes",
        "ref": "SR 84",
        "surface": "asphalt",
        "tiger:county": "Broward, FL",
        "toll": "no",
        "turn:lanes": "slight_left||",
        "corridor": "I-595",
        "road": "SR 84",
        "facility": "frontage_road",
        "direction": "WB",
        "source": "OpenStreetMap / Overpass",
        "classification_basis": "OSM one-way travel direction",
        "visualization_note": "Physical frontage-road carriageway geometry; not survey/as-built."
      },
      "geometry": {
        "type": "LineString",
        "coordinates": [
          [
            -80.2053835,
            26.0872854
          ],
          [
            -80.2064987,
            26.0878827
          ]
        ]
      }
    },
    {
      "type": "Feature",
      "properties": {
        "@id": "way/47656670",
        "HFCS": "Minor Arterial",
        "cycleway:both": "no",
        "hgv": "yes",
        "highway": "primary",
        "lanes": "3",
        "lit": "yes",
        "maxspeed": "45 mph",
        "oneway": "yes",
        "ref": "SR 84",
        "surface": "asphalt",
        "tiger:cfcc": "A15",
        "tiger:county": "Broward, FL",
        "toll": "no",
        "corridor": "I-595",
        "road": "SR 84",
        "facility": "frontage_road",
        "direction": "WB",
        "source": "OpenStreetMap / Overpass",
        "classification_basis": "OSM one-way travel direction",
        "visualization_note": "Physical frontage-road carriageway geometry; not survey/as-built."
      },
      "geometry": {
        "type": "LineString",
        "coordinates": [
          [
            -80.2268351,
            26.0937816
          ],
          [
            -80.2286652,
            26.0941913
          ]
        ]
      }
    },
    {
      "type": "Feature",
      "properties": {
        "@id": "way/82983924",
        "HFCS": "Minor Arterial",
        "hgv": "yes",
        "highway": "primary",
        "lanes": "2",
        "lit": "yes",
        "maxspeed": "45 mph",
        "oneway": "yes",
        "ref": "SR 84",
        "surface": "asphalt",
        "tiger:cfcc": "A15",
        "tiger:county": "Broward, FL",
        "corridor": "I-595",
        "road": "SR 84",
        "facility": "frontage_road",
        "direction": "WB",
        "source": "OpenStreetMap / Overpass",
        "classification_basis": "OSM one-way travel direction",
        "visualization_note": "Physical frontage-road carriageway geometry; not survey/as-built."
      },
      "geometry": {
        "type": "LineString",
        "coordinates": [
          [
            -80.3138084,
            26.1150685
          ],
          [
            -80.3139009,
            26.1150917
          ],
          [
            -80.3141264,
            26.1151462
          ],
          [
            -80.3167044,
            26.1157859
          ]
        ]
      }
    },
    {
      "type": "Feature",
      "properties": {
        "@id": "way/83145968",
        "HFCS": "Minor Arterial",
        "bridge": "yes",
        "bridge:name": "Marina Boulevard",
        "hgv": "yes",
        "highway": "primary",
        "lanes": "2",
        "layer": "1",
        "maxspeed": "35 mph",
        "name": "Marina Mile Boulevard",
        "oneway": "yes",
        "ref": "SR 84",
        "sidewalk": "right",
        "source:maxspeed": "FDOT \"Maximum Speed Limits\" GIS data, updated August 27, 2011: http://www.dot.state.fl.us/planning/statistics/gis/roaddata.shtm",
        "surface": "concrete",
        "tiger:county": "Broward, FL",
        "corridor": "I-595",
        "road": "SR 84",
        "facility": "frontage_road",
        "direction": "WB",
        "source": "OpenStreetMap / Overpass",
        "classification_basis": "OSM one-way travel direction",
        "visualization_note": "Physical frontage-road carriageway geometry; not survey/as-built."
      },
      "geometry": {
        "type": "LineString",
        "coordinates": [
          [
            -80.1836951,
            26.0852701
          ],
          [
            -80.1844099,
            26.0851846
          ]
        ]
      }
    },
    {
      "type": "Feature",
      "properties": {
        "@id": "way/83145973",
        "HFCS": "Minor Arterial",
        "hgv": "yes",
        "highway": "primary",
        "lanes": "2",
        "maxspeed": "35 mph",
        "name": "Marina Mile Boulevard",
        "old_ref:1945": "84",
        "oneway": "yes",
        "ref": "SR 84",
        "sidewalk": "right",
        "source:maxspeed": "FDOT \"Maximum Speed Limits\" GIS data, updated August 27, 2011: http://www.dot.state.fl.us/planning/statistics/gis/roaddata.shtm",
        "surface": "asphalt",
        "tiger:county": "Broward, FL",
        "corridor": "I-595",
        "road": "SR 84",
        "facility": "frontage_road",
        "direction": "WB",
        "source": "OpenStreetMap / Overpass",
        "classification_basis": "OSM one-way travel direction",
        "visualization_note": "Physical frontage-road carriageway geometry; not survey/as-built."
      },
      "geometry": {
        "type": "LineString",
        "coordinates": [
          [
            -80.1844099,
            26.0851846
          ],
          [
            -80.1862762,
            26.0849763
          ],
          [
            -80.1865765,
            26.0849415
          ],
          [
            -80.1867088,
            26.0849261
          ],
          [
            -80.1871,
            26.0848847
          ],
          [
            -80.1873428,
            26.0848608
          ],
          [
            -80.1875853,
            26.084844
          ],
          [
            -80.1878922,
            26.084826
          ],
          [
            -80.1881894,
            26.0848107
          ],
          [
            -80.1886825,
            26.0847959
          ]
        ]
      }
    },
    {
      "type": "Feature",
      "properties": {
        "@id": "way/86495261",
        "HFCS": "Minor Arterial",
        "cycleway:left": "no",
        "cycleway:right": "shoulder",
        "foot": "no",
        "hgv": "yes",
        "highway": "primary",
        "lanes": "2",
        "lit": "yes",
        "maxspeed": "45 mph",
        "oneway": "yes",
        "ref": "SR 84",
        "sidewalk": "no",
        "surface": "asphalt",
        "tiger:cfcc": "A15",
        "tiger:county": "Broward, FL",
        "toll": "no",
        "corridor": "I-595",
        "road": "SR 84",
        "facility": "frontage_road",
        "direction": "WB",
        "source": "OpenStreetMap / Overpass",
        "classification_basis": "OSM one-way travel direction",
        "visualization_note": "Physical frontage-road carriageway geometry; not survey/as-built."
      },
      "geometry": {
        "type": "LineString",
        "coordinates": [
          [
            -80.2313248,
            26.0948559
          ],
          [
            -80.2327442,
            26.0953067
          ],
          [
            -80.2332171,
            26.0954478
          ],
          [
            -80.2336817,
            26.0955721
          ],
          [
            -80.234272,
            26.0957171
          ],
          [
            -80.2350894,
            26.095915
          ],
          [
            -80.2370383,
            26.096391
          ],
          [
            -80.2376394,
            26.0965001
          ]
        ]
      }
    },
    {
      "type": "Feature",
      "properties": {
        "@id": "way/86495269",
        "HFCS": "Minor Arterial",
        "hgv": "yes",
        "highway": "primary",
        "lanes": "3",
        "lit": "yes",
        "maxspeed": "45 mph",
        "oneway": "yes",
        "ref": "SR 84",
        "surface": "asphalt",
        "tiger:cfcc": "A15",
        "tiger:county": "Broward, FL",
        "corridor": "I-595",
        "road": "SR 84",
        "facility": "frontage_road",
        "direction": "WB",
        "source": "OpenStreetMap / Overpass",
        "classification_basis": "OSM one-way travel direction",
        "visualization_note": "Physical frontage-road carriageway geometry; not survey/as-built."
      },
      "geometry": {
        "type": "LineString",
        "coordinates": [
          [
            -80.2581355,
            26.1014384
          ],
          [
            -80.2611899,
            26.102171
          ]
        ]
      }
    },
    {
      "type": "Feature",
      "properties": {
        "@id": "way/86495276",
        "HFCS": "Minor Arterial",
        "hgv": "yes",
        "highway": "primary",
        "lanes": "2",
        "lit": "yes",
        "maxspeed": "45 mph",
        "oneway": "yes",
        "ref": "SR 84",
        "surface": "asphalt",
        "tiger:cfcc": "A15",
        "tiger:county": "Broward, FL",
        "corridor": "I-595",
        "road": "SR 84",
        "facility": "frontage_road",
        "direction": "WB",
        "source": "OpenStreetMap / Overpass",
        "classification_basis": "OSM one-way travel direction",
        "visualization_note": "Physical frontage-road carriageway geometry; not survey/as-built."
      },
      "geometry": {
        "type": "LineString",
        "coordinates": [
          [
            -80.2654952,
            26.1032016
          ],
          [
            -80.2655209,
            26.1032072
          ],
          [
            -80.2655513,
            26.1032139
          ],
          [
            -80.2659514,
            26.1033185
          ],
          [
            -80.266343,
            26.103421
          ],
          [
            -80.2667718,
            26.1035098
          ],
          [
            -80.2671376,
            26.103579
          ],
          [
            -80.2673757,
            26.103632
          ],
          [
            -80.267611,
            26.1036838
          ]
        ]
      }
    },
    {
      "type": "Feature",
      "properties": {
        "@id": "way/86495278",
        "HFCS": "Minor Arterial",
        "cycleway:left": "no",
        "cycleway:right": "shoulder",
        "hgv": "yes",
        "highway": "primary",
        "lanes": "3",
        "lit": "yes",
        "maxspeed": "45 mph",
        "oneway": "yes",
        "ref": "SR 84",
        "surface": "asphalt",
        "tiger:cfcc": "A15",
        "tiger:county": "Broward, FL",
        "toll": "no",
        "corridor": "I-595",
        "road": "SR 84",
        "facility": "frontage_road",
        "direction": "WB",
        "source": "OpenStreetMap / Overpass",
        "classification_basis": "OSM one-way travel direction",
        "visualization_note": "Physical frontage-road carriageway geometry; not survey/as-built."
      },
      "geometry": {
        "type": "LineString",
        "coordinates": [
          [
            -80.2410656,
            26.0972694
          ],
          [
            -80.2451516,
            26.0982585
          ],
          [
            -80.2459174,
            26.0984122
          ]
        ]
      }
    },
    {
      "type": "Feature",
      "properties": {
        "@id": "way/86495334",
        "HFCS": "Minor Arterial",
        "hgv": "yes",
        "highway": "primary",
        "lanes": "2",
        "maxspeed": "35 mph",
        "name": "Marina Mile Boulevard",
        "oneway": "yes",
        "ref": "SR 84",
        "sidewalk:left": "no",
        "sidewalk:right": "separate",
        "source:maxspeed": "FDOT \"Maximum Speed Limits\" GIS data, updated August 27, 2011: http://www.dot.state.fl.us/planning/statistics/gis/roaddata.shtm",
        "surface": "asphalt",
        "tiger:county": "Broward, FL",
        "corridor": "I-595",
        "road": "SR 84",
        "facility": "frontage_road",
        "direction": "WB",
        "source": "OpenStreetMap / Overpass",
        "classification_basis": "OSM one-way travel direction",
        "visualization_note": "Physical frontage-road carriageway geometry; not survey/as-built."
      },
      "geometry": {
        "type": "LineString",
        "coordinates": [
          [
            -80.176286,
            26.0867129
          ],
          [
            -80.1770578,
            26.0865123
          ],
          [
            -80.1773691,
            26.0864314
          ],
          [
            -80.1780654,
            26.0862505
          ],
          [
            -80.1785335,
            26.0861309
          ]
        ]
      }
    },
    {
      "type": "Feature",
      "properties": {
        "@id": "way/86495346",
        "HFCS": "Minor Arterial",
        "hgv": "yes",
        "highway": "primary",
        "lanes": "2",
        "lit": "yes",
        "maxspeed": "45 mph",
        "oneway": "yes",
        "ref": "SR 84",
        "sidewalk": "right",
        "surface": "asphalt",
        "tiger:cfcc": "A15",
        "tiger:county": "Broward, FL",
        "corridor": "I-595",
        "road": "SR 84",
        "facility": "frontage_road",
        "direction": "WB",
        "source": "OpenStreetMap / Overpass",
        "classification_basis": "OSM one-way travel direction",
        "visualization_note": "Physical frontage-road carriageway geometry; not survey/as-built."
      },
      "geometry": {
        "type": "LineString",
        "coordinates": [
          [
            -80.3525432,
            26.1242697
          ],
          [
            -80.358672,
            26.1257581
          ]
        ]
      }
    },
    {
      "type": "Feature",
      "properties": {
        "@id": "way/86495347",
        "HFCS": "Minor Arterial",
        "addr:county": "Broward, FL",
        "hgv": "yes",
        "highway": "primary",
        "lanes": "1",
        "lit": "yes",
        "maxspeed": "45 mph",
        "oneway": "yes",
        "ref": "SR 84",
        "sidewalk": "right",
        "surface": "asphalt",
        "tiger:cfcc": "A15",
        "corridor": "I-595",
        "road": "SR 84",
        "facility": "frontage_road",
        "direction": "WB",
        "source": "OpenStreetMap / Overpass",
        "classification_basis": "OSM one-way travel direction",
        "visualization_note": "Physical frontage-road carriageway geometry; not survey/as-built."
      },
      "geometry": {
        "type": "LineString",
        "coordinates": [
          [
            -80.3496726,
            26.1235792
          ],
          [
            -80.3525432,
            26.1242697
          ]
        ]
      }
    },
    {
      "type": "Feature",
      "properties": {
        "@id": "way/86495362",
        "HFCS": "Minor Arterial",
        "cycleway:left": "no",
        "cycleway:right": "shoulder",
        "foot": "no",
        "hgv": "yes",
        "highway": "primary",
        "lanes": "4",
        "lit": "yes",
        "maxspeed": "45 mph",
        "oneway": "yes",
        "ref": "SR 84",
        "sidewalk": "no",
        "surface": "asphalt",
        "tiger:cfcc": "A15",
        "tiger:county": "Broward, FL",
        "toll": "no",
        "turn:lanes": "merge_to_right|none|none|none",
        "corridor": "I-595",
        "road": "SR 84",
        "facility": "frontage_road",
        "direction": "WB",
        "source": "OpenStreetMap / Overpass",
        "classification_basis": "OSM one-way travel direction",
        "visualization_note": "Physical frontage-road carriageway geometry; not survey/as-built."
      },
      "geometry": {
        "type": "LineString",
        "coordinates": [
          [
            -80.2376394,
            26.0965001
          ],
          [
            -80.2396351,
            26.0969777
          ],
          [
            -80.2410656,
            26.0972694
          ]
        ]
      }
    },
    {
      "type": "Feature",
      "properties": {
        "@id": "way/128922471",
        "HFCS": "Minor Arterial",
        "hgv": "yes",
        "highway": "primary",
        "lanes": "2",
        "maxspeed": "50 mph",
        "name": "Marina Mile Boulevard",
        "oneway": "yes",
        "ref": "SR 84",
        "sidewalk": "right",
        "source:maxspeed": "FDOT \"Maximum Speed Limits\" GIS data, updated August 27, 2011: http://www.dot.state.fl.us/planning/statistics/gis/roaddata.shtm",
        "surface": "asphalt",
        "tiger:county": "Broward, FL",
        "corridor": "I-595",
        "road": "SR 84",
        "facility": "frontage_road",
        "direction": "WB",
        "source": "OpenStreetMap / Overpass",
        "classification_basis": "OSM one-way travel direction",
        "visualization_note": "Physical frontage-road carriageway geometry; not survey/as-built."
      },
      "geometry": {
        "type": "LineString",
        "coordinates": [
          [
            -80.1886825,
            26.0847959
          ],
          [
            -80.1895606,
            26.0847926
          ],
          [
            -80.1916342,
            26.0847877
          ]
        ]
      }
    },
    {
      "type": "Feature",
      "properties": {
        "@id": "way/128922482",
        "HFCS": "Minor Arterial",
        "addr:county": "Broward, FL",
        "hgv": "yes",
        "highway": "primary",
        "lanes": "2",
        "lit": "yes",
        "maxspeed": "45 mph",
        "oneway": "yes",
        "ref": "SR 84",
        "sidewalk": "right",
        "surface": "asphalt",
        "tiger:cfcc": "A15",
        "zip_left": "33325",
        "zip_right": "33325",
        "corridor": "I-595",
        "road": "SR 84",
        "facility": "frontage_road",
        "direction": "WB",
        "source": "OpenStreetMap / Overpass",
        "classification_basis": "OSM one-way travel direction",
        "visualization_note": "Physical frontage-road carriageway geometry; not survey/as-built."
      },
      "geometry": {
        "type": "LineString",
        "coordinates": [
          [
            -80.3303268,
            26.1189388
          ],
          [
            -80.3304115,
            26.1189579
          ],
          [
            -80.3307483,
            26.1190422
          ],
          [
            -80.3334694,
            26.1197304
          ],
          [
            -80.3361822,
            26.1203693
          ],
          [
            -80.3367096,
            26.1204935
          ],
          [
            -80.3370772,
            26.1205773
          ],
          [
            -80.3384848,
            26.1208856
          ],
          [
            -80.3393931,
            26.1211315
          ],
          [
            -80.3395698,
            26.1211722
          ]
        ]
      }
    },
    {
      "type": "Feature",
      "properties": {
        "@id": "way/134588671",
        "HFCS": "Minor Arterial",
        "hgv": "yes",
        "highway": "primary",
        "lanes": "2",
        "lit": "yes",
        "maxspeed": "45 mph",
        "oneway": "yes",
        "ref": "SR 84",
        "surface": "asphalt",
        "tiger:cfcc": "A15",
        "tiger:county": "Broward, FL",
        "corridor": "I-595",
        "road": "SR 84",
        "facility": "frontage_road",
        "direction": "WB",
        "source": "OpenStreetMap / Overpass",
        "classification_basis": "OSM one-way travel direction",
        "visualization_note": "Physical frontage-road carriageway geometry; not survey/as-built."
      },
      "geometry": {
        "type": "LineString",
        "coordinates": [
          [
            -80.267611,
            26.1036838
          ],
          [
            -80.2708381,
            26.1045051
          ]
        ]
      }
    },
    {
      "type": "Feature",
      "properties": {
        "@id": "way/134588676",
        "HFCS": "Minor Arterial",
        "hgv": "yes",
        "highway": "primary",
        "lanes": "4",
        "lit": "yes",
        "maxspeed": "45 mph",
        "oneway": "yes",
        "ref": "SR 84",
        "surface": "asphalt",
        "tiger:cfcc": "A15",
        "tiger:county": "Broward, FL",
        "turn:lanes": "reverse;left|left;through||right",
        "corridor": "I-595",
        "road": "SR 84",
        "facility": "frontage_road",
        "direction": "WB",
        "source": "OpenStreetMap / Overpass",
        "classification_basis": "OSM one-way travel direction",
        "visualization_note": "Physical frontage-road carriageway geometry; not survey/as-built."
      },
      "geometry": {
        "type": "LineString",
        "coordinates": [
          [
            -80.3114371,
            26.1144783
          ],
          [
            -80.312999,
            26.1148721
          ]
        ]
      }
    },
    {
      "type": "Feature",
      "properties": {
        "@id": "way/134588678",
        "HFCS": "Minor Arterial",
        "hgv": "yes",
        "highway": "primary",
        "lanes": "2",
        "lit": "yes",
        "maxspeed": "45 mph",
        "oneway": "yes",
        "ref": "SR 84",
        "surface": "asphalt",
        "tiger:cfcc": "A15",
        "tiger:county": "Broward, FL",
        "corridor": "I-595",
        "road": "SR 84",
        "facility": "frontage_road",
        "direction": "WB",
        "source": "OpenStreetMap / Overpass",
        "classification_basis": "OSM one-way travel direction",
        "visualization_note": "Physical frontage-road carriageway geometry; not survey/as-built."
      },
      "geometry": {
        "type": "LineString",
        "coordinates": [
          [
            -80.3167044,
            26.1157859
          ],
          [
            -80.3184015,
            26.1162007
          ],
          [
            -80.3197083,
            26.1164981
          ]
        ]
      }
    },
    {
      "type": "Feature",
      "properties": {
        "@id": "way/332412414",
        "HFCS": "Minor Arterial",
        "cycleway:both": "no",
        "hgv": "yes",
        "highway": "primary",
        "lanes": "3",
        "lit": "yes",
        "maxspeed": "45 mph",
        "oneway": "yes",
        "ref": "SR 84",
        "surface": "asphalt",
        "tiger:cfcc": "A15",
        "tiger:county": "Broward, FL",
        "toll": "no",
        "turn:lanes": "left|left;through|through",
        "corridor": "I-595",
        "road": "SR 84",
        "facility": "frontage_road",
        "direction": "WB",
        "source": "OpenStreetMap / Overpass",
        "classification_basis": "OSM one-way travel direction",
        "visualization_note": "Physical frontage-road carriageway geometry; not survey/as-built."
      },
      "geometry": {
        "type": "LineString",
        "coordinates": [
          [
            -80.2251331,
            26.0934158
          ],
          [
            -80.2266224,
            26.0937359
          ],
          [
            -80.2266997,
            26.0937525
          ],
          [
            -80.2268351,
            26.0937816
          ]
        ]
      }
    },
    {
      "type": "Feature",
      "properties": {
        "@id": "way/332412422",
        "HFCS": "Minor Arterial",
        "destination": "Florida's Turnpike North",
        "destination:ref": "I 595 West;SR 84 West",
        "destination:ref:lanes": "|I 595 West;SR 84 West",
        "highway": "primary",
        "lanes": "2",
        "lit": "no",
        "oneway": "yes",
        "ref": "SR 84",
        "surface": "asphalt",
        "tiger:county": "Broward, FL",
        "toll": "no",
        "corridor": "I-595",
        "road": "SR 84",
        "facility": "frontage_road",
        "direction": "WB",
        "source": "OpenStreetMap / Overpass",
        "classification_basis": "OSM one-way travel direction",
        "visualization_note": "Physical frontage-road carriageway geometry; not survey/as-built."
      },
      "geometry": {
        "type": "LineString",
        "coordinates": [
          [
            -80.2064987,
            26.0878827
          ],
          [
            -80.2076027,
            26.0885791
          ],
          [
            -80.2079081,
            26.0887664
          ],
          [
            -80.2081186,
            26.088888
          ]
        ]
      }
    },
    {
      "type": "Feature",
      "properties": {
        "@id": "way/332412428",
        "HFCS": "Minor Arterial",
        "cycleway:left": "no",
        "cycleway:right": "separate",
        "foot": "no",
        "highway": "primary",
        "lanes": "3",
        "lit": "yes",
        "maxspeed": "45 mph",
        "oneway": "yes",
        "ref": "SR 84",
        "sidewalk": "no",
        "surface": "asphalt",
        "tiger:cfcc": "A15",
        "tiger:county": "Broward, FL",
        "toll": "no",
        "turn:lanes": "none|none|slight_right",
        "corridor": "I-595",
        "road": "SR 84",
        "facility": "frontage_road",
        "direction": "WB",
        "source": "OpenStreetMap / Overpass",
        "classification_basis": "OSM one-way travel direction",
        "visualization_note": "Physical frontage-road carriageway geometry; not survey/as-built."
      },
      "geometry": {
        "type": "LineString",
        "coordinates": [
          [
            -80.218907,
            26.0919536
          ],
          [
            -80.2202699,
            26.0923631
          ],
          [
            -80.2215647,
            26.0926881
          ],
          [
            -80.2231191,
            26.0930723
          ],
          [
            -80.2233548,
            26.0931277
          ],
          [
            -80.2235742,
            26.0931774
          ],
          [
            -80.2238233,
            26.0932306
          ],
          [
            -80.2239428,
            26.0932533
          ],
          [
            -80.2240567,
            26.0932746
          ]
        ]
      }
    },
    {
      "type": "Feature",
      "properties": {
        "@id": "way/368457044",
        "HFCS": "Minor Arterial",
        "destination:ref:to": "I 595 West",
        "highway": "primary",
        "lanes": "2",
        "lit": "no",
        "maxspeed": "45 mph",
        "oneway": "yes",
        "ref": "SR 84",
        "sidewalk": "no",
        "surface": "asphalt",
        "tiger:county": "Broward, FL",
        "toll": "no",
        "corridor": "I-595",
        "road": "SR 84",
        "facility": "frontage_road",
        "direction": "WB",
        "source": "OpenStreetMap / Overpass",
        "classification_basis": "OSM one-way travel direction",
        "visualization_note": "Physical frontage-road carriageway geometry; not survey/as-built."
      },
      "geometry": {
        "type": "LineString",
        "coordinates": [
          [
            -80.2114624,
            26.0900688
          ],
          [
            -80.21189,
            26.0901736
          ],
          [
            -80.212109,
            26.0902296
          ],
          [
            -80.2123928,
            26.0903045
          ],
          [
            -80.2126776,
            26.0903851
          ],
          [
            -80.2129143,
            26.0904554
          ],
          [
            -80.2138227,
            26.0907559
          ],
          [
            -80.2140564,
            26.0908291
          ],
          [
            -80.2142931,
            26.0908941
          ],
          [
            -80.2145297,
            26.0909539
          ],
          [
            -80.2147647,
            26.0910091
          ],
          [
            -80.2151227,
            26.0910809
          ],
          [
            -80.2154704,
            26.0911478
          ],
          [
            -80.2159511,
            26.0912453
          ],
          [
            -80.2163048,
            26.0913194
          ],
          [
            -80.2172473,
            26.091535
          ],
          [
            -80.2179624,
            26.091712
          ],
          [
            -80.218429,
            26.0918353
          ],
          [
            -80.218907,
            26.0919536
          ]
        ]
      }
    },
    {
      "type": "Feature",
      "properties": {
        "@id": "way/368457046",
        "HFCS": "Minor Arterial",
        "destination:lanes": "Florida's Turnpike North;Orlando|Florida's Turnpike North;Orlando;none|none",
        "highway": "primary",
        "lanes": "3",
        "lit": "no",
        "maxspeed": "45 mph",
        "oneway": "yes",
        "ref": "SR 84",
        "sidewalk": "no",
        "surface": "asphalt",
        "tiger:county": "Broward, FL",
        "toll": "no",
        "turn:lanes": "slight_left|slight_left;slight_right|slight_right",
        "corridor": "I-595",
        "road": "SR 84",
        "facility": "frontage_road",
        "direction": "WB",
        "source": "OpenStreetMap / Overpass",
        "classification_basis": "OSM one-way travel direction",
        "visualization_note": "Physical frontage-road carriageway geometry; not survey/as-built."
      },
      "geometry": {
        "type": "LineString",
        "coordinates": [
          [
            -80.20989,
            26.0896728
          ],
          [
            -80.2102387,
            26.0897784
          ],
          [
            -80.2105867,
            26.0898688
          ],
          [
            -80.2114624,
            26.0900688
          ]
        ]
      }
    },
    {
      "type": "Feature",
      "properties": {
        "@id": "way/368457050",
        "HFCS": "Minor Arterial",
        "highway": "primary",
        "lanes": "3",
        "lit": "no",
        "maxspeed": "45 mph",
        "oneway": "yes",
        "ref": "SR 84",
        "surface": "asphalt",
        "tiger:county": "Broward, FL",
        "toll": "no",
        "corridor": "I-595",
        "road": "SR 84",
        "facility": "frontage_road",
        "direction": "WB",
        "source": "OpenStreetMap / Overpass",
        "classification_basis": "OSM one-way travel direction",
        "visualization_note": "Physical frontage-road carriageway geometry; not survey/as-built."
      },
      "geometry": {
        "type": "LineString",
        "coordinates": [
          [
            -80.2081186,
            26.088888
          ],
          [
            -80.2085155,
            26.0891067
          ],
          [
            -80.2087388,
            26.0892211
          ],
          [
            -80.2090285,
            26.0893572
          ],
          [
            -80.2093014,
            26.0894734
          ],
          [
            -80.20989,
            26.0896728
          ]
        ]
      }
    },
    {
      "type": "Feature",
      "properties": {
        "@id": "way/368489997",
        "HFCS": "Minor Arterial",
        "cycleway": "lane",
        "hgv": "yes",
        "highway": "primary",
        "lanes": "2",
        "maxspeed": "35 mph",
        "name": "Marina Mile Boulevard",
        "oneway": "yes",
        "ref": "SR 84",
        "sidewalk:left": "no",
        "sidewalk:right": "separate",
        "source:maxspeed": "FDOT \"Maximum Speed Limits\" GIS data, updated August 27, 2011: http://www.dot.state.fl.us/planning/statistics/gis/roaddata.shtm",
        "surface": "asphalt",
        "tiger:county": "Broward, FL",
        "corridor": "I-595",
        "road": "SR 84",
        "facility": "frontage_road",
        "direction": "WB",
        "source": "OpenStreetMap / Overpass",
        "classification_basis": "OSM one-way travel direction",
        "visualization_note": "Physical frontage-road carriageway geometry; not survey/as-built."
      },
      "geometry": {
        "type": "LineString",
        "coordinates": [
          [
            -80.1785335,
            26.0861309
          ],
          [
            -80.17923,
            26.0859478
          ]
        ]
      }
    },
    {
      "type": "Feature",
      "properties": {
        "@id": "way/368489998",
        "HFCS": "Minor Arterial",
        "hgv": "yes",
        "highway": "primary",
        "lanes": "2",
        "maxspeed": "35 mph",
        "name": "Marina Mile Boulevard",
        "oneway": "yes",
        "ref": "SR 84",
        "sidewalk:left": "no",
        "sidewalk:right": "separate",
        "source:maxspeed": "FDOT \"Maximum Speed Limits\" GIS data, updated August 27, 2011: http://www.dot.state.fl.us/planning/statistics/gis/roaddata.shtm",
        "surface": "asphalt",
        "tiger:county": "Broward, FL",
        "corridor": "I-595",
        "road": "SR 84",
        "facility": "frontage_road",
        "direction": "WB",
        "source": "OpenStreetMap / Overpass",
        "classification_basis": "OSM one-way travel direction",
        "visualization_note": "Physical frontage-road carriageway geometry; not survey/as-built."
      },
      "geometry": {
        "type": "LineString",
        "coordinates": [
          [
            -80.1818015,
            26.0854845
          ],
          [
            -80.1819772,
            26.0854628
          ],
          [
            -80.1836951,
            26.0852701
          ]
        ]
      }
    },
    {
      "type": "Feature",
      "properties": {
        "@id": "way/368489999",
        "HFCS": "Minor Arterial",
        "cycleway:left": "no",
        "cycleway:right": "shoulder",
        "foot": "no",
        "hgv": "yes",
        "highway": "primary",
        "lanes": "4",
        "lit": "yes",
        "maxspeed": "45 mph",
        "oneway": "yes",
        "ref": "SR 84",
        "sidewalk": "no",
        "surface": "asphalt",
        "tiger:cfcc": "A15",
        "tiger:county": "Broward, FL",
        "toll": "no",
        "turn:lanes": "left|left;through|through;right|right",
        "corridor": "I-595",
        "road": "SR 84",
        "facility": "frontage_road",
        "direction": "WB",
        "source": "OpenStreetMap / Overpass",
        "classification_basis": "OSM one-way travel direction",
        "visualization_note": "Physical frontage-road carriageway geometry; not survey/as-built."
      },
      "geometry": {
        "type": "LineString",
        "coordinates": [
          [
            -80.2486348,
            26.0989633
          ],
          [
            -80.249738,
            26.0992563
          ],
          [
            -80.2501972,
            26.099381
          ],
          [
            -80.2503714,
            26.0994249
          ]
        ]
      }
    },
    {
      "type": "Feature",
      "properties": {
        "@id": "way/368490001",
        "HFCS": "Minor Arterial",
        "cycleway": "lane",
        "hgv": "yes",
        "highway": "primary",
        "lanes": "4",
        "maxspeed": "35 mph",
        "name": "Marina Boulevard",
        "oneway": "yes",
        "placement": "right_of:3",
        "ref": "SR 84",
        "sidewalk:left": "no",
        "sidewalk:right": "separate",
        "source:maxspeed": "FDOT \"Maximum Speed Limits\" GIS data, updated August 27, 2011: http://www.dot.state.fl.us/planning/statistics/gis/roaddata.shtm",
        "surface": "asphalt",
        "tiger:county": "Broward, FL",
        "turn:lanes": "left|left||",
        "corridor": "I-595",
        "road": "SR 84",
        "facility": "frontage_road",
        "direction": "WB",
        "source": "OpenStreetMap / Overpass",
        "classification_basis": "OSM one-way travel direction",
        "visualization_note": "Physical frontage-road carriageway geometry; not survey/as-built."
      },
      "geometry": {
        "type": "LineString",
        "coordinates": [
          [
            -80.17923,
            26.0859478
          ],
          [
            -80.1797845,
            26.0858251
          ],
          [
            -80.1802713,
            26.0857295
          ],
          [
            -80.1803689,
            26.0857103
          ]
        ]
      }
    },
    {
      "type": "Feature",
      "properties": {
        "@id": "way/368490002",
        "HFCS": "Minor Arterial",
        "hgv": "yes",
        "highway": "primary",
        "lanes": "2",
        "lit": "yes",
        "maxspeed": "45 mph",
        "oneway": "yes",
        "ref": "SR 84",
        "surface": "asphalt",
        "tiger:cfcc": "A15",
        "tiger:county": "Broward, FL",
        "toll": "no",
        "corridor": "I-595",
        "road": "SR 84",
        "facility": "frontage_road",
        "direction": "WB",
        "source": "OpenStreetMap / Overpass",
        "classification_basis": "OSM one-way travel direction",
        "visualization_note": "Physical frontage-road carriageway geometry; not survey/as-built."
      },
      "geometry": {
        "type": "LineString",
        "coordinates": [
          [
            -80.2503714,
            26.0994249
          ],
          [
            -80.2505647,
            26.0994968
          ],
          [
            -80.2507044,
            26.0995441
          ],
          [
            -80.251023,
            26.0996433
          ],
          [
            -80.2517615,
            26.0998491
          ],
          [
            -80.2524622,
            26.1000528
          ],
          [
            -80.2541106,
            26.1004923
          ],
          [
            -80.2576495,
            26.1013642
          ]
        ]
      }
    },
    {
      "type": "Feature",
      "properties": {
        "@id": "way/369119914",
        "HFCS": "Minor Arterial",
        "destination:lanes": "I-595|none|none",
        "hgv": "yes",
        "highway": "primary",
        "lanes": "3",
        "lit": "yes",
        "maxspeed": "45 mph",
        "oneway": "yes",
        "ref": "SR 84",
        "surface": "asphalt",
        "tiger:cfcc": "A15",
        "tiger:county": "Broward, FL",
        "corridor": "I-595",
        "road": "SR 84",
        "facility": "frontage_road",
        "direction": "WB",
        "source": "OpenStreetMap / Overpass",
        "classification_basis": "OSM one-way travel direction",
        "visualization_note": "Physical frontage-road carriageway geometry; not survey/as-built."
      },
      "geometry": {
        "type": "LineString",
        "coordinates": [
          [
            -80.3197083,
            26.1164981
          ],
          [
            -80.3224809,
            26.1171567
          ]
        ]
      }
    },
    {
      "type": "Feature",
      "properties": {
        "@id": "way/369119916",
        "HFCS": "Minor Arterial",
        "hgv": "yes",
        "highway": "primary",
        "lanes": "3",
        "lit": "yes",
        "maxspeed": "45 mph",
        "oneway": "yes",
        "ref": "SR 84",
        "surface": "asphalt",
        "tiger:cfcc": "A15",
        "tiger:county": "Broward, FL",
        "corridor": "I-595",
        "road": "SR 84",
        "facility": "frontage_road",
        "direction": "WB",
        "source": "OpenStreetMap / Overpass",
        "classification_basis": "OSM one-way travel direction",
        "visualization_note": "Physical frontage-road carriageway geometry; not survey/as-built."
      },
      "geometry": {
        "type": "LineString",
        "coordinates": [
          [
            -80.28191,
            26.1073161
          ],
          [
            -80.282109,
            26.107365
          ]
        ]
      }
    },
    {
      "type": "Feature",
      "properties": {
        "@id": "way/369119921",
        "HFCS": "Urban Minor Arterial",
        "hgv": "yes",
        "highway": "primary",
        "lanes": "2",
        "lit": "yes",
        "maxspeed": "45 mph",
        "oneway": "yes",
        "ref": "SR 84",
        "surface": "asphalt",
        "tiger:cfcc": "A15",
        "tiger:county": "Broward, FL",
        "turn:lanes": "none|merge_to_left",
        "corridor": "I-595",
        "road": "SR 84",
        "facility": "frontage_road",
        "direction": "WB",
        "source": "OpenStreetMap / Overpass",
        "classification_basis": "OSM one-way travel direction",
        "visualization_note": "Physical frontage-road carriageway geometry; not survey/as-built."
      },
      "geometry": {
        "type": "LineString",
        "coordinates": [
          [
            -80.2576495,
            26.1013642
          ],
          [
            -80.2581355,
            26.1014384
          ]
        ]
      }
    },
    {
      "type": "Feature",
      "properties": {
        "@id": "way/369119928",
        "HFCS": "Minor Arterial",
        "hgv": "yes",
        "highway": "primary",
        "lanes": "2",
        "lit": "yes",
        "maxspeed": "45 mph",
        "oneway": "yes",
        "ref": "SR 84",
        "surface": "asphalt",
        "tiger:cfcc": "A15",
        "tiger:county": "Broward, FL",
        "corridor": "I-595",
        "road": "SR 84",
        "facility": "frontage_road",
        "direction": "WB",
        "source": "OpenStreetMap / Overpass",
        "classification_basis": "OSM one-way travel direction",
        "visualization_note": "Physical frontage-road carriageway geometry; not survey/as-built."
      },
      "geometry": {
        "type": "LineString",
        "coordinates": [
          [
            -80.2976459,
            26.1111931
          ],
          [
            -80.2977739,
            26.1112243
          ],
          [
            -80.298056,
            26.1112926
          ],
          [
            -80.300405,
            26.1118308
          ],
          [
            -80.3012565,
            26.1120214
          ],
          [
            -80.3018429,
            26.1121592
          ]
        ]
      }
    },
    {
      "type": "Feature",
      "properties": {
        "@id": "way/369119930",
        "HFCS": "Minor Arterial",
        "cycleway:left": "no",
        "cycleway:right": "shoulder",
        "foot": "no",
        "hgv": "yes",
        "highway": "primary",
        "lanes": "3",
        "lit": "yes",
        "maxspeed": "45 mph",
        "oneway": "yes",
        "ref": "SR 84",
        "sidewalk": "no",
        "surface": "asphalt",
        "tiger:cfcc": "A15",
        "tiger:county": "Broward, FL",
        "toll": "no",
        "corridor": "I-595",
        "road": "SR 84",
        "facility": "frontage_road",
        "direction": "WB",
        "source": "OpenStreetMap / Overpass",
        "classification_basis": "OSM one-way travel direction",
        "visualization_note": "Physical frontage-road carriageway geometry; not survey/as-built."
      },
      "geometry": {
        "type": "LineString",
        "coordinates": [
          [
            -80.2298449,
            26.0944623
          ],
          [
            -80.2309015,
            26.0947446
          ],
          [
            -80.2313248,
            26.0948559
          ]
        ]
      }
    },
    {
      "type": "Feature",
      "properties": {
        "@id": "way/369119932",
        "HFCS": "Minor Arterial",
        "cycleway:left": "no",
        "cycleway:right": "shoulder",
        "foot": "no",
        "hgv": "yes",
        "highway": "primary",
        "lanes": "3",
        "lit": "yes",
        "maxspeed": "45 mph",
        "oneway": "yes",
        "ref": "SR 84",
        "sidewalk": "no",
        "surface": "asphalt",
        "tiger:cfcc": "A15",
        "tiger:county": "Broward, FL",
        "toll": "no",
        "turn:lanes": "through|through|right",
        "corridor": "I-595",
        "road": "SR 84",
        "facility": "frontage_road",
        "direction": "WB",
        "source": "OpenStreetMap / Overpass",
        "classification_basis": "OSM one-way travel direction",
        "visualization_note": "Physical frontage-road carriageway geometry; not survey/as-built."
      },
      "geometry": {
        "type": "LineString",
        "coordinates": [
          [
            -80.2459174,
            26.0984122
          ],
          [
            -80.2478173,
            26.0987934
          ],
          [
            -80.2486348,
            26.0989633
          ]
        ]
      }
    },
    {
      "type": "Feature",
      "properties": {
        "@id": "way/369119933",
        "HFCS": "Minor Arterial",
        "destination:lanes": "136th Avenue South|136th Avenue South;SR 84 West|",
        "destination:ref:lanes": "|SR 84 West|SR 84 West",
        "hgv": "yes",
        "highway": "primary",
        "lanes": "3",
        "lit": "yes",
        "maxspeed": "45 mph",
        "oneway": "yes",
        "placement": "right_of:2",
        "ref": "SR 84",
        "surface": "asphalt",
        "tiger:cfcc": "A15",
        "tiger:county": "Broward, FL",
        "turn:lanes": "left|left;through|through",
        "corridor": "I-595",
        "road": "SR 84",
        "facility": "frontage_road",
        "direction": "WB",
        "source": "OpenStreetMap / Overpass",
        "classification_basis": "OSM one-way travel direction",
        "visualization_note": "Physical frontage-road carriageway geometry; not survey/as-built."
      },
      "geometry": {
        "type": "LineString",
        "coordinates": [
          [
            -80.3300553,
            26.118862
          ],
          [
            -80.3302418,
            26.1189154
          ]
        ]
      }
    },
    {
      "type": "Feature",
      "properties": {
        "@id": "way/369119936",
        "HFCS": "Minor Arterial",
        "foot": "no",
        "hgv": "yes",
        "highway": "primary",
        "lanes": "3",
        "lit": "yes",
        "maxspeed": "45 mph",
        "oneway": "yes",
        "ref": "SR 84",
        "sidewalk": "no",
        "surface": "asphalt",
        "tiger:cfcc": "A15",
        "tiger:county": "Broward, FL",
        "corridor": "I-595",
        "road": "SR 84",
        "facility": "frontage_road",
        "direction": "WB",
        "source": "OpenStreetMap / Overpass",
        "classification_basis": "OSM one-way travel direction",
        "visualization_note": "Physical frontage-road carriageway geometry; not survey/as-built."
      },
      "geometry": {
        "type": "LineString",
        "coordinates": [
          [
            -80.2723305,
            26.104986
          ],
          [
            -80.2776409,
            26.106259
          ],
          [
            -80.2790951,
            26.106617
          ]
        ]
      }
    },
    {
      "type": "Feature",
      "properties": {
        "@id": "way/369119937",
        "HFCS": "Minor Arterial",
        "destination:lanes": "136th Avenue South|136th Avenue South;FL 84 West||136th Avenue North|136th Avenue North",
        "destination:ref:lanes": "|SR 84 West|SR 84 West||",
        "destination:ref:to:lanes": "|||SR 869 Toll|SR 869 Toll",
        "hgv": "yes",
        "highway": "primary",
        "lanes": "5",
        "lit": "yes",
        "maxspeed": "45 mph",
        "oneway": "yes",
        "placement": "right_of:2",
        "ref": "SR 84",
        "surface": "asphalt",
        "tiger:cfcc": "A15",
        "tiger:county": "Broward, FL",
        "turn:lanes": "left|left;through|through;right|right|right",
        "corridor": "I-595",
        "road": "SR 84",
        "facility": "frontage_road",
        "direction": "WB",
        "source": "OpenStreetMap / Overpass",
        "classification_basis": "OSM one-way travel direction",
        "visualization_note": "Physical frontage-road carriageway geometry; not survey/as-built."
      },
      "geometry": {
        "type": "LineString",
        "coordinates": [
          [
            -80.3294368,
            26.1187033
          ],
          [
            -80.3298987,
            26.1188149
          ],
          [
            -80.3300553,
            26.118862
          ]
        ]
      }
    },
    {
      "type": "Feature",
      "properties": {
        "@id": "way/369119938",
        "HFCS": "Minor Arterial",
        "cycleway": "lane",
        "hgv": "yes",
        "highway": "primary",
        "lanes": "4",
        "lit": "yes",
        "maxspeed": "45 mph",
        "oneway": "yes",
        "placement": "middle_of:2",
        "ref": "SR 84",
        "surface": "asphalt",
        "tiger:cfcc": "A15",
        "tiger:county": "Broward, FL",
        "turn:lanes": "reverse;left|left;through|through;right|right",
        "corridor": "I-595",
        "road": "SR 84",
        "facility": "frontage_road",
        "direction": "WB",
        "source": "OpenStreetMap / Overpass",
        "classification_basis": "OSM one-way travel direction",
        "visualization_note": "Physical frontage-road carriageway geometry; not survey/as-built."
      },
      "geometry": {
        "type": "LineString",
        "coordinates": [
          [
            -80.2790951,
            26.106617
          ],
          [
            -80.2814073,
            26.1071943
          ]
        ]
      }
    },
    {
      "type": "Feature",
      "properties": {
        "@id": "way/369119940",
        "HFCS": "Minor Arterial",
        "hgv": "yes",
        "highway": "primary",
        "lanes": "2",
        "lit": "yes",
        "maxspeed": "45 mph",
        "oneway": "yes",
        "ref": "SR 84",
        "surface": "asphalt",
        "tiger:cfcc": "A15",
        "tiger:county": "Broward, FL",
        "corridor": "I-595",
        "road": "SR 84",
        "facility": "frontage_road",
        "direction": "WB",
        "source": "OpenStreetMap / Overpass",
        "classification_basis": "OSM one-way travel direction",
        "visualization_note": "Physical frontage-road carriageway geometry; not survey/as-built."
      },
      "geometry": {
        "type": "LineString",
        "coordinates": [
          [
            -80.3246429,
            26.1176783
          ],
          [
            -80.3268168,
            26.1181102
          ],
          [
            -80.3284255,
            26.1184744
          ]
        ]
      }
    },
    {
      "type": "Feature",
      "properties": {
        "@id": "way/376539664",
        "HFCS": "Minor Arterial",
        "cycleway": "lane",
        "hgv": "yes",
        "highway": "primary",
        "lanes": "2",
        "maxspeed": "35 mph",
        "name": "Marina Mile Boulevard",
        "oneway": "yes",
        "ref": "SR 84",
        "sidewalk:both": "no",
        "source:maxspeed": "FDOT \"Maximum Speed Limits\" GIS data, updated August 27, 2011: http://www.dot.state.fl.us/planning/statistics/gis/roaddata.shtm",
        "surface": "asphalt",
        "tiger:county": "Broward, FL",
        "corridor": "I-595",
        "road": "SR 84",
        "facility": "frontage_road",
        "direction": "WB",
        "source": "OpenStreetMap / Overpass",
        "classification_basis": "OSM one-way travel direction",
        "visualization_note": "Physical frontage-road carriageway geometry; not survey/as-built."
      },
      "geometry": {
        "type": "LineString",
        "coordinates": [
          [
            -80.1805066,
            26.0856873
          ],
          [
            -80.1806994,
            26.0856551
          ],
          [
            -80.1812355,
            26.0855724
          ]
        ]
      }
    },
    {
      "type": "Feature",
      "properties": {
        "@id": "way/404408420",
        "HFCS": "Minor Arterial",
        "destination:street": "Hiatus Road",
        "foot": "no",
        "hgv": "yes",
        "highway": "primary",
        "lanes": "2",
        "lit": "yes",
        "maxspeed": "45 mph",
        "oneway": "yes",
        "ref": "SR 84",
        "sidewalk": "no",
        "surface": "asphalt",
        "tiger:cfcc": "A15",
        "tiger:county": "Broward, FL",
        "corridor": "I-595",
        "road": "SR 84",
        "facility": "frontage_road",
        "direction": "WB",
        "source": "OpenStreetMap / Overpass",
        "classification_basis": "OSM one-way travel direction",
        "visualization_note": "Physical frontage-road carriageway geometry; not survey/as-built."
      },
      "geometry": {
        "type": "LineString",
        "coordinates": [
          [
            -80.2922835,
            26.1098235
          ],
          [
            -80.2926096,
            26.1099471
          ],
          [
            -80.2949485,
            26.1105334
          ],
          [
            -80.295295,
            26.1106183
          ]
        ]
      }
    },
    {
      "type": "Feature",
      "properties": {
        "@id": "way/404408422",
        "HFCS": "Minor Arterial",
        "foot": "no",
        "hgv": "yes",
        "highway": "primary",
        "lanes": "2",
        "lit": "yes",
        "maxspeed": "45 mph",
        "oneway": "yes",
        "ref": "SR 84",
        "sidewalk": "no",
        "surface": "asphalt",
        "tiger:cfcc": "A15",
        "tiger:county": "Broward, FL",
        "corridor": "I-595",
        "road": "SR 84",
        "facility": "frontage_road",
        "direction": "WB",
        "source": "OpenStreetMap / Overpass",
        "classification_basis": "OSM one-way travel direction",
        "visualization_note": "Physical frontage-road carriageway geometry; not survey/as-built."
      },
      "geometry": {
        "type": "LineString",
        "coordinates": [
          [
            -80.282109,
            26.107365
          ],
          [
            -80.282202,
            26.1073901
          ],
          [
            -80.2824428,
            26.1074461
          ],
          [
            -80.2843983,
            26.1079227
          ],
          [
            -80.2862527,
            26.1083732
          ],
          [
            -80.2867045,
            26.108488
          ],
          [
            -80.286944,
            26.1085527
          ],
          [
            -80.2876308,
            26.1087573
          ],
          [
            -80.2878669,
            26.1088248
          ],
          [
            -80.2881531,
            26.1088969
          ],
          [
            -80.2884564,
            26.1089632
          ],
          [
            -80.2890518,
            26.1090737
          ],
          [
            -80.289291,
            26.1091218
          ],
          [
            -80.2896433,
            26.1091967
          ],
          [
            -80.2903342,
            26.1093693
          ],
          [
            -80.2904738,
            26.1093671
          ]
        ]
      }
    },
    {
      "type": "Feature",
      "properties": {
        "@id": "way/451346647",
        "HFCS": "Minor Arterial",
        "hgv": "yes",
        "highway": "primary",
        "lanes": "2",
        "lit": "yes",
        "maxspeed": "45 mph",
        "oneway": "yes",
        "ref": "SR 84",
        "surface": "asphalt",
        "tiger:cfcc": "A15",
        "tiger:county": "Broward, FL",
        "corridor": "I-595",
        "road": "SR 84",
        "facility": "frontage_road",
        "direction": "WB",
        "source": "OpenStreetMap / Overpass",
        "classification_basis": "OSM one-way travel direction",
        "visualization_note": "Physical frontage-road carriageway geometry; not survey/as-built."
      },
      "geometry": {
        "type": "LineString",
        "coordinates": [
          [
            -80.3302418,
            26.1189154
          ],
          [
            -80.3303268,
            26.1189388
          ]
        ]
      }
    },
    {
      "type": "Feature",
      "properties": {
        "@id": "way/457394554",
        "HFCS": "Minor Arterial",
        "cycleway": "lane",
        "hgv": "yes",
        "highway": "primary",
        "lanes": "4",
        "maxspeed": "35 mph",
        "name": "Marina Boulevard",
        "oneway": "yes",
        "placement": "right_of:3",
        "ref": "SR 84",
        "sidewalk:both": "no",
        "source:maxspeed": "FDOT \"Maximum Speed Limits\" GIS data, updated August 27, 2011: http://www.dot.state.fl.us/planning/statistics/gis/roaddata.shtm",
        "surface": "asphalt",
        "tiger:county": "Broward, FL",
        "corridor": "I-595",
        "road": "SR 84",
        "facility": "frontage_road",
        "direction": "WB",
        "source": "OpenStreetMap / Overpass",
        "classification_basis": "OSM one-way travel direction",
        "visualization_note": "Physical frontage-road carriageway geometry; not survey/as-built."
      },
      "geometry": {
        "type": "LineString",
        "coordinates": [
          [
            -80.1803689,
            26.0857103
          ],
          [
            -80.1805066,
            26.0856873
          ]
        ]
      }
    },
    {
      "type": "Feature",
      "properties": {
        "@id": "way/479157290",
        "HFCS": "Minor Arterial",
        "hgv": "yes",
        "highway": "primary",
        "lanes": "4",
        "lit": "yes",
        "maxspeed": "45 mph",
        "oneway": "yes",
        "placement": "right_of:2",
        "ref": "SR 84",
        "surface": "asphalt",
        "tiger:cfcc": "A15",
        "tiger:county": "Broward, FL",
        "turn:lanes": "left|||",
        "corridor": "I-595",
        "road": "SR 84",
        "facility": "frontage_road",
        "direction": "WB",
        "source": "OpenStreetMap / Overpass",
        "classification_basis": "OSM one-way travel direction",
        "visualization_note": "Physical frontage-road carriageway geometry; not survey/as-built."
      },
      "geometry": {
        "type": "LineString",
        "coordinates": [
          [
            -80.3018429,
            26.1121592
          ],
          [
            -80.3041899,
            26.1127236
          ]
        ]
      }
    },
    {
      "type": "Feature",
      "properties": {
        "@id": "way/479157291",
        "HFCS": "Minor Arterial",
        "hgv": "yes",
        "highway": "primary",
        "lanes": "2",
        "lit": "yes",
        "maxspeed": "45 mph",
        "oneway": "yes",
        "ref": "SR 84",
        "surface": "asphalt",
        "tiger:cfcc": "A15",
        "tiger:county": "Broward, FL",
        "corridor": "I-595",
        "road": "SR 84",
        "facility": "frontage_road",
        "direction": "WB",
        "source": "OpenStreetMap / Overpass",
        "classification_basis": "OSM one-way travel direction",
        "visualization_note": "Physical frontage-road carriageway geometry; not survey/as-built."
      },
      "geometry": {
        "type": "LineString",
        "coordinates": [
          [
            -80.3041899,
            26.1127236
          ],
          [
            -80.3049071,
            26.1128818
          ],
          [
            -80.3111065,
            26.114395
          ]
        ]
      }
    },
    {
      "type": "Feature",
      "properties": {
        "@id": "way/479744156",
        "HFCS": "Minor Arterial",
        "hgv": "yes",
        "highway": "primary",
        "lanes": "3",
        "lit": "yes",
        "maxspeed": "45 mph",
        "oneway": "yes",
        "placement": "right_of:2",
        "ref": "SR 84",
        "sidewalk": "no",
        "surface": "asphalt",
        "tiger:county": "Broward, FL",
        "turn:lanes": "left|through|through",
        "corridor": "I-595",
        "road": "SR 84",
        "facility": "frontage_road",
        "direction": "WB",
        "source": "OpenStreetMap / Overpass",
        "classification_basis": "OSM one-way travel direction",
        "visualization_note": "Physical frontage-road carriageway geometry; not survey/as-built."
      },
      "geometry": {
        "type": "LineString",
        "coordinates": [
          [
            -80.367026,
            26.1277646
          ],
          [
            -80.3680685,
            26.1280125
          ]
        ]
      }
    },
    {
      "type": "Feature",
      "properties": {
        "@id": "way/479744157",
        "HFCS": "Minor Arterial",
        "hgv": "yes",
        "highway": "primary",
        "lanes": "2",
        "lit": "yes",
        "maxspeed": "45 mph",
        "oneway": "yes",
        "ref": "SR 84",
        "sidewalk": "no",
        "surface": "asphalt",
        "tiger:county": "Broward, FL",
        "corridor": "I-595",
        "road": "SR 84",
        "facility": "frontage_road",
        "direction": "WB",
        "source": "OpenStreetMap / Overpass",
        "classification_basis": "OSM one-way travel direction",
        "visualization_note": "Physical frontage-road carriageway geometry; not survey/as-built."
      },
      "geometry": {
        "type": "LineString",
        "coordinates": [
          [
            -80.3601941,
            26.1261223
          ],
          [
            -80.361147,
            26.1263476
          ],
          [
            -80.367026,
            26.1277646
          ]
        ]
      }
    },
    {
      "type": "Feature",
      "properties": {
        "@id": "way/513946354",
        "HFCS": "Minor Arterial",
        "destination:lanes": "Flamingo Road|Flamingo Road|Hiatus Road|Hiatus Road",
        "foot": "no",
        "hgv": "yes",
        "highway": "primary",
        "lanes": "4",
        "lit": "yes",
        "maxspeed": "45 mph",
        "oneway": "yes",
        "ref": "SR 84",
        "sidewalk": "no",
        "surface": "asphalt",
        "tiger:cfcc": "A15",
        "tiger:county": "Broward, FL",
        "turn:lanes": "slight_left|slight_left|slight_right|slight_right",
        "corridor": "I-595",
        "road": "SR 84",
        "facility": "frontage_road",
        "direction": "WB",
        "source": "OpenStreetMap / Overpass",
        "classification_basis": "OSM one-way travel direction",
        "visualization_note": "Physical frontage-road carriageway geometry; not survey/as-built."
      },
      "geometry": {
        "type": "LineString",
        "coordinates": [
          [
            -80.2904738,
            26.1093671
          ],
          [
            -80.2922835,
            26.1098235
          ]
        ]
      }
    },
    {
      "type": "Feature",
      "properties": {
        "@id": "way/514268155",
        "HFCS": "Minor Arterial",
        "hgv": "yes",
        "highway": "primary",
        "lanes": "3",
        "lit": "yes",
        "maxspeed": "45 mph",
        "oneway": "yes",
        "ref": "SR 84",
        "surface": "asphalt",
        "tiger:cfcc": "A15",
        "tiger:county": "Broward, FL",
        "corridor": "I-595",
        "road": "SR 84",
        "facility": "frontage_road",
        "direction": "WB",
        "source": "OpenStreetMap / Overpass",
        "classification_basis": "OSM one-way travel direction",
        "visualization_note": "Physical frontage-road carriageway geometry; not survey/as-built."
      },
      "geometry": {
        "type": "LineString",
        "coordinates": [
          [
            -80.2611899,
            26.102171
          ],
          [
            -80.262471,
            26.1024735
          ]
        ]
      }
    },
    {
      "type": "Feature",
      "properties": {
        "@id": "way/514268159",
        "HFCS": "Minor Arterial",
        "hgv": "yes",
        "highway": "primary",
        "lanes": "1",
        "lit": "yes",
        "maxspeed": "45 mph",
        "oneway": "yes",
        "ref": "SR 84",
        "surface": "asphalt",
        "tiger:cfcc": "A15",
        "tiger:county": "Broward, FL",
        "corridor": "I-595",
        "road": "SR 84",
        "facility": "frontage_road",
        "direction": "WB",
        "source": "OpenStreetMap / Overpass",
        "classification_basis": "OSM one-way travel direction",
        "visualization_note": "Physical frontage-road carriageway geometry; not survey/as-built."
      },
      "geometry": {
        "type": "LineString",
        "coordinates": [
          [
            -80.2708381,
            26.1045051
          ],
          [
            -80.2710148,
            26.1045804
          ],
          [
            -80.2723305,
            26.104986
          ]
        ]
      }
    },
    {
      "type": "Feature",
      "properties": {
        "@id": "way/514268168",
        "HFCS": "Minor Arterial",
        "hgv": "yes",
        "highway": "primary",
        "lanes": "4",
        "lit": "yes",
        "maxspeed": "45 mph",
        "oneway": "yes",
        "placement": "right_of:2",
        "ref": "SR 84",
        "surface": "asphalt",
        "tiger:cfcc": "A15",
        "tiger:county": "Broward, FL",
        "turn:lanes": "reverse;left|left;through|through;right|right",
        "corridor": "I-595",
        "road": "SR 84",
        "facility": "frontage_road",
        "direction": "WB",
        "source": "OpenStreetMap / Overpass",
        "classification_basis": "OSM one-way travel direction",
        "visualization_note": "Physical frontage-road carriageway geometry; not survey/as-built."
      },
      "geometry": {
        "type": "LineString",
        "coordinates": [
          [
            -80.262471,
            26.1024735
          ],
          [
            -80.2633243,
            26.102675
          ],
          [
            -80.2648988,
            26.1030752
          ]
        ]
      }
    },
    {
      "type": "Feature",
      "properties": {
        "@id": "way/539375244",
        "HFCS": "Minor Arterial",
        "destination:ref": "I 595 West;SR 84 West",
        "destination:to": "Florida's Turnpike",
        "hgv": "yes",
        "highway": "primary",
        "lanes": "1",
        "lit": "no",
        "oneway": "yes",
        "ref": "SR 84",
        "surface": "asphalt",
        "tiger:county": "Broward, FL",
        "toll": "no",
        "corridor": "I-595",
        "road": "SR 84",
        "facility": "frontage_road",
        "direction": "WB",
        "source": "OpenStreetMap / Overpass",
        "classification_basis": "OSM one-way travel direction",
        "visualization_note": "Physical frontage-road carriageway geometry; not survey/as-built."
      },
      "geometry": {
        "type": "LineString",
        "coordinates": [
          [
            -80.1963784,
            26.0845204
          ],
          [
            -80.1965604,
            26.0844793
          ],
          [
            -80.1967184,
            26.0844619
          ],
          [
            -80.1968671,
            26.0844476
          ],
          [
            -80.1970275,
            26.0844386
          ],
          [
            -80.1971622,
            26.0844316
          ],
          [
            -80.197283,
            26.0844279
          ],
          [
            -80.1974078,
            26.084425
          ],
          [
            -80.1975103,
            26.0844256
          ],
          [
            -80.1976467,
            26.0844273
          ],
          [
            -80.197768,
            26.0844321
          ],
          [
            -80.1979168,
            26.0844398
          ],
          [
            -80.1980982,
            26.0844535
          ],
          [
            -80.1982787,
            26.0844708
          ],
          [
            -80.1984439,
            26.0844909
          ],
          [
            -80.1985774,
            26.084509
          ],
          [
            -80.1987394,
            26.0845339
          ],
          [
            -80.1988906,
            26.084563
          ],
          [
            -80.1990364,
            26.0845935
          ],
          [
            -80.199217,
            26.0846316
          ],
          [
            -80.1994045,
            26.0846739
          ],
          [
            -80.1995897,
            26.0847196
          ],
          [
            -80.1997694,
            26.0847674
          ],
          [
            -80.2000025,
            26.0848326
          ],
          [
            -80.2002771,
            26.0849178
          ],
          [
            -80.2005619,
            26.0850107
          ],
          [
            -80.2007972,
            26.0850952
          ],
          [
            -80.2010094,
            26.0851763
          ],
          [
            -80.2012455,
            26.0852692
          ],
          [
            -80.2014777,
            26.0853655
          ],
          [
            -80.2016729,
            26.0854188
          ]
        ]
      }
    },
    {
      "type": "Feature",
      "properties": {
        "@id": "way/539376349",
        "HFCS": "Urban Minor Arterial",
        "hgv": "yes",
        "highway": "primary",
        "lanes": "2",
        "lit": "no",
        "name": "Marina Mile Boulevard",
        "old_ref:1945": "84",
        "oneway": "yes",
        "ref": "SR 84",
        "source": "OpenStreetMap / Overpass",
        "surface": "asphalt",
        "toll": "no",
        "corridor": "I-595",
        "road": "SR 84",
        "facility": "frontage_road",
        "direction": "WB",
        "classification_basis": "OSM one-way travel direction",
        "visualization_note": "Physical frontage-road carriageway geometry; not survey/as-built."
      },
      "geometry": {
        "type": "LineString",
        "coordinates": [
          [
            -80.1925866,
            26.0847854
          ],
          [
            -80.1932081,
            26.0847842
          ]
        ]
      }
    },
    {
      "type": "Feature",
      "properties": {
        "@id": "way/669625426",
        "HFCS": "Minor Arterial",
        "addr:county": "Broward, FL",
        "hgv": "yes",
        "highway": "primary",
        "lanes": "2",
        "lit": "yes",
        "maxspeed": "45 mph",
        "oneway": "yes",
        "ref": "SR 84",
        "sidewalk": "right",
        "surface": "asphalt",
        "tiger:cfcc": "A15",
        "zip_left": "33325",
        "zip_right": "33325",
        "corridor": "I-595",
        "road": "SR 84",
        "facility": "frontage_road",
        "direction": "WB",
        "source": "OpenStreetMap / Overpass",
        "classification_basis": "OSM one-way travel direction",
        "visualization_note": "Physical frontage-road carriageway geometry; not survey/as-built."
      },
      "geometry": {
        "type": "LineString",
        "coordinates": [
          [
            -80.3403228,
            26.1213603
          ],
          [
            -80.343373,
            26.122064
          ],
          [
            -80.3496726,
            26.1235792
          ]
        ]
      }
    },
    {
      "type": "Feature",
      "properties": {
        "@id": "way/952172241",
        "HFCS": "Minor Arterial",
        "cycleway:both": "no",
        "highway": "primary",
        "lanes": "2",
        "lit": "yes",
        "maxspeed": "45 mph",
        "oneway": "yes",
        "ref": "SR 84",
        "surface": "asphalt",
        "tiger:county": "Broward, FL",
        "toll": "no",
        "corridor": "I-595",
        "road": "SR 84",
        "facility": "frontage_road",
        "direction": "WB",
        "source": "OpenStreetMap / Overpass",
        "classification_basis": "OSM one-way travel direction",
        "visualization_note": "Physical frontage-road carriageway geometry; not survey/as-built."
      },
      "geometry": {
        "type": "LineString",
        "coordinates": [
          [
            -80.2240567,
            26.0932746
          ],
          [
            -80.2251331,
            26.0934158
          ]
        ]
      }
    },
    {
      "type": "Feature",
      "properties": {
        "@id": "way/997657007",
        "HFCS": "Minor Arterial",
        "change": "no",
        "destination:lanes": "136th Avenue South|136th Avenue South;SR 84 West||136th Avenue North",
        "destination:ref:lanes": "SR 84 East|SR 84 West|SR 84 West|",
        "destination:ref:to:lanes": "I 595 East|||SR 869 Toll",
        "hgv": "yes",
        "highway": "primary",
        "lanes": "4",
        "lit": "yes",
        "maxspeed": "45 mph",
        "oneway": "yes",
        "placement": "right_of:2",
        "ref": "SR 84",
        "surface": "asphalt",
        "tiger:cfcc": "A15",
        "tiger:county": "Broward, FL",
        "turn:lanes": "left|left;through|through;right|right",
        "corridor": "I-595",
        "road": "SR 84",
        "facility": "frontage_road",
        "direction": "WB",
        "source": "OpenStreetMap / Overpass",
        "classification_basis": "OSM one-way travel direction",
        "visualization_note": "Physical frontage-road carriageway geometry; not survey/as-built."
      },
      "geometry": {
        "type": "LineString",
        "coordinates": [
          [
            -80.3285315,
            26.1184984
          ],
          [
            -80.3287436,
            26.1185464
          ],
          [
            -80.3289842,
            26.1186008
          ]
        ]
      }
    },
    {
      "type": "Feature",
      "properties": {
        "@id": "way/997657008",
        "HFCS": "Minor Arterial",
        "change": "no",
        "destination:lanes": "136th Avenue South;SR 84 West||136th Avenue North",
        "destination:ref:lanes": "SR 84 East;SR 84 West|SR 84 West|",
        "destination:ref:to:lanes": "I 595 East||SR 869 Toll",
        "hgv": "yes",
        "highway": "primary",
        "lanes": "3",
        "lit": "yes",
        "maxspeed": "45 mph",
        "oneway": "yes",
        "placement": "right_of:1",
        "ref": "SR 84",
        "surface": "asphalt",
        "tiger:cfcc": "A15",
        "tiger:county": "Broward, FL",
        "turn:lanes": "left;through|through;right|right",
        "corridor": "I-595",
        "road": "SR 84",
        "facility": "frontage_road",
        "direction": "WB",
        "source": "OpenStreetMap / Overpass",
        "classification_basis": "OSM one-way travel direction",
        "visualization_note": "Physical frontage-road carriageway geometry; not survey/as-built."
      },
      "geometry": {
        "type": "LineString",
        "coordinates": [
          [
            -80.3284255,
            26.1184744
          ],
          [
            -80.3285315,
            26.1184984
          ]
        ]
      }
    },
    {
      "type": "Feature",
      "properties": {
        "@id": "way/997657009",
        "HFCS": "Minor Arterial",
        "change": "no",
        "destination:lanes": "|136th Avenue South|136th Avenue South;SR 84 West||136th Avenue North|136th Avenue North",
        "destination:ref:lanes": "SR 84 East||SR 84 West|SR 84 West||",
        "destination:ref:to:lanes": "I 595 East||||SR 869 Toll|SR 869 Toll",
        "hgv": "yes",
        "highway": "primary",
        "lanes": "6",
        "lit": "yes",
        "maxspeed": "45 mph",
        "oneway": "yes",
        "placement": "right_of:3",
        "ref": "SR 84",
        "surface": "asphalt",
        "tiger:cfcc": "A15",
        "tiger:county": "Broward, FL",
        "turn:lanes": "reverse|left|left;through|through;right|right|right",
        "corridor": "I-595",
        "road": "SR 84",
        "facility": "frontage_road",
        "direction": "WB",
        "source": "OpenStreetMap / Overpass",
        "classification_basis": "OSM one-way travel direction",
        "visualization_note": "Physical frontage-road carriageway geometry; not survey/as-built."
      },
      "geometry": {
        "type": "LineString",
        "coordinates": [
          [
            -80.3289842,
            26.1186008
          ],
          [
            -80.3294368,
            26.1187033
          ]
        ]
      }
    },
    {
      "type": "Feature",
      "properties": {
        "@id": "way/1041355877",
        "HFCS": "Minor Arterial",
        "hgv": "yes",
        "highway": "primary",
        "lanes": "3",
        "lit": "yes",
        "maxspeed": "45 mph",
        "oneway": "yes",
        "ref": "SR 84",
        "surface": "asphalt",
        "tiger:cfcc": "A15",
        "tiger:county": "Broward, FL",
        "turn:lanes": "reverse;left||",
        "corridor": "I-595",
        "road": "SR 84",
        "facility": "frontage_road",
        "direction": "WB",
        "source": "OpenStreetMap / Overpass",
        "classification_basis": "OSM one-way travel direction",
        "visualization_note": "Physical frontage-road carriageway geometry; not survey/as-built."
      },
      "geometry": {
        "type": "LineString",
        "coordinates": [
          [
            -80.3111065,
            26.114395
          ],
          [
            -80.3114371,
            26.1144783
          ]
        ]
      }
    },
    {
      "type": "Feature",
      "properties": {
        "@id": "way/1041355878",
        "HFCS": "Minor Arterial",
        "hgv": "yes",
        "highway": "primary",
        "lanes": "4",
        "lit": "yes",
        "maxspeed": "45 mph",
        "oneway": "yes",
        "ref": "SR 84",
        "surface": "asphalt",
        "tiger:cfcc": "A15",
        "tiger:county": "Broward, FL",
        "turn:lanes": "left|left;through||right",
        "corridor": "I-595",
        "road": "SR 84",
        "facility": "frontage_road",
        "direction": "WB",
        "source": "OpenStreetMap / Overpass",
        "classification_basis": "OSM one-way travel direction",
        "visualization_note": "Physical frontage-road carriageway geometry; not survey/as-built."
      },
      "geometry": {
        "type": "LineString",
        "coordinates": [
          [
            -80.312999,
            26.1148721
          ],
          [
            -80.3133728,
            26.1149601
          ],
          [
            -80.3134646,
            26.1149812
          ]
        ]
      }
    },
    {
      "type": "Feature",
      "properties": {
        "@id": "way/1041355879",
        "HFCS": "Minor Arterial",
        "hgv": "yes",
        "highway": "primary",
        "lit": "yes",
        "maxspeed": "45 mph",
        "oneway": "yes",
        "ref": "SR 84",
        "surface": "asphalt",
        "tiger:cfcc": "A15",
        "tiger:county": "Broward, FL",
        "corridor": "I-595",
        "road": "SR 84",
        "facility": "frontage_road",
        "direction": "WB",
        "source": "OpenStreetMap / Overpass",
        "classification_basis": "OSM one-way travel direction",
        "visualization_note": "Physical frontage-road carriageway geometry; not survey/as-built."
      },
      "geometry": {
        "type": "LineString",
        "coordinates": [
          [
            -80.3134646,
            26.1149812
          ],
          [
            -80.3138084,
            26.1150685
          ]
        ]
      }
    },
    {
      "type": "Feature",
      "properties": {
        "@id": "way/1046518375",
        "HFCS": "Minor Arterial",
        "hgv": "yes",
        "highway": "primary",
        "lanes": "2",
        "lit": "yes",
        "maxspeed": "45 mph",
        "oneway": "yes",
        "ref": "SR 84",
        "surface": "asphalt",
        "tiger:cfcc": "A15",
        "tiger:county": "Broward, FL",
        "corridor": "I-595",
        "road": "SR 84",
        "facility": "frontage_road",
        "direction": "WB",
        "source": "OpenStreetMap / Overpass",
        "classification_basis": "OSM one-way travel direction",
        "visualization_note": "Physical frontage-road carriageway geometry; not survey/as-built."
      },
      "geometry": {
        "type": "LineString",
        "coordinates": [
          [
            -80.3224809,
            26.1171567
          ],
          [
            -80.3238483,
            26.1175034
          ],
          [
            -80.3246429,
            26.1176783
          ]
        ]
      }
    },
    {
      "type": "Feature",
      "properties": {
        "@id": "way/1123295163",
        "HFCS": "Minor Arterial",
        "cycleway": "lane",
        "hgv": "yes",
        "highway": "primary",
        "lanes": "4",
        "lit": "yes",
        "maxspeed": "45 mph",
        "oneway": "yes",
        "placement": "middle_of:2",
        "ref": "SR 84",
        "surface": "asphalt",
        "tiger:cfcc": "A15",
        "tiger:county": "Broward, FL",
        "turn:lanes": "left|left;through|through;right|right",
        "corridor": "I-595",
        "road": "SR 84",
        "facility": "frontage_road",
        "direction": "WB",
        "source": "OpenStreetMap / Overpass",
        "classification_basis": "OSM one-way travel direction",
        "visualization_note": "Physical frontage-road carriageway geometry; not survey/as-built."
      },
      "geometry": {
        "type": "LineString",
        "coordinates": [
          [
            -80.2814073,
            26.1071943
          ],
          [
            -80.2818158,
            26.1072935
          ],
          [
            -80.28191,
            26.1073161
          ]
        ]
      }
    },
    {
      "type": "Feature",
      "properties": {
        "@id": "way/1169278110",
        "HFCS": "Minor Arterial",
        "hgv": "yes",
        "highway": "primary",
        "lanes": "4",
        "lit": "yes",
        "maxspeed": "45 mph",
        "oneway": "yes",
        "ref": "SR 84",
        "sidewalk": "right",
        "surface": "asphalt",
        "tiger:cfcc": "A15",
        "tiger:county": "Broward, FL",
        "turn:lanes": "left|through|through|right",
        "corridor": "I-595",
        "road": "SR 84",
        "facility": "frontage_road",
        "direction": "WB",
        "source": "OpenStreetMap / Overpass",
        "classification_basis": "OSM one-way travel direction",
        "visualization_note": "Physical frontage-road carriageway geometry; not survey/as-built."
      },
      "geometry": {
        "type": "LineString",
        "coordinates": [
          [
            -80.3591417,
            26.1258705
          ],
          [
            -80.3600916,
            26.1260977
          ],
          [
            -80.3601941,
            26.1261223
          ]
        ]
      }
    },
    {
      "type": "Feature",
      "properties": {
        "@id": "way/1240775413",
        "HFCS": "Minor Arterial",
        "cycleway:left": "no",
        "cycleway:right": "shoulder",
        "hgv": "yes",
        "highway": "primary",
        "lanes": "3",
        "lit": "yes",
        "maxspeed": "45 mph",
        "oneway": "yes",
        "ref": "SR 84",
        "surface": "asphalt",
        "tiger:cfcc": "A15",
        "tiger:county": "Broward, FL",
        "toll": "no",
        "corridor": "I-595",
        "road": "SR 84",
        "facility": "frontage_road",
        "direction": "WB",
        "source": "OpenStreetMap / Overpass",
        "classification_basis": "OSM one-way travel direction",
        "visualization_note": "Physical frontage-road carriageway geometry; not survey/as-built."
      },
      "geometry": {
        "type": "LineString",
        "coordinates": [
          [
            -80.2286652,
            26.0941913
          ],
          [
            -80.2288449,
            26.0942326
          ],
          [
            -80.2294703,
            26.0943763
          ],
          [
            -80.2298449,
            26.0944623
          ]
        ]
      }
    },
    {
      "type": "Feature",
      "properties": {
        "@id": "way/1305521536",
        "HFCS": "Minor Arterial",
        "hgv": "yes",
        "highway": "primary",
        "lanes": "4",
        "maxspeed": "50 mph",
        "name": "Marina Mile Boulevard",
        "oneway": "yes",
        "ref": "SR 84",
        "sidewalk": "right",
        "source:maxspeed": "FDOT \"Maximum Speed Limits\" GIS data, updated August 27, 2011: http://www.dot.state.fl.us/planning/statistics/gis/roaddata.shtm",
        "surface": "asphalt",
        "tiger:county": "Broward, FL",
        "turn:lanes": "left|through|through|right",
        "corridor": "I-595",
        "road": "SR 84",
        "facility": "frontage_road",
        "direction": "WB",
        "source": "OpenStreetMap / Overpass",
        "classification_basis": "OSM one-way travel direction",
        "visualization_note": "Physical frontage-road carriageway geometry; not survey/as-built."
      },
      "geometry": {
        "type": "LineString",
        "coordinates": [
          [
            -80.1919945,
            26.0847868
          ],
          [
            -80.1925866,
            26.0847854
          ]
        ]
      }
    },
    {
      "type": "Feature",
      "properties": {
        "@id": "way/1305521537",
        "HFCS": "Minor Arterial",
        "hgv": "yes",
        "highway": "primary",
        "lanes": "3",
        "maxspeed": "50 mph",
        "name": "Marina Mile Boulevard",
        "oneway": "yes",
        "ref": "SR 84",
        "sidewalk": "right",
        "source:maxspeed": "FDOT \"Maximum Speed Limits\" GIS data, updated August 27, 2011: http://www.dot.state.fl.us/planning/statistics/gis/roaddata.shtm",
        "surface": "asphalt",
        "tiger:county": "Broward, FL",
        "turn:lanes": "none|none|right",
        "corridor": "I-595",
        "road": "SR 84",
        "facility": "frontage_road",
        "direction": "WB",
        "source": "OpenStreetMap / Overpass",
        "classification_basis": "OSM one-way travel direction",
        "visualization_note": "Physical frontage-road carriageway geometry; not survey/as-built."
      },
      "geometry": {
        "type": "LineString",
        "coordinates": [
          [
            -80.1916342,
            26.0847877
          ],
          [
            -80.1919945,
            26.0847868
          ]
        ]
      }
    },
    {
      "type": "Feature",
      "properties": {
        "@id": "way/1306289725",
        "HFCS": "Minor Arterial",
        "destination:street": "Hiatus Road",
        "foot": "no",
        "hgv": "yes",
        "highway": "primary",
        "lanes": "4",
        "lit": "yes",
        "maxspeed": "45 mph",
        "oneway": "yes",
        "ref": "SR 84",
        "sidewalk": "no",
        "surface": "asphalt",
        "tiger:cfcc": "A15",
        "tiger:county": "Broward, FL",
        "turn:lanes": "reverse;left|left;through|none|right",
        "corridor": "I-595",
        "road": "SR 84",
        "facility": "frontage_road",
        "direction": "WB",
        "source": "OpenStreetMap / Overpass",
        "classification_basis": "OSM one-way travel direction",
        "visualization_note": "Physical frontage-road carriageway geometry; not survey/as-built."
      },
      "geometry": {
        "type": "LineString",
        "coordinates": [
          [
            -80.295295,
            26.1106183
          ],
          [
            -80.2969092,
            26.1110141
          ]
        ]
      }
    },
    {
      "type": "Feature",
      "properties": {
        "@id": "way/1306289726",
        "HFCS": "Minor Arterial",
        "hgv": "yes",
        "highway": "primary",
        "lanes": "4",
        "lit": "yes",
        "maxspeed": "45 mph",
        "oneway": "yes",
        "ref": "SR 84",
        "surface": "asphalt",
        "tiger:cfcc": "A15",
        "tiger:county": "Broward, FL",
        "turn:lanes": "left|left;through|none|right",
        "corridor": "I-595",
        "road": "SR 84",
        "facility": "frontage_road",
        "direction": "WB",
        "source": "OpenStreetMap / Overpass",
        "classification_basis": "OSM one-way travel direction",
        "visualization_note": "Physical frontage-road carriageway geometry; not survey/as-built."
      },
      "geometry": {
        "type": "LineString",
        "coordinates": [
          [
            -80.2973059,
            26.1111102
          ],
          [
            -80.2974544,
            26.1111464
          ]
        ]
      }
    },
    {
      "type": "Feature",
      "properties": {
        "@id": "way/1306289727",
        "HFCS": "Minor Arterial",
        "hgv": "yes",
        "highway": "primary",
        "lanes": "3",
        "lit": "yes",
        "maxspeed": "45 mph",
        "oneway": "yes",
        "ref": "SR 84",
        "surface": "asphalt",
        "tiger:cfcc": "A15",
        "tiger:county": "Broward, FL",
        "turn:lanes": "left|left;through|none",
        "corridor": "I-595",
        "road": "SR 84",
        "facility": "frontage_road",
        "direction": "WB",
        "source": "OpenStreetMap / Overpass",
        "classification_basis": "OSM one-way travel direction",
        "visualization_note": "Physical frontage-road carriageway geometry; not survey/as-built."
      },
      "geometry": {
        "type": "LineString",
        "coordinates": [
          [
            -80.2974544,
            26.1111464
          ],
          [
            -80.2976459,
            26.1111931
          ]
        ]
      }
    },
    {
      "type": "Feature",
      "properties": {
        "@id": "way/1306289728",
        "HFCS": "Minor Arterial",
        "destination:street": "Hiatus Road",
        "hgv": "yes",
        "highway": "primary",
        "lanes": "4",
        "lit": "yes",
        "maxspeed": "45 mph",
        "oneway": "yes",
        "ref": "SR 84",
        "surface": "asphalt",
        "tiger:cfcc": "A15",
        "tiger:county": "Broward, FL",
        "turn:lanes": "left|left;through|none|right",
        "corridor": "I-595",
        "road": "SR 84",
        "facility": "frontage_road",
        "direction": "WB",
        "source": "OpenStreetMap / Overpass",
        "classification_basis": "OSM one-way travel direction",
        "visualization_note": "Physical frontage-road carriageway geometry; not survey/as-built."
      },
      "geometry": {
        "type": "LineString",
        "coordinates": [
          [
            -80.2969092,
            26.1110141
          ],
          [
            -80.2971721,
            26.1110778
          ],
          [
            -80.2973059,
            26.1111102
          ]
        ]
      }
    },
    {
      "type": "Feature",
      "properties": {
        "@id": "way/1306291391",
        "HFCS": "Minor Arterial",
        "hgv": "yes",
        "highway": "primary",
        "lanes": "4",
        "lit": "yes",
        "maxspeed": "45 mph",
        "oneway": "yes",
        "placement": "right_of:2",
        "ref": "SR 84",
        "surface": "asphalt",
        "tiger:cfcc": "A15",
        "tiger:county": "Broward, FL",
        "turn:lanes": "left|left;through|through;right|right",
        "corridor": "I-595",
        "road": "SR 84",
        "facility": "frontage_road",
        "direction": "WB",
        "source": "OpenStreetMap / Overpass",
        "classification_basis": "OSM one-way travel direction",
        "visualization_note": "Physical frontage-road carriageway geometry; not survey/as-built."
      },
      "geometry": {
        "type": "LineString",
        "coordinates": [
          [
            -80.2648988,
            26.1030752
          ],
          [
            -80.2651819,
            26.1031359
          ],
          [
            -80.2652238,
            26.1031448
          ],
          [
            -80.2652611,
            26.1031527
          ]
        ]
      }
    },
    {
      "type": "Feature",
      "properties": {
        "@id": "way/1306291392",
        "HFCS": "Minor Arterial",
        "hgv": "yes",
        "highway": "primary",
        "lanes": "3",
        "lit": "yes",
        "maxspeed": "45 mph",
        "oneway": "yes",
        "ref": "SR 84",
        "surface": "asphalt",
        "tiger:cfcc": "A15",
        "tiger:county": "Broward, FL",
        "turn:lanes": "left|left;through|through",
        "corridor": "I-595",
        "road": "SR 84",
        "facility": "frontage_road",
        "direction": "WB",
        "source": "OpenStreetMap / Overpass",
        "classification_basis": "OSM one-way travel direction",
        "visualization_note": "Physical frontage-road carriageway geometry; not survey/as-built."
      },
      "geometry": {
        "type": "LineString",
        "coordinates": [
          [
            -80.2652611,
            26.1031527
          ],
          [
            -80.2654952,
            26.1032016
          ]
        ]
      }
    },
    {
      "type": "Feature",
      "properties": {
        "@id": "way/1308979295",
        "HFCS": "Minor Arterial",
        "hgv": "yes",
        "highway": "primary",
        "lanes": "2",
        "lit": "yes",
        "maxspeed": "45 mph",
        "oneway": "yes",
        "ref": "SR 84",
        "sidewalk": "right",
        "surface": "asphalt",
        "tiger:cfcc": "A15",
        "tiger:county": "Broward, FL",
        "corridor": "I-595",
        "road": "SR 84",
        "facility": "frontage_road",
        "direction": "WB",
        "source": "OpenStreetMap / Overpass",
        "classification_basis": "OSM one-way travel direction",
        "visualization_note": "Physical frontage-road carriageway geometry; not survey/as-built."
      },
      "geometry": {
        "type": "LineString",
        "coordinates": [
          [
            -80.358672,
            26.1257581
          ],
          [
            -80.3591417,
            26.1258705
          ]
        ]
      }
    },
    {
      "type": "Feature",
      "properties": {
        "@id": "way/1344389884",
        "HFCS": "Minor Arterial",
        "addr:county": "Broward, FL",
        "hgv": "yes",
        "highway": "primary",
        "lanes": "4",
        "lit": "yes",
        "maxspeed": "45 mph",
        "oneway": "yes",
        "ref": "SR 84",
        "sidewalk": "right",
        "surface": "asphalt",
        "tiger:cfcc": "A15",
        "turn:lanes": "left|||right",
        "zip_left": "33325",
        "zip_right": "33325",
        "corridor": "I-595",
        "road": "SR 84",
        "facility": "frontage_road",
        "direction": "WB",
        "source": "OpenStreetMap / Overpass",
        "classification_basis": "OSM one-way travel direction",
        "visualization_note": "Physical frontage-road carriageway geometry; not survey/as-built."
      },
      "geometry": {
        "type": "LineString",
        "coordinates": [
          [
            -80.3397753,
            26.1212175
          ],
          [
            -80.3403228,
            26.1213603
          ]
        ]
      }
    },
    {
      "type": "Feature",
      "properties": {
        "@id": "way/1344389885",
        "HFCS": "Minor Arterial",
        "addr:county": "Broward, FL",
        "hgv": "yes",
        "highway": "primary",
        "lanes": "3",
        "lit": "yes",
        "maxspeed": "45 mph",
        "oneway": "yes",
        "ref": "SR 84",
        "sidewalk": "right",
        "surface": "asphalt",
        "tiger:cfcc": "A15",
        "turn:lanes": "||right",
        "zip_left": "33325",
        "zip_right": "33325",
        "corridor": "I-595",
        "road": "SR 84",
        "facility": "frontage_road",
        "direction": "WB",
        "source": "OpenStreetMap / Overpass",
        "classification_basis": "OSM one-way travel direction",
        "visualization_note": "Physical frontage-road carriageway geometry; not survey/as-built."
      },
      "geometry": {
        "type": "LineString",
        "coordinates": [
          [
            -80.3395698,
            26.1211722
          ],
          [
            -80.3397753,
            26.1212175
          ]
        ]
      }
    },
    {
      "type": "Feature",
      "properties": {
        "@id": "way/1469217371",
        "HFCS": "Minor Arterial",
        "cycleway": "lane",
        "hgv": "yes",
        "highway": "primary",
        "lanes": "2",
        "maxspeed": "35 mph",
        "name": "Marina Mile Boulevard",
        "oneway": "yes",
        "ref": "SR 84",
        "sidewalk:left": "no",
        "sidewalk:right": "separate",
        "source:maxspeed": "FDOT \"Maximum Speed Limits\" GIS data, updated August 27, 2011: http://www.dot.state.fl.us/planning/statistics/gis/roaddata.shtm",
        "surface": "asphalt",
        "tiger:county": "Broward, FL",
        "corridor": "I-595",
        "road": "SR 84",
        "facility": "frontage_road",
        "direction": "WB",
        "source": "OpenStreetMap / Overpass",
        "classification_basis": "OSM one-way travel direction",
        "visualization_note": "Physical frontage-road carriageway geometry; not survey/as-built."
      },
      "geometry": {
        "type": "LineString",
        "coordinates": [
          [
            -80.1812355,
            26.0855724
          ],
          [
            -80.1818015,
            26.0854845
          ]
        ]
      }
    },
    {
      "type": "Feature",
      "properties": {
        "@id": "way/1549980014",
        "HFCS": "Minor Arterial",
        "highway": "primary",
        "lanes": "3",
        "lit": "no",
        "oneway": "yes",
        "ref": "SR 84",
        "surface": "asphalt",
        "tiger:county": "Broward, FL",
        "toll": "no",
        "corridor": "I-595",
        "road": "SR 84",
        "facility": "frontage_road",
        "direction": "WB",
        "source": "OpenStreetMap / Overpass",
        "classification_basis": "OSM one-way travel direction",
        "visualization_note": "Physical frontage-road carriageway geometry; not survey/as-built."
      },
      "geometry": {
        "type": "LineString",
        "coordinates": [
          [
            -80.2016729,
            26.0854188
          ],
          [
            -80.2020102,
            26.0855839
          ],
          [
            -80.2022327,
            26.085691
          ]
        ]
      }
    }
  ]
}